-- MySQL dump 10.13  Distrib 8.0.42, for Linux (x86_64)
--
-- Host: localhost    Database: MtG_log
-- ------------------------------------------------------
-- Server version	8.0.42-0ubuntu0.24.04.1

/*!40101 SET @OLD_CHARACTER_SET_CLIENT=@@CHARACTER_SET_CLIENT */;
/*!40101 SET @OLD_CHARACTER_SET_RESULTS=@@CHARACTER_SET_RESULTS */;
/*!40101 SET @OLD_COLLATION_CONNECTION=@@COLLATION_CONNECTION */;
/*!50503 SET NAMES utf8mb4 */;
/*!40103 SET @OLD_TIME_ZONE=@@TIME_ZONE */;
/*!40103 SET TIME_ZONE='+00:00' */;
/*!40014 SET @OLD_UNIQUE_CHECKS=@@UNIQUE_CHECKS, UNIQUE_CHECKS=0 */;
/*!40014 SET @OLD_FOREIGN_KEY_CHECKS=@@FOREIGN_KEY_CHECKS, FOREIGN_KEY_CHECKS=0 */;
/*!40101 SET @OLD_SQL_MODE=@@SQL_MODE, SQL_MODE='NO_AUTO_VALUE_ON_ZERO' */;
/*!40111 SET @OLD_SQL_NOTES=@@SQL_NOTES, SQL_NOTES=0 */;

--
-- Table structure for table `colour_identities`
--

DROP TABLE IF EXISTS `colour_identities`;
/*!40101 SET @saved_cs_client     = @@character_set_client */;
/*!50503 SET character_set_client = utf8mb4 */;
CREATE TABLE `colour_identities` (
  `id` varchar(64) NOT NULL,
  `ci_name` varchar(128) NOT NULL,
  `colours` varchar(128) NOT NULL,
  `num_colours` int NOT NULL,
  PRIMARY KEY (`id`)
) ENGINE=InnoDB DEFAULT CHARSET=utf8mb4 COLLATE=utf8mb4_0900_ai_ci;
/*!40101 SET character_set_client = @saved_cs_client */;

--
-- Dumping data for table `colour_identities`
--

LOCK TABLES `colour_identities` WRITE;
/*!40000 ALTER TABLE `colour_identities` DISABLE KEYS */;
INSERT INTO `colour_identities` VALUES ('018240aa-1533-4c89-9a7e-8f7d57d849a4','Colourless','c',0),('04f42ef3-d4be-45ea-a289-031b7261ab38','Mono-white','w',1),('1447712e-0fb2-4a08-a23e-9345923f3be1','Mono-blue','u',1),('218a0838-cbe1-4308-aabb-8de17cc5873b','Mono-black','b',1),('26842c69-c93d-4ad2-8627-cbe100b600f7','Mono-red','r',1),('302f8628-53b7-44e1-8d77-2aaf65538ba8','Mono-green','g',1),('3256d58c-f465-46ff-94f7-435625da0a3a','Azorius','wu',2),('3b391a97-4c58-4132-8200-68bc2898aef9','Dimir','ub',2),('3de61941-7ac0-4230-aa3b-a8f079e64472','Rakdos','br',2),('532de6fb-59c1-487b-8931-47e70d5cefb2','Gruul','rg',2),('59cb4e07-0520-4b9e-b59c-96088df32978','Selesnya','gw',2),('5d5f6800-e325-4507-a1d5-d8689cd714b9','Orzhov','wb',2),('62eb1f23-0289-46f6-8d3e-ed016a341945','Golgari','bg',2),('702360b8-7181-41a6-b8ac-662eeace3cf2','Simic','gu',2),('71f2e91c-12aa-4358-ae0b-affd4f823cb2','Izzet','ur',2),('7aa24b49-5e15-4fef-8e2a-8f8ee2984cc9','Boros','rw',2),('7c705ad4-f0c3-467e-b480-63a9a809871c','Bant','gwu',3),('7eda5111-5c65-493c-bc32-92a6261ce547','Esper','wub',3),('880393b9-3191-4a6b-a4c5-42f97a659e2c','Grixis','ubr',3),('8a0eed82-6019-46e7-9683-21b622c859b4','Jund','brg',3),('9aa54b57-e5f0-44b6-9c26-09b357a4d54f','Naya','rgw',3),('9fb8539e-2258-4239-bc87-de29d55565e0','Mardu','rwb',3),('a3dec342-cc95-49ec-8dae-4f966da95624','Temur','gur',3),('ad5cec7a-e866-493a-a39c-a0bff8d46eef','Abzan','wbg',3),('b2f7fcf3-ce9f-4898-8d6b-d667de484db2','Jeskai','urw',3),('b5fa6356-25a5-48d5-b2dc-c08a7df6ebe9','Sultai','bgu',3),('b6092dea-04b5-4c40-a089-6d297fb86cfb','Glint-Eye','ubrg',4),('c3daee5a-4ce2-4ccd-bec1-43953ee105c5','Dune-Brood','brgw',4),('cf77b2f2-70ea-432b-8af0-46bfae139e50','Ink-Treader','rgwu',4),('d37e8574-23c4-4dd1-a017-d0b9209bac69','Witch-Maw','gwub',4),('ee1465f8-e828-4a00-baf7-adf39653c678','Yore-Tiller','wubr',4),('ff8bc843-3aa7-4cd4-9db6-c378a69f57b7','Rainbow','wubrg',5);
/*!40000 ALTER TABLE `colour_identities` ENABLE KEYS */;
UNLOCK TABLES;

--
-- Table structure for table `decks`
--

DROP TABLE IF EXISTS `decks`;
/*!40101 SET @saved_cs_client     = @@character_set_client */;
/*!50503 SET character_set_client = utf8mb4 */;
CREATE TABLE `decks` (
  `id` varchar(64) NOT NULL,
  `deck_name` varchar(128) NOT NULL,
  `player_id` varchar(64) NOT NULL,
  `colour_identity_id` varchar(64) NOT NULL,
  PRIMARY KEY (`id`),
  KEY `player_id` (`player_id`),
  KEY `colour_identity_id` (`colour_identity_id`),
  CONSTRAINT `decks_ibfk_1` FOREIGN KEY (`player_id`) REFERENCES `players` (`id`),
  CONSTRAINT `decks_ibfk_2` FOREIGN KEY (`colour_identity_id`) REFERENCES `colour_identities` (`id`)
) ENGINE=InnoDB DEFAULT CHARSET=utf8mb4 COLLATE=utf8mb4_0900_ai_ci;
/*!40101 SET character_set_client = @saved_cs_client */;

--
-- Dumping data for table `decks`
--

LOCK TABLES `decks` WRITE;
/*!40000 ALTER TABLE `decks` DISABLE KEYS */;
INSERT INTO `decks` VALUES ('00946526-be38-4f69-9beb-5f9bef6479ce','Vorinclex, Monstrous Raider','9f16663c-f653-471a-8bb3-b4eb26524b67','302f8628-53b7-44e1-8d77-2aaf65538ba8'),('01343fa2-c109-4b5e-a947-658d58bbcc07','Arahbo + Kaheera','19dd9903-d999-48c1-b84c-1b0fa33dcd15','59cb4e07-0520-4b9e-b59c-96088df32978'),('022b0928-6531-438b-9168-d0b7ab96dfa1','Prismatic Bridge','77b48305-eb0e-4fbb-bf35-db3a086dfac2','ff8bc843-3aa7-4cd4-9db6-c378a69f57b7'),('024eaa12-d1e4-40fe-a160-f39d522f9a3c','Marneus Calgar','18f2bada-2f3c-419e-921c-0fac96324e41','7eda5111-5c65-493c-bc32-92a6261ce547'),('05b50a91-3f44-4e95-a4e8-f2c03f488966','Bruvac the Grandiloquent','494925c2-0147-4381-9b5d-eb1b15622f73','1447712e-0fb2-4a08-a23e-9345923f3be1'),('05dabe56-a4d8-4077-bc7c-8b4663062a23','Katilda, Harrison\'s version','7dc39f94-11cf-46fa-b7fb-6c18b2df12ab','59cb4e07-0520-4b9e-b59c-96088df32978'),('06560d87-4029-44d8-b0b1-752daa03d6be','Deadpool, Trading Card','7d5d6490-bb57-4a6d-a268-92c6d0fc6d43','3de61941-7ac0-4230-aa3b-a8f079e64472'),('07e23f42-63ec-4c82-9ecf-4cf07ce8c901','Slimefoot & Squee','31c2bb6a-1161-4981-98ef-ca9d4cc302c6','8a0eed82-6019-46e7-9683-21b622c859b4'),('0810ddee-2d7f-4367-bbdf-24c94e080ef5','Sauron, the Dark Lord','bcd17dd0-e430-40b5-954f-9a7289a8bac7','880393b9-3191-4a6b-a4c5-42f97a659e2c'),('08182f9c-814b-47e3-9985-f39c2c48dd23','Bello, Bard of the Brambles','3f4eff16-5caf-45aa-aa83-53bc860668ca','532de6fb-59c1-487b-8931-47e70d5cefb2'),('0bef737c-68ef-4f15-81e2-49d0477d7e13','Gut / Agent of the Iron Throne','f73a2cf1-38a2-4ae6-b4d5-ea3c68f10db5','3de61941-7ac0-4230-aa3b-a8f079e64472'),('0c492525-2e36-423b-a471-ff0c41a96283','Wilhelt, the Rotcleaver','7d5d6490-bb57-4a6d-a268-92c6d0fc6d43','3b391a97-4c58-4132-8200-68bc2898aef9'),('0d79e631-f0fa-4f96-9b4b-0c6567c41403','Lonis, Cryptozoologist','31c2bb6a-1161-4981-98ef-ca9d4cc302c6','702360b8-7181-41a6-b8ac-662eeace3cf2'),('0e3d0f63-83bc-45d6-9a1f-4a16cb97eeed','Eluge','77b48305-eb0e-4fbb-bf35-db3a086dfac2','1447712e-0fb2-4a08-a23e-9345923f3be1'),('100798f6-847e-4f03-8086-076e7b243983','Felothar the Steadfast','18f2bada-2f3c-419e-921c-0fac96324e41','ad5cec7a-e866-493a-a39c-a0bff8d46eef'),('12dd34eb-c08f-4f88-8bbf-894e5ca5595c','Talion, Harrison\'s Version','7dc39f94-11cf-46fa-b7fb-6c18b2df12ab','3b391a97-4c58-4132-8200-68bc2898aef9'),('14ff2143-43f2-4e27-90c1-7d8b5849785b','Kona, Tammy\'s Version','59a0b9a8-b048-421d-869b-860ab29dc46e','302f8628-53b7-44e1-8d77-2aaf65538ba8'),('15dec003-5456-43ea-a6da-cf981333f6a5','Xyris, Hedron Grinder','bcdc66af-d20f-42e0-8bc2-21fee1c7ec26','a3dec342-cc95-49ec-8dae-4f966da95624'),('165e9bae-ff83-4a36-8c53-fe2648e2b631','Ulalek, Jay\'s version','18f2bada-2f3c-419e-921c-0fac96324e41','ff8bc843-3aa7-4cd4-9db6-c378a69f57b7'),('19d5e2cf-57d7-421a-80d4-93a9705f27ec','The Ur-Dragon, Jay\'s version','18f2bada-2f3c-419e-921c-0fac96324e41','ff8bc843-3aa7-4cd4-9db6-c378a69f57b7'),('1ca58f95-8759-4a6b-818a-89e08763e0cf','The Gitrog, Ravenous Ride','7d5d6490-bb57-4a6d-a268-92c6d0fc6d43','62eb1f23-0289-46f6-8d3e-ed016a341945'),('1d60ad87-e35e-43b7-8885-21797d13f593','Imskir Iron-Eater','9f16663c-f653-471a-8bb3-b4eb26524b67','3de61941-7ac0-4230-aa3b-a8f079e64472'),('209f1991-a09e-4566-81aa-888382e7a8b4','Zevlor, Elturel Exile','563e304f-11d3-4b7b-b5e3-85c45c362e18','880393b9-3191-4a6b-a4c5-42f97a659e2c'),('220d4a83-9cc0-418a-9b38-5f81de40edfb','Omnath, Locus of the Roil','494925c2-0147-4381-9b5d-eb1b15622f73','a3dec342-cc95-49ec-8dae-4f966da95624'),('238370d5-306e-4cde-a891-849b365ee683','Obeka, Brute Chronologist','bcdc66af-d20f-42e0-8bc2-21fee1c7ec26','880393b9-3191-4a6b-a4c5-42f97a659e2c'),('23fe3a4f-f9b0-4ad5-b002-cc4ab94d53b0','Tana / Tymna','494925c2-0147-4381-9b5d-eb1b15622f73','c3daee5a-4ce2-4ccd-bec1-43953ee105c5'),('24c080bf-53e1-45b7-aea8-5bc2bbaa3e64','Talion, Liam\'s version','494925c2-0147-4381-9b5d-eb1b15622f73','3b391a97-4c58-4132-8200-68bc2898aef9'),('258758eb-a829-4b20-8939-3f6bf8593326','Satya, Aetherflux Genius','494925c2-0147-4381-9b5d-eb1b15622f73','b2f7fcf3-ce9f-4898-8d6b-d667de484db2'),('25fa61be-722d-4a60-b7bc-d374310469ac','Kamahl / Bruse Tarl','7c847407-d519-479c-99bd-b57d01a98670','9aa54b57-e5f0-44b6-9c26-09b357a4d54f'),('262c225b-e217-491d-ad55-a604036f0893','Edgar Markov','7d5d6490-bb57-4a6d-a268-92c6d0fc6d43','9fb8539e-2258-4239-bc87-de29d55565e0'),('2763b3f9-089a-44bf-b3f6-9b47fef0e0eb','Zurzoth, Chaos Rider','31c2bb6a-1161-4981-98ef-ca9d4cc302c6','26842c69-c93d-4ad2-8627-cbe100b600f7'),('290f18f7-7580-433e-bde2-8f424c5ba464','Ghired, Conclave Exile','31c2bb6a-1161-4981-98ef-ca9d4cc302c6','9aa54b57-e5f0-44b6-9c26-09b357a4d54f'),('2948fbf6-d2d2-4fa2-a2e4-2f1354aa16f3','Glarb, Calamity\'s Augur','f73a2cf1-38a2-4ae6-b4d5-ea3c68f10db5','b5fa6356-25a5-48d5-b2dc-c08a7df6ebe9'),('2e474150-ffcc-4b73-bc27-aba7c6903a49','Atraxa, Voice of Rlyan','d44edcf1-8e22-428f-895a-fa2c0925dfc2','d37e8574-23c4-4dd1-a017-d0b9209bac69'),('38265ce2-f73d-4d47-bac2-59dd855e3c06','Atraxa, Praetors\' Voice','be1d79dd-b907-4fcc-8ead-1bd50eb01571','d37e8574-23c4-4dd1-a017-d0b9209bac69'),('39c6e3f8-706a-4599-9119-39d0f2cf9c7f','Lazav, Dimir Mastermind','31c2bb6a-1161-4981-98ef-ca9d4cc302c6','3b391a97-4c58-4132-8200-68bc2898aef9'),('3b76977c-3e34-4db2-95af-f6722a2d7ae3','Muldrotha, Jay\'s version','18f2bada-2f3c-419e-921c-0fac96324e41','b5fa6356-25a5-48d5-b2dc-c08a7df6ebe9'),('3db1934d-6259-43d8-ab66-69ccd9fc94d9','Ojer Axonil, Deepest Might','494925c2-0147-4381-9b5d-eb1b15622f73','26842c69-c93d-4ad2-8627-cbe100b600f7'),('3e6ad6b0-9330-4889-b4ac-d10bdefc618f','Tymna / Tevesh','d85f1c3e-8aad-4978-864e-d801bc912668','5d5f6800-e325-4507-a1d5-d8689cd714b9'),('41665427-53e9-41ee-a2be-cda514279e64','Neheb, Dreadhorde Champion','bcd17dd0-e430-40b5-954f-9a7289a8bac7','26842c69-c93d-4ad2-8627-cbe100b600f7'),('42ab3833-5779-48f4-bff2-1767499f8145','Zinnia, Valley\'s Voice','3f4eff16-5caf-45aa-aa83-53bc860668ca','b2f7fcf3-ce9f-4898-8d6b-d667de484db2'),('42b3d0e1-81a1-4143-945a-762f24bfeeda','Trostani, Selesnya\'s Voice','494925c2-0147-4381-9b5d-eb1b15622f73','59cb4e07-0520-4b9e-b59c-96088df32978'),('42ea8e6e-33e1-4c5c-8477-9b8858c8a560','Saheeli, Radiant Creator','a112df3f-73c0-40f6-bd5c-af4a63ff91bb','a3dec342-cc95-49ec-8dae-4f966da95624'),('442a348e-0a25-460e-9b1f-0804fb716f93','Extus, suzerain de l\'Oriq','bcdc66af-d20f-42e0-8bc2-21fee1c7ec26','5d5f6800-e325-4507-a1d5-d8689cd714b9'),('44d957db-818c-4434-9444-75cd27a40829','King of the Oathbreakers','494925c2-0147-4381-9b5d-eb1b15622f73','5d5f6800-e325-4507-a1d5-d8689cd714b9'),('46de4538-4bde-47b2-a908-4c7aa66198cd','Ojer Pakpatiq, Deepest Epoch','bcd17dd0-e430-40b5-954f-9a7289a8bac7','1447712e-0fb2-4a08-a23e-9345923f3be1'),('46f8fd84-15ba-4cea-98f2-c11992ce8cab','Zurgo Stormrender','d85f1c3e-8aad-4978-864e-d801bc912668','9fb8539e-2258-4239-bc87-de29d55565e0'),('4872bbe1-39b7-4b48-b983-bf06f56c660c','Bhaal','7c847407-d519-479c-99bd-b57d01a98670','8a0eed82-6019-46e7-9683-21b622c859b4'),('48991208-3f7e-4821-b37b-ed13839ce3a6','Esika, Tree','bcd17dd0-e430-40b5-954f-9a7289a8bac7','ff8bc843-3aa7-4cd4-9db6-c378a69f57b7'),('48c2a652-44cc-4ed7-9f14-5ca53609143f','Pako / Haldan / Jay','18f2bada-2f3c-419e-921c-0fac96324e41','a3dec342-cc95-49ec-8dae-4f966da95624'),('49f2b076-a321-4123-92b5-ab2e81a5f451','Atraxa, Unifier','18f2bada-2f3c-419e-921c-0fac96324e41','d37e8574-23c4-4dd1-a017-d0b9209bac69'),('4a1ada01-bf81-459a-b04b-de1f3e9c8627','Will, Scion of Peace','494925c2-0147-4381-9b5d-eb1b15622f73','3256d58c-f465-46ff-94f7-435625da0a3a'),('4d8f2865-164f-42ce-bd0a-c0becd03b425','Galazeth','f73a2cf1-38a2-4ae6-b4d5-ea3c68f10db5','71f2e91c-12aa-4358-ae0b-affd4f823cb2'),('4e201e62-8211-4a05-8c17-7d007309dc14','Codie, Vociferous Codex','bcd17dd0-e430-40b5-954f-9a7289a8bac7','ff8bc843-3aa7-4cd4-9db6-c378a69f57b7'),('4e22e336-4859-440b-81ec-9c3da0b5cf0c','Jadar, Ghoulcaller of Nephalia','494925c2-0147-4381-9b5d-eb1b15622f73','218a0838-cbe1-4308-aabb-8de17cc5873b'),('4e5b253e-b168-42e9-b8df-420fb7603f1c','Soundwave, Sonic Spy','d85f1c3e-8aad-4978-864e-d801bc912668','7eda5111-5c65-493c-bc32-92a6261ce547'),('506926d2-34e1-4ae2-9b0b-f35c19c2b732','Ral, Monsoon Mage','bcd17dd0-e430-40b5-954f-9a7289a8bac7','71f2e91c-12aa-4358-ae0b-affd4f823cb2'),('51f8ef38-c336-4c58-80de-4c12c5d7f925','Obeka, Splitter of Seconds','77b48305-eb0e-4fbb-bf35-db3a086dfac2','880393b9-3191-4a6b-a4c5-42f97a659e2c'),('537f76f8-21e7-41d4-a735-529c68c47992','Kaust, Eyes of the Glade','7dc39f94-11cf-46fa-b7fb-6c18b2df12ab','9aa54b57-e5f0-44b6-9c26-09b357a4d54f'),('55966c99-36e5-48a1-855c-227d114223b3','Raffine','f73a2cf1-38a2-4ae6-b4d5-ea3c68f10db5','7eda5111-5c65-493c-bc32-92a6261ce547'),('55f8c418-d5af-47bc-bf5d-1cf1f24dcaa1','Doran, the Siege Tower','494925c2-0147-4381-9b5d-eb1b15622f73','ad5cec7a-e866-493a-a39c-a0bff8d46eef'),('56c97fa8-ab16-42b1-9622-197a64fc5a9b','Tovolar','7dc39f94-11cf-46fa-b7fb-6c18b2df12ab','532de6fb-59c1-487b-8931-47e70d5cefb2'),('57089664-376e-4172-898f-735ad6ab0e04','Aminatou, Veil Piercer','7d5d6490-bb57-4a6d-a268-92c6d0fc6d43','7eda5111-5c65-493c-bc32-92a6261ce547'),('5769ecf7-fc16-4ad6-9671-10ca4f71f8d3','Darien, Life Gain','494925c2-0147-4381-9b5d-eb1b15622f73','04f42ef3-d4be-45ea-a289-031b7261ab38'),('595646ba-1f39-447b-98b4-8481ecda28ec','Shanid, Sleepers\' Scourge','d85f1c3e-8aad-4978-864e-d801bc912668','9fb8539e-2258-4239-bc87-de29d55565e0'),('59f538d7-3159-41bf-884a-49010663c67a','Rashmi & Ragavan','7c847407-d519-479c-99bd-b57d01a98670','a3dec342-cc95-49ec-8dae-4f966da95624'),('5a1b10f3-4148-497d-81ea-4ee79acfd581','Liesa, Shroud of Dusk','18f2bada-2f3c-419e-921c-0fac96324e41','5d5f6800-e325-4507-a1d5-d8689cd714b9'),('5bd08e2f-56a7-4582-bd42-822e2d2dfff7','Borbo','9f16663c-f653-471a-8bb3-b4eb26524b67','532de6fb-59c1-487b-8931-47e70d5cefb2'),('5bfad62c-3b51-4a61-afc2-275d78105a3e','Gonti, Jay\'s Night','18f2bada-2f3c-419e-921c-0fac96324e41','218a0838-cbe1-4308-aabb-8de17cc5873b'),('5c2ce523-3e36-4d11-819c-0c0d18d6ac6a','Sidar Jabari of Zhalfir','1e2dfc1d-e502-4bc3-9dd0-a64eb21d5522','7eda5111-5c65-493c-bc32-92a6261ce547'),('5c686164-6008-4aec-bb9a-be4c97b2b225','Gonti, Night Minister','bcd17dd0-e430-40b5-954f-9a7289a8bac7','218a0838-cbe1-4308-aabb-8de17cc5873b'),('5c9bca10-b0b9-419a-b676-0b983298e8d7','Rafiq of the Many','494925c2-0147-4381-9b5d-eb1b15622f73','7c705ad4-f0c3-467e-b480-63a9a809871c'),('5f53af5f-fea0-4c3d-876e-28ab7f89e6e8','Lathril, Blade of the Elves','195f2a7b-e6d2-4d69-a55e-b334f324fb0f','62eb1f23-0289-46f6-8d3e-ed016a341945'),('6114bec6-0c17-4174-886e-bdef8ffd9a50','Chatterfang, Squirrel General','d85f1c3e-8aad-4978-864e-d801bc912668','62eb1f23-0289-46f6-8d3e-ed016a341945'),('6167b0a6-7666-481b-a076-e4044239c9b1','Marneus, Raph\'s Version','83c333d4-2546-4b37-b28e-16bebb298bbd','7eda5111-5c65-493c-bc32-92a6261ce547'),('61b525b3-e16a-4011-ae78-d7c3197817c1','Magnus the Red','7d5d6490-bb57-4a6d-a268-92c6d0fc6d43','71f2e91c-12aa-4358-ae0b-affd4f823cb2'),('631c4c5d-e0f6-4f2a-879c-2f0b5ed4b19f','Kenrith Pile','7d5d6490-bb57-4a6d-a268-92c6d0fc6d43','ff8bc843-3aa7-4cd4-9db6-c378a69f57b7'),('6408be34-d9f2-45ff-81cf-9c9f97ff16b1','Big Booty Beaches','7d5d6490-bb57-4a6d-a268-92c6d0fc6d43','3256d58c-f465-46ff-94f7-435625da0a3a'),('643b247e-c4e5-4f39-8c23-ca9b673aba0d','Hope Estheim','494925c2-0147-4381-9b5d-eb1b15622f73','3256d58c-f465-46ff-94f7-435625da0a3a'),('64643a32-3b11-4d3c-9746-1f9d6edab87e','Eligeth / Esior','f73a2cf1-38a2-4ae6-b4d5-ea3c68f10db5','1447712e-0fb2-4a08-a23e-9345923f3be1'),('649594d5-e479-4984-9c7b-36caf7a81fa6','Seton, Krosan Protector','494925c2-0147-4381-9b5d-eb1b15622f73','302f8628-53b7-44e1-8d77-2aaf65538ba8'),('669eab52-3382-4787-bbf3-722e57ff53fe','Gluntch, the Bestower','d3233639-8b54-4d6e-953d-6d0701ef1d02','59cb4e07-0520-4b9e-b59c-96088df32978'),('66c75202-6a2b-45cc-b4d4-08585053e0ef','Réveiller l\'Avatar de Blood','bcdc66af-d20f-42e0-8bc2-21fee1c7ec26','3de61941-7ac0-4230-aa3b-a8f079e64472'),('68dc4c0e-23fa-4a40-9603-5d2cfb5c8177','Derevi, Empyrial Tactician','494925c2-0147-4381-9b5d-eb1b15622f73','7c705ad4-f0c3-467e-b480-63a9a809871c'),('69393a02-7e5c-499f-8005-108740dee92f','General Ferrous Rokiric','bcdc66af-d20f-42e0-8bc2-21fee1c7ec26','7aa24b49-5e15-4fef-8e2a-8f8ee2984cc9'),('69fd4dc4-83d3-4582-896a-a1583f5d704b','Karazikar, the Eye Tyrant','e8d9d866-ad37-4e72-855a-0adcb829a5c4','3de61941-7ac0-4230-aa3b-a8f079e64472'),('6b0c8676-a53c-447e-bf48-b97ae63344a7','Ziatora, the Incinerator','18f2bada-2f3c-419e-921c-0fac96324e41','8a0eed82-6019-46e7-9683-21b622c859b4'),('6b4f3267-d70e-43be-9480-45cfdf1a73b0','Arabella, Abandoned Doll','d85f1c3e-8aad-4978-864e-d801bc912668','7aa24b49-5e15-4fef-8e2a-8f8ee2984cc9'),('6b749139-d000-47d8-8e8b-870e5bf1a50a','Shorikai, Genesis Engine','56120e9c-2047-45a3-a9dd-fc68366f6e13','3256d58c-f465-46ff-94f7-435625da0a3a'),('6b77ca63-fd12-41f2-a33b-4051b08bfba2','Baylen, the Haymaker','e8d9d866-ad37-4e72-855a-0adcb829a5c4','9aa54b57-e5f0-44b6-9c26-09b357a4d54f'),('6c30333c-1ef4-4a96-9af2-537edfda94b1','Kodama of the West Tree','be1d79dd-b907-4fcc-8ead-1bd50eb01571','302f8628-53b7-44e1-8d77-2aaf65538ba8'),('6c9825d4-f46b-44f3-991a-41df3b437efe','Syrix, Carrier of the Flame','d85f1c3e-8aad-4978-864e-d801bc912668','3de61941-7ac0-4230-aa3b-a8f079e64472'),('6ee2997d-28f2-491f-96db-77a30eee335d','Minsc, Beloved Ranger','7d5d6490-bb57-4a6d-a268-92c6d0fc6d43','9aa54b57-e5f0-44b6-9c26-09b357a4d54f'),('70e716a9-a879-4372-8543-a119900ec96c','Zimone, Mystery Unraveler','9f16663c-f653-471a-8bb3-b4eb26524b67','702360b8-7181-41a6-b8ac-662eeace3cf2'),('717cfe45-350c-4e4e-8f7a-91f6e798c3fb','Scion of the Ur-Dragon','77b48305-eb0e-4fbb-bf35-db3a086dfac2','ff8bc843-3aa7-4cd4-9db6-c378a69f57b7'),('72487036-ef7a-41a6-8ee0-4a85ae394bba','Velomachus Lorehold','9f16663c-f653-471a-8bb3-b4eb26524b67','7aa24b49-5e15-4fef-8e2a-8f8ee2984cc9'),('7259b00e-4c71-43b3-9dc1-19d386c89e3e','Rionya, Fire Dancer','31c2bb6a-1161-4981-98ef-ca9d4cc302c6','26842c69-c93d-4ad2-8627-cbe100b600f7'),('7321c2f5-e8cd-4be6-8eb5-ab85098d7f4e','Arcades, the Strategist','d44edcf1-8e22-428f-895a-fa2c0925dfc2','7c705ad4-f0c3-467e-b480-63a9a809871c'),('7727335f-5d14-436e-afdd-545b1d713e34','Saskia the Unyielding','494925c2-0147-4381-9b5d-eb1b15622f73','c3daee5a-4ce2-4ccd-bec1-43953ee105c5'),('772f1935-8770-467c-a601-029fbba5abcd','Rodolf Duskbringer','77b48305-eb0e-4fbb-bf35-db3a086dfac2','5d5f6800-e325-4507-a1d5-d8689cd714b9'),('77fc2f5f-4551-484c-9551-e493f4828747','Nethroi, Apex of Death','bcdc66af-d20f-42e0-8bc2-21fee1c7ec26','ad5cec7a-e866-493a-a39c-a0bff8d46eef'),('786adef8-fff7-441c-a4de-6eab07fdacd7','Belbe, Corrupted Observer','bcd17dd0-e430-40b5-954f-9a7289a8bac7','62eb1f23-0289-46f6-8d3e-ed016a341945'),('78ff1c9d-0de4-46d9-a32b-2cb46ba54036','Tamiyo, Inquisitive Student','bcd17dd0-e430-40b5-954f-9a7289a8bac7','702360b8-7181-41a6-b8ac-662eeace3cf2'),('79da1fb8-b343-4c91-a564-bdfc9952cabc','Gishath, Sun\'s Avatar','d44edcf1-8e22-428f-895a-fa2c0925dfc2','9aa54b57-e5f0-44b6-9c26-09b357a4d54f'),('7a4d4c3c-a348-4159-94fe-a137bb3c9137','Vazi','7c847407-d519-479c-99bd-b57d01a98670','8a0eed82-6019-46e7-9683-21b622c859b4'),('7a52ab2f-ef0e-49df-9bee-d60076950b72','Malcolm / Breeches','18f2bada-2f3c-419e-921c-0fac96324e41','71f2e91c-12aa-4358-ae0b-affd4f823cb2'),('7b7c673f-413c-4e3e-ae12-449a2aa56d31','Pantlaza, Sun-Favored','7dc39f94-11cf-46fa-b7fb-6c18b2df12ab','9aa54b57-e5f0-44b6-9c26-09b357a4d54f'),('7c5959a5-8f85-4129-ae6a-0ee107aa0d22','Katilda, Dawnhart Prime','7c847407-d519-479c-99bd-b57d01a98670','59cb4e07-0520-4b9e-b59c-96088df32978'),('7c5d0ced-829c-452e-b55f-816276ac1dab','Myra the Magnificent','563e304f-11d3-4b7b-b5e3-85c45c362e18','71f2e91c-12aa-4358-ae0b-affd4f823cb2'),('7df079e3-e5ec-4632-b6f0-c4a3cb09f3f7','Yorion','bcd17dd0-e430-40b5-954f-9a7289a8bac7','3256d58c-f465-46ff-94f7-435625da0a3a'),('7f330a3d-caff-41cb-9233-a1751e4819ac','Goro-Goro and Satoru','b66ca294-dea8-4ebd-bbec-3452a1dd66de','880393b9-3191-4a6b-a4c5-42f97a659e2c'),('8254135d-febd-483a-80a6-41f7bbb48c7c','Bonny Pall / Bruse Tarl','7c847407-d519-479c-99bd-b57d01a98670','cf77b2f2-70ea-432b-8af0-46bfae139e50'),('839b690f-adcf-4901-92d1-1e87ea6393cc','Myrel','18f2bada-2f3c-419e-921c-0fac96324e41','04f42ef3-d4be-45ea-a289-031b7261ab38'),('8409dc18-df07-45ec-b0b4-2643cf1b6905','Yurlok of Scorch Thrash','494925c2-0147-4381-9b5d-eb1b15622f73','8a0eed82-6019-46e7-9683-21b622c859b4'),('84b7fcad-411a-491e-a131-51dc21ae15bd','Elsha, Threefold Master','7d5d6490-bb57-4a6d-a268-92c6d0fc6d43','b2f7fcf3-ce9f-4898-8d6b-d667de484db2'),('852f00c6-8302-4ff0-8a4b-4d4cf3ee3dbd','Brago, King Eternal','b66ca294-dea8-4ebd-bbec-3452a1dd66de','3256d58c-f465-46ff-94f7-435625da0a3a'),('86653a1f-6c3d-4add-aecb-5c71942a288f','Giada, Tammy\'s Version','59a0b9a8-b048-421d-869b-860ab29dc46e','04f42ef3-d4be-45ea-a289-031b7261ab38'),('87e1cac4-46fc-4668-8865-7846ca14de06','Queza, Augur of Agonies','76eea069-4e23-49ef-aaf0-13cee1f5dda7','7eda5111-5c65-493c-bc32-92a6261ce547'),('8a6f29dc-7363-40e6-b6e5-c6d1bfb43d1d','Sab-Sunen, Luxa Embodied','7a56904c-b702-45d2-b59c-1314f1ce7415','702360b8-7181-41a6-b8ac-662eeace3cf2'),('8ad26608-ed95-4b9e-ab80-e8b2b1a5ed11','Ratadrabik of Urborg','bcdc66af-d20f-42e0-8bc2-21fee1c7ec26','5d5f6800-e325-4507-a1d5-d8689cd714b9'),('8dc419b5-234c-4f0a-abbb-8486d57789d6','Lumra, Bellow of the Woods','1e2dfc1d-e502-4bc3-9dd0-a64eb21d5522','302f8628-53b7-44e1-8d77-2aaf65538ba8'),('8eb54151-0939-43e5-a433-defea8048355','Zur, Eternal Schemer','494925c2-0147-4381-9b5d-eb1b15622f73','7eda5111-5c65-493c-bc32-92a6261ce547'),('8fa9c10a-9a9a-4c75-bdd7-cc95d9591850','Michael, Bone Manager','7c847407-d519-479c-99bd-b57d01a98670','ad5cec7a-e866-493a-a39c-a0bff8d46eef'),('906b4c5d-123c-428b-a7e2-91c75f731d75','Ojer Kaslem, Deepest Growth','f73a2cf1-38a2-4ae6-b4d5-ea3c68f10db5','302f8628-53b7-44e1-8d77-2aaf65538ba8'),('913ce649-0495-4197-9aa4-aeb49bfa25d4','Kozilek, Butcher of Truth','be1d79dd-b907-4fcc-8ead-1bd50eb01571','018240aa-1533-4c89-9a7e-8f7d57d849a4'),('932f1a05-cce0-4e50-92c8-b18cae892930','Talion, the Kindly Lord','bcd17dd0-e430-40b5-954f-9a7289a8bac7','3b391a97-4c58-4132-8200-68bc2898aef9'),('93b07d57-1b74-49b1-8112-0a8aa4aac7fd','Galadriel, Light of Valinor','b66ca294-dea8-4ebd-bbec-3452a1dd66de','7c705ad4-f0c3-467e-b480-63a9a809871c'),('96ab08e8-30b2-4252-afac-8192840aa7fa','Zedruü au Grandcœur','bcdc66af-d20f-42e0-8bc2-21fee1c7ec26','b2f7fcf3-ce9f-4898-8d6b-d667de484db2'),('97ec6a47-7528-45b9-9e5d-eba779521a65','Toski, Bearer of Secrets','195f2a7b-e6d2-4d69-a55e-b334f324fb0f','302f8628-53b7-44e1-8d77-2aaf65538ba8'),('9a5cc41b-8fef-4599-8ce4-04f5011df4d7','Kibo, Uktabi Prince','7d5d6490-bb57-4a6d-a268-92c6d0fc6d43','532de6fb-59c1-487b-8931-47e70d5cefb2'),('9b53e34d-5231-4b0c-a318-671fee9e48d5','Magda, Brazen Outlaw','18f2bada-2f3c-419e-921c-0fac96324e41','26842c69-c93d-4ad2-8627-cbe100b600f7'),('9dd035b8-9ec5-4a35-8d9f-d6d9d8251c9e','Muldrotha','23b601f5-79fb-46f6-af7c-951a78d4e866','b5fa6356-25a5-48d5-b2dc-c08a7df6ebe9'),('9f7e5654-f890-4cf7-8d2b-413f2fa8ba2a','Tatyova, Benthic Druid','59a0b9a8-b048-421d-869b-860ab29dc46e','702360b8-7181-41a6-b8ac-662eeace3cf2'),('a0223918-8904-4dcc-8edb-614a2ac4cddd','Be\'lakor, the Dark Master','d44edcf1-8e22-428f-895a-fa2c0925dfc2','880393b9-3191-4a6b-a4c5-42f97a659e2c'),('a674ee22-1596-49c1-b951-779db6510c1e','The Gitrog Monster','f73a2cf1-38a2-4ae6-b4d5-ea3c68f10db5','62eb1f23-0289-46f6-8d3e-ed016a341945'),('a77d6052-a2fa-455e-9091-b495afab210c','Sephiroth, Fabled SOLDIER','f73a2cf1-38a2-4ae6-b4d5-ea3c68f10db5','218a0838-cbe1-4308-aabb-8de17cc5873b'),('a8155b8d-4ec4-403f-b6d0-08464fe9d51e','Isshin, Two Heavens as One','494925c2-0147-4381-9b5d-eb1b15622f73','9fb8539e-2258-4239-bc87-de29d55565e0'),('a86e51f7-3362-4398-8e39-7b84776379af','Bilbo B\'day','7d5d6490-bb57-4a6d-a268-92c6d0fc6d43','ad5cec7a-e866-493a-a39c-a0bff8d46eef'),('aa452e24-87f9-4533-96de-81112fc5adfc','Gylwain, Casting Director','bcd17dd0-e430-40b5-954f-9a7289a8bac7','59cb4e07-0520-4b9e-b59c-96088df32978'),('ab71cf77-6266-437b-8209-96c43fce1ae2','Hashaton, Scarab\'s Fist','18f2bada-2f3c-419e-921c-0fac96324e41','7eda5111-5c65-493c-bc32-92a6261ce547'),('abe30b6a-a079-453d-a23f-2e3416afdc76','Delney','7d5d6490-bb57-4a6d-a268-92c6d0fc6d43','04f42ef3-d4be-45ea-a289-031b7261ab38'),('ac734230-b3dc-4fee-b833-02a571d3e8cd','Teysa, Orzhov Scion','19dd9903-d999-48c1-b84c-1b0fa33dcd15','5d5f6800-e325-4507-a1d5-d8689cd714b9'),('b008d2cb-fd63-4530-bab9-e4944bfae79f','Valgavoth, Harrower','18f2bada-2f3c-419e-921c-0fac96324e41','3de61941-7ac0-4230-aa3b-a8f079e64472'),('b05190f1-846f-42db-aa67-844530c29f9c','Kruphix, God of Horizons','23b601f5-79fb-46f6-af7c-951a78d4e866','702360b8-7181-41a6-b8ac-662eeace3cf2'),('b068dd04-c755-4ed8-ba47-e9ce6a1bf9fc','King Darien XLVIII','f73a2cf1-38a2-4ae6-b4d5-ea3c68f10db5','59cb4e07-0520-4b9e-b59c-96088df32978'),('b1258ee1-fd42-4100-8dbe-911669dee69b','Soul of Lord Windgrace','bcdc66af-d20f-42e0-8bc2-21fee1c7ec26','8a0eed82-6019-46e7-9683-21b622c859b4'),('b3d362cf-bf31-4826-8056-adfec5fac8a4','Giada','f73a2cf1-38a2-4ae6-b4d5-ea3c68f10db5','04f42ef3-d4be-45ea-a289-031b7261ab38'),('b4ca3969-1344-441a-8951-f922588ec2ce','Strefan, Maurer Progenitor','7dc39f94-11cf-46fa-b7fb-6c18b2df12ab','3de61941-7ac0-4230-aa3b-a8f079e64472'),('b6b1cfef-78e4-4fff-a30a-15bad0280f2b','Isshin','18f2bada-2f3c-419e-921c-0fac96324e41','9fb8539e-2258-4239-bc87-de29d55565e0'),('b7eebdbf-6687-46b5-877e-db9365f0bd5d','Niv-Mizzet revenu à la vie','bcdc66af-d20f-42e0-8bc2-21fee1c7ec26','ff8bc843-3aa7-4cd4-9db6-c378a69f57b7'),('b8472b31-2112-4a45-a65a-db34e707b714','Adrix and Nev, Twincasters','d44edcf1-8e22-428f-895a-fa2c0925dfc2','702360b8-7181-41a6-b8ac-662eeace3cf2'),('b8f53693-b499-45ae-99ba-af038f7f0652','Kwain, Itinerant Meddler','f73a2cf1-38a2-4ae6-b4d5-ea3c68f10db5','3256d58c-f465-46ff-94f7-435625da0a3a'),('b908ec91-2033-45fd-9eb7-38fc5faed190','Ayara, First of Locthwain','f73a2cf1-38a2-4ae6-b4d5-ea3c68f10db5','218a0838-cbe1-4308-aabb-8de17cc5873b'),('badbc1cf-ac60-4c25-9210-3bdd8caddca4','Ghyrson Starn, Kelermorph','494925c2-0147-4381-9b5d-eb1b15622f73','71f2e91c-12aa-4358-ae0b-affd4f823cb2'),('bc5bc0b0-9a3c-4276-9b90-9e774d7bdfee','Jirina Kudro','3b184dac-b916-4e8a-b918-14845b26953a','9fb8539e-2258-4239-bc87-de29d55565e0'),('bd278c78-f307-44b5-a230-fb2e040cfd16','Valgavoth, Terror Eater','9f16663c-f653-471a-8bb3-b4eb26524b67','218a0838-cbe1-4308-aabb-8de17cc5873b'),('be4f8b84-66ba-48f2-8127-c33d11a8ee3f','Amber Gristle O\'Maul / Agent of the Shadow Thieves','d58dd8c4-664c-4afc-b2f7-a62b2c737325','3de61941-7ac0-4230-aa3b-a8f079e64472'),('be76f907-25f4-4745-ac8c-93b62d50b6ed','Saruman, the White Hand','446bbf78-3c3a-4105-8740-c5b4368655a9','880393b9-3191-4a6b-a4c5-42f97a659e2c'),('becdf6ca-5c98-4143-9cbf-403bb4d191db','Takeno, Samurai General','494925c2-0147-4381-9b5d-eb1b15622f73','04f42ef3-d4be-45ea-a289-031b7261ab38'),('bee882b3-8bbc-472d-80fa-d683adc8468c','K\'rrik, Son of Yawgmoth','18f2bada-2f3c-419e-921c-0fac96324e41','218a0838-cbe1-4308-aabb-8de17cc5873b'),('c1c7dc9b-4223-4172-a82f-1fe434305cf8','Lord of the Nazgûl','f73a2cf1-38a2-4ae6-b4d5-ea3c68f10db5','3b391a97-4c58-4132-8200-68bc2898aef9'),('c783e60d-098e-4ca2-a796-34b70b585a8e','Felothar, John\'s version','56120e9c-2047-45a3-a9dd-fc68366f6e13','ad5cec7a-e866-493a-a39c-a0bff8d46eef'),('c8114f49-4b6a-4226-8c1c-bebda97b36ec','Zimone, Jay\'s Version','18f2bada-2f3c-419e-921c-0fac96324e41','702360b8-7181-41a6-b8ac-662eeace3cf2'),('ca12ce09-d714-44dd-82c1-89dc2de5e9c1','Atraxa, voix des praetors','bcdc66af-d20f-42e0-8bc2-21fee1c7ec26','d37e8574-23c4-4dd1-a017-d0b9209bac69'),('ca9b784d-3d39-49dd-80a0-08ea10ab0008','Kona, Rescue Beastie','7d5d6490-bb57-4a6d-a268-92c6d0fc6d43','302f8628-53b7-44e1-8d77-2aaf65538ba8'),('cc69760a-8a3b-4262-9ea1-0d93882bac56','The Ur-Dragon','d44edcf1-8e22-428f-895a-fa2c0925dfc2','ff8bc843-3aa7-4cd4-9db6-c378a69f57b7'),('cd799e44-78ea-4646-a733-ccef1e6e5f88','Flamewar, Brash Veteran','d58dd8c4-664c-4afc-b2f7-a62b2c737325','3de61941-7ac0-4230-aa3b-a8f079e64472'),('ce3adffa-6113-48f4-baa2-ade8b4f312bf','Lotho','f73a2cf1-38a2-4ae6-b4d5-ea3c68f10db5','5d5f6800-e325-4507-a1d5-d8689cd714b9'),('cf9a7ad7-abae-4b90-9496-26c882024bef','Edward Kenway','d85f1c3e-8aad-4978-864e-d801bc912668','880393b9-3191-4a6b-a4c5-42f97a659e2c'),('d0b7e74f-4075-4f3f-b9c0-9a3794a671f7','Mendicant Core, Guidelight','18f2bada-2f3c-419e-921c-0fac96324e41','3256d58c-f465-46ff-94f7-435625da0a3a'),('d12ac641-ebbd-4132-9cf4-58e40f6b455c','Hazel of the Rootbloom','7dc39f94-11cf-46fa-b7fb-6c18b2df12ab','62eb1f23-0289-46f6-8d3e-ed016a341945'),('d166c651-2f14-4c54-a28d-bcb6990f8772','Imodane','f73a2cf1-38a2-4ae6-b4d5-ea3c68f10db5','26842c69-c93d-4ad2-8627-cbe100b600f7'),('d2ffa687-7f8d-4767-98b3-385a9993a185','Kess, Dissident Mage','bcd17dd0-e430-40b5-954f-9a7289a8bac7','880393b9-3191-4a6b-a4c5-42f97a659e2c'),('d3d37755-b2d6-44f3-8e13-91d3931e45e6','Ulalek, Fused Atrocity','446bbf78-3c3a-4105-8740-c5b4368655a9','ff8bc843-3aa7-4cd4-9db6-c378a69f57b7'),('d4a48080-dad4-4f12-abd6-12b28484851c','Kambal, Profiteering Mayor','7a56904c-b702-45d2-b59c-1314f1ce7415','5d5f6800-e325-4507-a1d5-d8689cd714b9'),('d64b913c-21f7-4fee-952b-0039213ffd39','Eriette, the Beguiler','e8d9d866-ad37-4e72-855a-0adcb829a5c4','7eda5111-5c65-493c-bc32-92a6261ce547'),('d8416609-6ecc-4cfc-b5c4-3abbb14cae08','Disa the Restless','195f2a7b-e6d2-4d69-a55e-b334f324fb0f','8a0eed82-6019-46e7-9683-21b622c859b4'),('d8812af8-6d6f-45e5-bc68-923f27eb82d6','Prosper, Tome-Bound','494925c2-0147-4381-9b5d-eb1b15622f73','3de61941-7ac0-4230-aa3b-a8f079e64472'),('d9247883-d3f8-49d2-a867-b25342ecb7a9','Flubs, the Fool','d44edcf1-8e22-428f-895a-fa2c0925dfc2','a3dec342-cc95-49ec-8dae-4f966da95624'),('d9e2a41f-6f60-4ec0-a45a-9595cc725536','Yawgmoth, Thran Physician','7d5d6490-bb57-4a6d-a268-92c6d0fc6d43','218a0838-cbe1-4308-aabb-8de17cc5873b'),('de371ab6-9405-44c3-ad46-283a8d2ef61c','Ardenn / Kediss','f73a2cf1-38a2-4ae6-b4d5-ea3c68f10db5','7aa24b49-5e15-4fef-8e2a-8f8ee2984cc9'),('de4339fc-995c-47b3-ac03-78ea1127f612','General Kreat, the Boltbringer','7d5d6490-bb57-4a6d-a268-92c6d0fc6d43','26842c69-c93d-4ad2-8627-cbe100b600f7'),('e17b86a1-3438-4b49-8200-5e2425938ac0','Camellia, the Seedmiser','d85f1c3e-8aad-4978-864e-d801bc912668','62eb1f23-0289-46f6-8d3e-ed016a341945'),('e3f0f406-d3af-4367-889e-e762ce0f13a2','Hans Eriksson','31c2bb6a-1161-4981-98ef-ca9d4cc302c6','532de6fb-59c1-487b-8931-47e70d5cefb2'),('e464e664-b784-4cce-b74b-74e54a7ce34a','Lathril, John\'s version','56120e9c-2047-45a3-a9dd-fc68366f6e13','62eb1f23-0289-46f6-8d3e-ed016a341945'),('e4724d28-0c10-4fa4-a7de-4b19a8ec2006','Massacre Girl, Known Killer','e8d9d866-ad37-4e72-855a-0adcb829a5c4','218a0838-cbe1-4308-aabb-8de17cc5873b'),('e527deb5-3666-4385-a3ef-f3ae959e20ea','Nekusar, the Mindrazer','494925c2-0147-4381-9b5d-eb1b15622f73','880393b9-3191-4a6b-a4c5-42f97a659e2c'),('e78b51b9-b24c-4e45-af5f-3f7cada7d940','Karn, Legacy Reforged','494925c2-0147-4381-9b5d-eb1b15622f73','018240aa-1533-4c89-9a7e-8f7d57d849a4'),('e8c4d1cd-1942-48a6-8753-d0a4ddb11eed','Toluz, Clever Conductor','bcd17dd0-e430-40b5-954f-9a7289a8bac7','7eda5111-5c65-493c-bc32-92a6261ce547'),('eb4da95a-3502-41dd-86eb-e19c9991cf5e','Jhoira, Weatherlight Captain','23b601f5-79fb-46f6-af7c-951a78d4e866','71f2e91c-12aa-4358-ae0b-affd4f823cb2'),('eba29714-2b90-46df-bedb-03208008e068','Atraxa, Voice','18f2bada-2f3c-419e-921c-0fac96324e41','d37e8574-23c4-4dd1-a017-d0b9209bac69'),('ef08081a-0051-42bb-8aa6-3d0f29c4f9e3','Merry / Pippin','f73a2cf1-38a2-4ae6-b4d5-ea3c68f10db5','ad5cec7a-e866-493a-a39c-a0bff8d46eef'),('f00886fd-4b70-49cc-ae8c-559771faa840','Atraxa, Poison','77b48305-eb0e-4fbb-bf35-db3a086dfac2','d37e8574-23c4-4dd1-a017-d0b9209bac69'),('f4f18bd4-14cb-4afb-abf4-620c0d35aa5d','Lagrella, the Magpie','31c2bb6a-1161-4981-98ef-ca9d4cc302c6','7c705ad4-f0c3-467e-b480-63a9a809871c'),('f52e8e9d-cb1e-45fe-bd4b-8f95dc217e6c','Aesi','7c847407-d519-479c-99bd-b57d01a98670','702360b8-7181-41a6-b8ac-662eeace3cf2'),('f52fc067-9d67-4276-a812-ecc0378f849a','Captain Howler, Sea Scourge','494925c2-0147-4381-9b5d-eb1b15622f73','71f2e91c-12aa-4358-ae0b-affd4f823cb2'),('f591b97b-d4c2-42f6-b7d0-689e9ce6c8d0','Pako / Haldan','b1c07638-7936-4452-a0eb-90f7ff1958e8','a3dec342-cc95-49ec-8dae-4f966da95624'),('f7547774-5f5a-4ffe-ab70-c63e31f81fa5','Yuriko, the Tiger\'s Shadow','d85f1c3e-8aad-4978-864e-d801bc912668','3b391a97-4c58-4132-8200-68bc2898aef9'),('f76b4c40-3f06-4638-8053-5f1d96517fe7','Zaxara, the Exemplary','bcdc66af-d20f-42e0-8bc2-21fee1c7ec26','b5fa6356-25a5-48d5-b2dc-c08a7df6ebe9'),('f7ce0b25-a6ad-4a49-9f29-8b87080d8221','Mirko, Obsessive Theorist','e8d9d866-ad37-4e72-855a-0adcb829a5c4','3b391a97-4c58-4132-8200-68bc2898aef9'),('f80a4b47-bbad-4129-b37f-5aa21696d47b','Shitterfang','d85f1c3e-8aad-4978-864e-d801bc912668','62eb1f23-0289-46f6-8d3e-ed016a341945'),('f85e81b1-e5b8-4d04-9d82-0b593c39fdf3','Obeka, Jay\'s version','18f2bada-2f3c-419e-921c-0fac96324e41','880393b9-3191-4a6b-a4c5-42f97a659e2c');
/*!40000 ALTER TABLE `decks` ENABLE KEYS */;
UNLOCK TABLES;

--
-- Table structure for table `games`
--

DROP TABLE IF EXISTS `games`;
/*!40101 SET @saved_cs_client     = @@character_set_client */;
/*!50503 SET character_set_client = utf8mb4 */;
CREATE TABLE `games` (
  `id` varchar(64) NOT NULL,
  `game_name` varchar(1024) DEFAULT NULL,
  `month` varchar(16) DEFAULT NULL,
  `year` int DEFAULT NULL,
  `start_time` datetime DEFAULT NULL,
  `end_time` datetime DEFAULT NULL,
  `game_time` varchar(64) DEFAULT NULL,
  `game_turns` int DEFAULT NULL,
  `winning_deck_id` varchar(64) DEFAULT NULL,
  `winning_player_id` varchar(64) DEFAULT NULL,
  PRIMARY KEY (`id`),
  KEY `games_ibfk_1` (`winning_deck_id`),
  KEY `games_ibfk_2` (`winning_player_id`),
  CONSTRAINT `games_ibfk_1` FOREIGN KEY (`winning_deck_id`) REFERENCES `decks` (`id`),
  CONSTRAINT `games_ibfk_2` FOREIGN KEY (`winning_player_id`) REFERENCES `players` (`id`)
) ENGINE=InnoDB DEFAULT CHARSET=utf8mb4 COLLATE=utf8mb4_0900_ai_ci;
/*!40101 SET character_set_client = @saved_cs_client */;

--
-- Dumping data for table `games`
--

LOCK TABLES `games` WRITE;
/*!40000 ALTER TABLE `games` DISABLE KEYS */;
INSERT INTO `games` VALUES ('0649271b-e024-4e6a-83a2-2a92a019f2f6','2025-03-08 16:04 - 17:55','March',2025,'2025-03-08 16:04:00','2025-03-08 17:55:00','1:51:00',14,'a86e51f7-3362-4398-8e39-7b84776379af','7d5d6490-bb57-4a6d-a268-92c6d0fc6d43'),('07fe3853-8261-4f31-8a4c-b776c6840a61','2025-01-13 19:05 - 20:08','January',2025,'2025-01-13 19:05:00','2025-01-13 20:08:00','1:03:00',8,'8ad26608-ed95-4b9e-ab80-e8b2b1a5ed11','bcdc66af-d20f-42e0-8bc2-21fee1c7ec26'),('0f334929-595b-430a-bb32-5f7366e50466','2025-06-27 18:55 - 21:07','June',2025,'2025-06-27 18:55:00','2025-06-27 21:07:00','2:12:00',11,'e17b86a1-3438-4b49-8200-5e2425938ac0','d85f1c3e-8aad-4978-864e-d801bc912668'),('0f69f73c-fb2c-4218-bf53-3b5ec846adae','2025-03-07 17:00 - 17:30','March',2025,'2025-03-07 17:00:00','2025-03-07 17:30:00','0:30:00',6,'15dec003-5456-43ea-a6da-cf981333f6a5','bcdc66af-d20f-42e0-8bc2-21fee1c7ec26'),('1050194c-a955-45e7-938b-363caece8886','2025-04-21 17:09 - 18:34','April',2025,'2025-04-21 17:09:00','2025-04-21 18:34:00','1:25:00',16,'f76b4c40-3f06-4638-8053-5f1d96517fe7','bcdc66af-d20f-42e0-8bc2-21fee1c7ec26'),('11225d16-7186-4f51-87c2-3b21f20c585a','2025-05-19 17:48 - 19:48','May',2025,'2025-05-19 17:48:00','2025-05-19 19:48:00','2:00:00',12,'96ab08e8-30b2-4252-afac-8192840aa7fa','bcdc66af-d20f-42e0-8bc2-21fee1c7ec26'),('1136c52a-f381-4b3e-bec9-30343c73cfcd','2025-05-30 20:20 - 21:07','May',2025,'2025-05-30 20:20:00','2025-05-30 21:07:00','0:47:00',7,'b008d2cb-fd63-4530-bab9-e4944bfae79f','18f2bada-2f3c-419e-921c-0fac96324e41'),('11e45865-09b3-4c32-aafe-18caaaed35cb','2025-06-02 17:29 - 19:29','June',2025,'2025-06-02 17:29:00','2025-06-02 19:29:00','2:00:00',12,'e527deb5-3666-4385-a3ef-f3ae959e20ea','494925c2-0147-4381-9b5d-eb1b15622f73'),('1217acdf-69eb-4639-bf41-cff417438ac0','2025-02-22 20:34 - 22:23','February',2025,'2025-02-22 20:34:00','2025-02-22 22:23:00','1:49:00',9,'e4724d28-0c10-4fa4-a7de-4b19a8ec2006','e8d9d866-ad37-4e72-855a-0adcb829a5c4'),('13720487-1a8f-45a7-89f0-83459ae89cb0','2025-03-14 19:10 - 20:02','March',2025,'2025-03-14 19:10:00','2025-03-14 20:02:00','0:52:00',8,'69393a02-7e5c-499f-8005-108740dee92f','bcdc66af-d20f-42e0-8bc2-21fee1c7ec26'),('151da2de-5755-4c77-9f1c-cbf96dd83388','2025-02-14 17:13 - 18:41','February',2025,'2025-02-14 17:13:00','2025-02-14 18:41:00','1:28:00',10,'61b525b3-e16a-4011-ae78-d7c3197817c1','7d5d6490-bb57-4a6d-a268-92c6d0fc6d43'),('162cb95b-accf-4ed8-a25c-833db7546804','2025-03-31 17:10 - 18:25','March',2025,'2025-03-31 17:10:00','2025-03-31 18:25:00','1:15:00',13,'0810ddee-2d7f-4367-bbdf-24c94e080ef5','bcd17dd0-e430-40b5-954f-9a7289a8bac7'),('197015dd-ae91-41a3-9be5-34bfdfc802e1','2025-03-21 20:57 - 21:19','March',2025,'2025-03-21 20:57:00','2025-03-21 21:19:00','0:22:00',7,'b908ec91-2033-45fd-9eb7-38fc5faed190','f73a2cf1-38a2-4ae6-b4d5-ea3c68f10db5'),('19eb3519-36b6-408d-9eec-1cd7a9f75c74','2025-03-02 17:39 - 18:40','March',2025,'2025-03-02 17:39:00','2025-03-02 18:40:00','1:01:00',6,'506926d2-34e1-4ae2-9b0b-f35c19c2b732','bcd17dd0-e430-40b5-954f-9a7289a8bac7'),('1a6d0aaa-0ea6-486f-9ba8-da981fddbc1a','2025-06-23 20:03 - 21:20','June',2025,'2025-06-23 20:03:00','2025-06-23 21:20:00','1:17:00',12,'96ab08e8-30b2-4252-afac-8192840aa7fa','bcdc66af-d20f-42e0-8bc2-21fee1c7ec26'),('1b117a04-2c93-43f6-9c32-682fca6d683e','2025-05-23 19:51 - 20:45','May',2025,'2025-05-23 19:51:00','2025-05-23 20:45:00','0:54:00',8,'b008d2cb-fd63-4530-bab9-e4944bfae79f','18f2bada-2f3c-419e-921c-0fac96324e41'),('1cacea59-3e9f-4d22-9cb8-f93ef07f87a1','2025-04-23 17:52 - 18:41','April',2025,'2025-04-23 17:52:00','2025-04-23 18:41:00','0:49:00',8,'100798f6-847e-4f03-8086-076e7b243983','18f2bada-2f3c-419e-921c-0fac96324e41'),('1d421e68-5f02-4c25-9ed9-e44f9a366905','2025-06-16 20:10 - 20:39','June',2025,'2025-06-16 20:10:00','2025-06-16 20:39:00','0:29:00',6,'0d79e631-f0fa-4f96-9b4b-0c6567c41403','31c2bb6a-1161-4981-98ef-ca9d4cc302c6'),('1dfc4fba-91fe-4208-b23b-7de92d4e05ba','2025-01-31 22:53 - 23:43','January',2025,'2025-01-31 22:53:00','2025-01-31 23:43:00','0:50:00',8,'ce3adffa-6113-48f4-baa2-ade8b4f312bf','f73a2cf1-38a2-4ae6-b4d5-ea3c68f10db5'),('1f3e1099-c1bc-4145-aee1-67a21f488f01','2025-01-20 19:31 - 19:57','January',2025,'2025-01-20 19:31:00','2025-01-20 19:57:00','0:26:00',7,'e527deb5-3666-4385-a3ef-f3ae959e20ea','494925c2-0147-4381-9b5d-eb1b15622f73'),('22b0b412-00a4-4119-ad1a-e3def403141e','2025-03-31 20:15 - 20:50','March',2025,'2025-03-31 20:15:00','2025-03-31 20:50:00','0:35:00',7,'69393a02-7e5c-499f-8005-108740dee92f','bcdc66af-d20f-42e0-8bc2-21fee1c7ec26'),('2332ba9a-fef0-4d43-b36e-8d76ce0e3363','2025-03-31 19:30 - 20:15','March',2025,'2025-03-31 19:30:00','2025-03-31 20:15:00','0:45:00',7,'7df079e3-e5ec-4632-b6f0-c4a3cb09f3f7','bcd17dd0-e430-40b5-954f-9a7289a8bac7'),('24974fa0-0ae7-4ed2-8d18-89ee4b381a89','2025-04-30 21:05 - 21:26','April',2025,'2025-04-30 21:05:00','2025-04-30 21:26:00','0:21:00',7,'69393a02-7e5c-499f-8005-108740dee92f','bcdc66af-d20f-42e0-8bc2-21fee1c7ec26'),('2625085c-df07-47d6-b548-d5ba49c788f0','2025-01-17 19:42 - 20:33','January',2025,'2025-01-17 19:42:00','2025-01-17 20:33:00','0:51:00',6,'51f8ef38-c336-4c58-80de-4c12c5d7f925','77b48305-eb0e-4fbb-bf35-db3a086dfac2'),('262d050a-4ce3-4fa3-b8d9-34137450c7a7','2025-06-16 18:40 - 19:32','June',2025,'2025-06-16 18:40:00','2025-06-16 19:32:00','0:52:00',7,'a77d6052-a2fa-455e-9091-b495afab210c','f73a2cf1-38a2-4ae6-b4d5-ea3c68f10db5'),('27ff2a95-6669-4d26-a0c2-82c6afcd8227','2025-01-17 20:43 - 21:32','January',2025,'2025-01-17 20:43:00','2025-01-17 21:32:00','0:49:00',9,'f76b4c40-3f06-4638-8053-5f1d96517fe7','bcdc66af-d20f-42e0-8bc2-21fee1c7ec26'),('28f6560b-4123-4fe4-bfc4-45dc14229b28','2025-03-24 17:16 - 18:01','March',2025,'2025-03-24 17:16:00','2025-03-24 18:01:00','0:45:00',8,'e527deb5-3666-4385-a3ef-f3ae959e20ea','494925c2-0147-4381-9b5d-eb1b15622f73'),('2910eaa1-db01-4f12-b193-b936b18be4d7','2025-04-30 19:50 - 20:57','April',2025,'2025-04-30 19:50:00','2025-04-30 20:57:00','1:07:00',9,'15dec003-5456-43ea-a6da-cf981333f6a5','bcdc66af-d20f-42e0-8bc2-21fee1c7ec26'),('2a42a89e-6127-47a2-91b9-8225f9c1a24e','2025-06-27 21:12 - 21:50','June',2025,'2025-06-27 21:12:00','2025-06-27 21:50:00','0:38:00',7,'a77d6052-a2fa-455e-9091-b495afab210c','f73a2cf1-38a2-4ae6-b4d5-ea3c68f10db5'),('2a557f47-2907-46e0-ac00-5d1c4f249214','2025-04-25 21:11 - 21:52','April',2025,'2025-04-25 21:11:00','2025-04-25 21:52:00','0:41:00',6,'69393a02-7e5c-499f-8005-108740dee92f','bcdc66af-d20f-42e0-8bc2-21fee1c7ec26'),('2c250a82-c806-4f94-95e1-942e6d773667','2025-01-31 16:53 - 17:55','January',2025,'2025-01-31 16:53:00','2025-01-31 17:55:00','1:02:00',6,'15dec003-5456-43ea-a6da-cf981333f6a5','bcdc66af-d20f-42e0-8bc2-21fee1c7ec26'),('2cb4f0ab-53fc-4c48-bb6c-0d34faa4bab0','2025-01-27 18:46 - 19:25','January',2025,'2025-01-27 18:46:00','2025-01-27 19:25:00','0:39:00',8,'bd278c78-f307-44b5-a230-fb2e040cfd16','9f16663c-f653-471a-8bb3-b4eb26524b67'),('2ed46b9a-8036-4d83-9454-a5c1f2275600','2025-01-27 19:32 - 20:25','January',2025,'2025-01-27 19:32:00','2025-01-27 20:25:00','0:53:00',10,'d9e2a41f-6f60-4ec0-a45a-9595cc725536','7d5d6490-bb57-4a6d-a268-92c6d0fc6d43'),('2f540bd1-183e-44fe-aad9-633e4d319d8d','2025-02-14 21:00 - 21:32','February',2025,'2025-02-14 21:00:00','2025-02-14 21:32:00','0:32:00',8,'77fc2f5f-4551-484c-9551-e493f4828747','bcdc66af-d20f-42e0-8bc2-21fee1c7ec26'),('3287a41e-23ee-46ae-822d-eb4cc35f8753','2025-02-17 17:33 - 19:30','February',2025,'2025-02-17 17:33:00','2025-02-17 19:30:00','1:57:00',14,'b3d362cf-bf31-4826-8056-adfec5fac8a4','f73a2cf1-38a2-4ae6-b4d5-ea3c68f10db5'),('32d2b229-667e-4452-a69a-e9b108bfa5d0','2025-05-05 20:10 - 21:19','May',2025,'2025-05-05 20:10:00','2025-05-05 21:19:00','1:09:00',7,'8eb54151-0939-43e5-a433-defea8048355','494925c2-0147-4381-9b5d-eb1b15622f73'),('33c11c8e-0601-4c52-9183-3c286a43dbd2','2025-03-03 18:12 - 19:24','March',2025,'2025-03-03 18:12:00','2025-03-03 19:24:00','1:12:00',9,'7df079e3-e5ec-4632-b6f0-c4a3cb09f3f7','bcd17dd0-e430-40b5-954f-9a7289a8bac7'),('387b256d-5a06-46ec-8cce-e8fac43d8181','2025-03-02 18:50 - 19:38','March',2025,'2025-03-02 18:50:00','2025-03-02 19:38:00','0:48:00',7,'78ff1c9d-0de4-46d9-a32b-2cb46ba54036','bcd17dd0-e430-40b5-954f-9a7289a8bac7'),('391fe186-fbcb-4419-8f1f-9d16de14cf92','2025-06-13 17:07 - 18:37','June',2025,'2025-06-13 17:07:00','2025-06-13 18:37:00','1:30:00',12,'64643a32-3b11-4d3c-9746-1f9d6edab87e','f73a2cf1-38a2-4ae6-b4d5-ea3c68f10db5'),('3bef1983-376b-441e-a824-e80562c9d50a','2025-03-08 20:00 - 21:00','March',2025,'2025-03-08 20:00:00','2025-03-08 21:00:00','1:00:00',8,'ce3adffa-6113-48f4-baa2-ade8b4f312bf','f73a2cf1-38a2-4ae6-b4d5-ea3c68f10db5'),('3f542fa2-9ae7-4b8c-aa07-e236613584c9','2025-06-30 17:33 - 19:28','June',2025,'2025-06-30 17:33:00','2025-06-30 19:28:00','1:55:00',14,'07e23f42-63ec-4c82-9ecf-4cf07ce8c901','31c2bb6a-1161-4981-98ef-ca9d4cc302c6'),('4093f31c-6122-4f82-bd5d-40140ffc585b','2025-03-17 19:35 - 20:48','March',2025,'2025-03-17 19:35:00','2025-03-17 20:48:00','1:13:00',8,'d9e2a41f-6f60-4ec0-a45a-9595cc725536','7d5d6490-bb57-4a6d-a268-92c6d0fc6d43'),('40e6e255-028a-433f-a3f6-2f5898899415','2025-06-16 20:44 - 21:16','June',2025,'2025-06-16 20:44:00','2025-06-16 21:16:00','0:32:00',7,'c1c7dc9b-4223-4172-a82f-1fe434305cf8','f73a2cf1-38a2-4ae6-b4d5-ea3c68f10db5'),('42478984-e68c-418f-aee4-2a7d24383ad4','2025-05-19 19:56 - 21:14','May',2025,'2025-05-19 19:56:00','2025-05-19 21:14:00','1:18:00',8,'f52e8e9d-cb1e-45fe-bd4b-8f95dc217e6c','7c847407-d519-479c-99bd-b57d01a98670'),('4414f4d8-2f9a-4ed1-a871-fe1d5b3deb22','2025-04-07 19:15 - 20:46','April',2025,'2025-04-07 19:15:00','2025-04-07 20:46:00','1:31:00',10,'8eb54151-0939-43e5-a433-defea8048355','494925c2-0147-4381-9b5d-eb1b15622f73'),('4551e1c1-3403-4ad8-9f22-003406c33892','2025-02-24 19:57 - 21:15','February',2025,'2025-02-24 19:57:00','2025-02-24 21:15:00','1:18:00',9,'b1258ee1-fd42-4100-8dbe-911669dee69b','bcdc66af-d20f-42e0-8bc2-21fee1c7ec26'),('45df0fc8-1600-46ec-82e0-67269254561d','2025-04-02 20:08 - 21:11','April',2025,'2025-04-02 20:08:00','2025-04-02 21:11:00','1:03:00',9,'6b4f3267-d70e-43be-9480-45cfdf1a73b0','d85f1c3e-8aad-4978-864e-d801bc912668'),('46153da3-8539-40ef-9b32-ff7e02c6aaaf','2025-05-23 18:01 - 19:48','May',2025,'2025-05-23 18:01:00','2025-05-23 19:48:00','1:47:00',11,'abe30b6a-a079-453d-a23f-2e3416afdc76','7d5d6490-bb57-4a6d-a268-92c6d0fc6d43'),('46dab3ef-9a4d-40ea-98c1-a6304b8cda10','2025-04-07 18:09 - 19:01','April',2025,'2025-04-07 18:09:00','2025-04-07 19:01:00','0:52:00',7,'8ad26608-ed95-4b9e-ab80-e8b2b1a5ed11','bcdc66af-d20f-42e0-8bc2-21fee1c7ec26'),('47037c12-333c-4286-a112-4ac533a19025','2025-05-30 21:13 - 22:13','May',2025,'2025-05-30 21:13:00','2025-05-30 22:13:00','1:00:00',9,'b6b1cfef-78e4-4fff-a30a-15bad0280f2b','18f2bada-2f3c-419e-921c-0fac96324e41'),('4a471d14-3537-43b5-911b-10fbd3062dee','2025-05-30 19:35 - 20:14','May',2025,'2025-05-30 19:35:00','2025-05-30 20:14:00','0:39:00',7,'ce3adffa-6113-48f4-baa2-ade8b4f312bf','f73a2cf1-38a2-4ae6-b4d5-ea3c68f10db5'),('4b3c2726-fa39-4538-b4e3-df2fa55a2108','2025-03-08 21:02 - 21:41','March',2025,'2025-03-08 21:02:00','2025-03-08 21:41:00','0:39:00',6,'0e3d0f63-83bc-45d6-9a1f-4a16cb97eeed','77b48305-eb0e-4fbb-bf35-db3a086dfac2'),('4d5985be-84c0-4be0-9115-2d9f43a837e7','2025-04-02 17:58 - 19:10','April',2025,'2025-04-02 17:58:00','2025-04-02 19:10:00','1:12:00',10,'c1c7dc9b-4223-4172-a82f-1fe434305cf8','f73a2cf1-38a2-4ae6-b4d5-ea3c68f10db5'),('4d9ec2e0-a9f6-4ffa-88ed-656e9226b670','2025-06-13 20:52 - 21:24','June',2025,'2025-06-13 20:52:00','2025-06-13 21:24:00','0:32:00',6,'d9247883-d3f8-49d2-a867-b25342ecb7a9','d44edcf1-8e22-428f-895a-fa2c0925dfc2'),('4ee93313-97d2-45ec-9ad9-d68497e1bc9a','2025-07-07 17:28 - 18:26','July',2025,'2025-07-07 17:28:00','2025-07-07 18:26:00','0:58:00',9,'643b247e-c4e5-4f39-8c23-ca9b673aba0d','494925c2-0147-4381-9b5d-eb1b15622f73'),('4fdb7a77-e587-4070-8f02-234deda24314','2025-05-30 17:36 - 18:41','May',2025,'2025-05-30 17:36:00','2025-05-30 18:41:00','1:05:00',10,'8fa9c10a-9a9a-4c75-bdd7-cc95d9591850','7c847407-d519-479c-99bd-b57d01a98670'),('515f21dc-c3b5-4271-9121-ff9b8177592b','2025-06-13 20:28 - 20:48','June',2025,'2025-06-13 20:28:00','2025-06-13 20:48:00','0:20:00',6,'b908ec91-2033-45fd-9eb7-38fc5faed190','f73a2cf1-38a2-4ae6-b4d5-ea3c68f10db5'),('526f7687-e572-4276-8044-ebb83169890d','2025-07-07 20:19 - 21:24','July',2025,'2025-07-07 20:19:00','2025-07-07 21:24:00','1:05:00',9,'e464e664-b784-4cce-b74b-74e54a7ce34a','56120e9c-2047-45a3-a9dd-fc68366f6e13'),('55746c92-45c2-47b6-a184-ee7b4b6f762c','2025-06-13 18:42 - 19:24','June',2025,'2025-06-13 18:42:00','2025-06-13 19:24:00','0:42:00',7,'46f8fd84-15ba-4cea-98f2-c11992ce8cab','d85f1c3e-8aad-4978-864e-d801bc912668'),('55b0d15a-4e0f-458d-b3cb-1082b94fb435','2025-06-27 17:15 - 18:45','June',2025,'2025-06-27 17:15:00','2025-06-27 18:45:00','1:30:00',11,'c1c7dc9b-4223-4172-a82f-1fe434305cf8','f73a2cf1-38a2-4ae6-b4d5-ea3c68f10db5'),('5db609fc-19fc-4cf6-8729-4540815d6a35','2025-04-23 18:45 - 20:26','April',2025,'2025-04-23 18:45:00','2025-04-23 20:26:00','1:41:00',11,'d0b7e74f-4075-4f3f-b9c0-9a3794a671f7','18f2bada-2f3c-419e-921c-0fac96324e41'),('5dcefba3-3460-4707-aa4a-f3ec9f653a83','2025-05-12 17:19 - 19:00','May',2025,'2025-05-12 17:19:00','2025-05-12 19:00:00','1:41:00',11,'55966c99-36e5-48a1-855c-227d114223b3','f73a2cf1-38a2-4ae6-b4d5-ea3c68f10db5'),('5e4ac305-c8f7-4b83-bc4e-4b9efea1deb3','2025-03-17 17:12 - 18:20','March',2025,'2025-03-17 17:12:00','2025-03-17 18:20:00','1:08:00',7,'6c30333c-1ef4-4a96-9af2-537edfda94b1','be1d79dd-b907-4fcc-8ead-1bd50eb01571'),('5ee9ff0d-4d4e-4280-913c-84a2ddfbbda3','2025-03-08 15:14 - 15:59','March',2025,'2025-03-08 15:14:00','2025-03-08 15:59:00','0:45:00',7,'7c5d0ced-829c-452e-b55f-816276ac1dab','563e304f-11d3-4b7b-b5e3-85c45c362e18'),('5f1a9384-e8da-4b8f-8097-cdc84aa92730','2025-05-05 17:47 - 18:24','May',2025,'2025-05-05 17:47:00','2025-05-05 18:24:00','0:37:00',6,'78ff1c9d-0de4-46d9-a32b-2cb46ba54036','bcd17dd0-e430-40b5-954f-9a7289a8bac7'),('5f7ba1b5-350d-4fd6-ac52-ea7e23fcd5c8','2025-06-13 19:29 - 20:21','June',2025,'2025-06-13 19:29:00','2025-06-13 20:21:00','0:52:00',9,'cc69760a-8a3b-4262-9ea1-0d93882bac56','d44edcf1-8e22-428f-895a-fa2c0925dfc2'),('5fc29f98-808e-480e-b1ef-96df1d6db81c','2025-03-07 18:47 - 20:02','March',2025,'2025-03-07 18:47:00','2025-03-07 20:02:00','1:15:00',10,'5bfad62c-3b51-4a61-afc2-275d78105a3e','18f2bada-2f3c-419e-921c-0fac96324e41'),('661f60f7-5ab9-4d7d-bfe0-e0fd5b2de27c','2025-04-23 20:29 - 21:12','April',2025,'2025-04-23 20:29:00','2025-04-23 21:12:00','0:43:00',8,'15dec003-5456-43ea-a6da-cf981333f6a5','bcdc66af-d20f-42e0-8bc2-21fee1c7ec26'),('6726f203-f0a3-46fc-8a26-b73160d4c85c','2025-03-08 18:10 - 18:52','March',2025,'2025-03-08 18:10:00','2025-03-08 18:52:00','0:42:00',8,'abe30b6a-a079-453d-a23f-2e3416afdc76','7d5d6490-bb57-4a6d-a268-92c6d0fc6d43'),('68e726a3-089a-4cee-a768-a972178c6e22','2025-04-25 18:25 - 19:40','April',2025,'2025-04-25 18:25:00','2025-04-25 19:40:00','1:15:00',10,'77fc2f5f-4551-484c-9551-e493f4828747','bcdc66af-d20f-42e0-8bc2-21fee1c7ec26'),('6cbbcb7d-12bf-4b21-8ae8-8d640af0d5a9','2025-01-20 17:20 - 18:09','January',2025,'2025-01-20 17:20:00','2025-01-20 18:09:00','0:49:00',6,'a86e51f7-3362-4398-8e39-7b84776379af','7d5d6490-bb57-4a6d-a268-92c6d0fc6d43'),('6d5da372-d6f6-4aaa-b89f-dc6675efe12a','2025-03-07 20:10 - 20:48','March',2025,'2025-03-07 20:10:00','2025-03-07 20:48:00','0:38:00',7,'0bef737c-68ef-4f15-81e2-49d0477d7e13','f73a2cf1-38a2-4ae6-b4d5-ea3c68f10db5'),('6ed4c6d0-e01f-4f84-b32a-6083cc6e2ea6','2025-01-17 17:33 - 18:21','January',2025,'2025-01-17 17:33:00','2025-01-17 18:21:00','0:48:00',6,'77fc2f5f-4551-484c-9551-e493f4828747','bcdc66af-d20f-42e0-8bc2-21fee1c7ec26'),('6fc557b6-b0ee-4b63-88cf-3fec2289a9e5','2025-03-24 19:47 - 20:58','March',2025,'2025-03-24 19:47:00','2025-03-24 20:58:00','1:11:00',9,'f4f18bd4-14cb-4afb-abf4-620c0d35aa5d','31c2bb6a-1161-4981-98ef-ca9d4cc302c6'),('704e495c-a14c-45ad-a940-189f5413a9e6','2025-03-14 20:09 - 20:40','March',2025,'2025-03-14 20:09:00','2025-03-14 20:40:00','0:31:00',7,'ce3adffa-6113-48f4-baa2-ade8b4f312bf','f73a2cf1-38a2-4ae6-b4d5-ea3c68f10db5'),('747c40c9-350c-4226-ade7-b9c749d0d2c6','2025-05-16 19:54 - 21:15','May',2025,'2025-05-16 19:54:00','2025-05-16 21:15:00','1:21:00',10,'a86e51f7-3362-4398-8e39-7b84776379af','7d5d6490-bb57-4a6d-a268-92c6d0fc6d43'),('75201f30-8d50-48d6-838c-caede37ae2e5','2025-01-31 21:24 - 22:24','January',2025,'2025-01-31 21:24:00','2025-01-31 22:24:00','1:00:00',11,'49f2b076-a321-4123-92b5-ab2e81a5f451','18f2bada-2f3c-419e-921c-0fac96324e41'),('7692248d-5d16-4e16-8686-cdee99b24d8c','2025-03-07 17:33 - 18:41','March',2025,'2025-03-07 17:33:00','2025-03-07 18:41:00','1:08:00',14,'55966c99-36e5-48a1-855c-227d114223b3','f73a2cf1-38a2-4ae6-b4d5-ea3c68f10db5'),('78042619-988d-467b-8b26-be348dd4282b','2025-03-21 21:22 - 22:20','March',2025,'2025-03-21 21:22:00','2025-03-21 22:20:00','0:58:00',7,'15dec003-5456-43ea-a6da-cf981333f6a5','bcdc66af-d20f-42e0-8bc2-21fee1c7ec26'),('7bfbd046-9ea4-44fb-85d3-d12653d7d4a1','2025-06-16 17:15 - 18:33','June',2025,'2025-06-16 17:15:00','2025-06-16 18:33:00','1:18:00',7,'2763b3f9-089a-44bf-b3f6-9b47fef0e0eb','31c2bb6a-1161-4981-98ef-ca9d4cc302c6'),('7c7d4e15-4e16-48b1-9cf5-5c99efa36b1b','2025-05-30 18:51 - 19:28','May',2025,'2025-05-30 18:51:00','2025-05-30 19:28:00','0:37:00',7,'d166c651-2f14-4c54-a28d-bcb6990f8772','f73a2cf1-38a2-4ae6-b4d5-ea3c68f10db5'),('7c860660-2aa4-41e3-a4bb-9066d632ba27','2025-04-07 20:56 - 21:49','April',2025,'2025-04-07 20:56:00','2025-04-07 21:49:00','0:53:00',6,'7259b00e-4c71-43b3-9dc1-19d386c89e3e','31c2bb6a-1161-4981-98ef-ca9d4cc302c6'),('7cf26c56-e846-435a-8f1e-d155723db433','2025-06-16 19:40 - 20:07','June',2025,'2025-06-16 19:40:00','2025-06-16 20:07:00','0:27:00',6,'15dec003-5456-43ea-a6da-cf981333f6a5','bcdc66af-d20f-42e0-8bc2-21fee1c7ec26'),('7dcf0edd-beee-4687-b2ec-778f0ba9cc38','2025-05-12 19:07 - 20:23','May',2025,'2025-05-12 19:07:00','2025-05-12 20:23:00','1:16:00',9,'906b4c5d-123c-428b-a7e2-91c75f731d75','f73a2cf1-38a2-4ae6-b4d5-ea3c68f10db5'),('7df08761-37bf-47fd-8ef1-2da78e3cb040','2025-04-30 17:20 - 19:38','April',2025,'2025-04-30 17:20:00','2025-04-30 19:38:00','2:18:00',16,'51f8ef38-c336-4c58-80de-4c12c5d7f925','18f2bada-2f3c-419e-921c-0fac96324e41'),('7ebd627e-19f0-4ec5-b0f7-c9dcb892a771','2025-03-03 19:33 - 20:55','March',2025,'2025-03-03 19:33:00','2025-03-03 20:55:00','1:22:00',11,'f76b4c40-3f06-4638-8053-5f1d96517fe7','bcdc66af-d20f-42e0-8bc2-21fee1c7ec26'),('815f4404-cebc-4885-9222-6d1d4784f8c2','2025-05-30 19:35 - 20:14','May',2025,'2025-05-30 19:35:00','2025-05-30 20:14:00','0:39:00',7,'ce3adffa-6113-48f4-baa2-ade8b4f312bf','f73a2cf1-38a2-4ae6-b4d5-ea3c68f10db5'),('82ee9b27-db2d-4238-a328-a8337acd958d','2025-01-25 19:41 - 21:05','January',2025,'2025-01-25 19:41:00','2025-01-25 21:05:00','1:24:00',8,'8ad26608-ed95-4b9e-ab80-e8b2b1a5ed11','bcdc66af-d20f-42e0-8bc2-21fee1c7ec26'),('84ad2168-82dd-470e-a55b-7b3e0bd8f0d1','2025-05-02 19:33 - 20:35','May',2025,'2025-05-02 19:33:00','2025-05-02 20:35:00','1:02:00',8,'7a4d4c3c-a348-4159-94fe-a137bb3c9137','7c847407-d519-479c-99bd-b57d01a98670'),('85701c81-e739-4d05-bd37-6d53740a17bf','2025-01-20 20:02 - 21:39','January',2025,'2025-01-20 20:02:00','2025-01-20 21:39:00','1:37:00',12,'8eb54151-0939-43e5-a433-defea8048355','494925c2-0147-4381-9b5d-eb1b15622f73'),('884137f6-25d2-4885-8c51-f4bf964bf6ff','2025-03-08 13:40 - 15:10','March',2025,'2025-03-08 13:40:00','2025-03-08 15:10:00','1:30:00',12,'de371ab6-9405-44c3-ad46-283a8d2ef61c','f73a2cf1-38a2-4ae6-b4d5-ea3c68f10db5'),('893c5cbe-3df6-4458-bcba-1361826acff4','2025-05-02 20:42 - 21:54','May',2025,'2025-05-02 20:42:00','2025-05-02 21:54:00','1:12:00',11,'906b4c5d-123c-428b-a7e2-91c75f731d75','f73a2cf1-38a2-4ae6-b4d5-ea3c68f10db5'),('89dc81a4-9213-45d2-a3a2-5aebfc6d9fdd','2025-04-25 16:44 - 17:50','April',2025,'2025-04-25 16:44:00','2025-04-25 17:50:00','1:06:00',9,'46f8fd84-15ba-4cea-98f2-c11992ce8cab','d85f1c3e-8aad-4978-864e-d801bc912668'),('8a83c44d-7540-49c5-bc90-5809b1edfc26','2025-07-05 00:44 - 02:17','July',2025,'2025-07-05 00:44:00','2025-07-05 02:17:00','1:33:00',11,'a77d6052-a2fa-455e-9091-b495afab210c','f73a2cf1-38a2-4ae6-b4d5-ea3c68f10db5'),('8bf0544f-169b-49bd-b1df-e89163e2c220','2025-04-21 20:08 - 21:05','April',2025,'2025-04-21 20:08:00','2025-04-21 21:05:00','0:57:00',11,'b1258ee1-fd42-4100-8dbe-911669dee69b','bcdc66af-d20f-42e0-8bc2-21fee1c7ec26'),('8e074221-52f9-4ed7-99b7-1d30b111755b','2025-01-13 17:54 - 18:58','January',2025,'2025-01-13 17:54:00','2025-01-13 18:58:00','1:04:00',7,'a674ee22-1596-49c1-b951-779db6510c1e','f73a2cf1-38a2-4ae6-b4d5-ea3c68f10db5'),('8ee9183f-4d5b-40fe-968e-ecde824482d0','2025-04-25 17:57 - 18:23','April',2025,'2025-04-25 17:57:00','2025-04-25 18:23:00','0:26:00',5,'6114bec6-0c17-4174-886e-bdef8ffd9a50','d85f1c3e-8aad-4978-864e-d801bc912668'),('8f4cf8e7-0b0f-42a7-8f06-1eac617c423f','2025-02-17 19:37 - 20:45','February',2025,'2025-02-17 19:37:00','2025-02-17 20:45:00','1:08:00',13,'8eb54151-0939-43e5-a433-defea8048355','494925c2-0147-4381-9b5d-eb1b15622f73'),('96b55efb-9da0-4b1c-8598-4260797ca992','2025-02-14 21:35 - 21:55','February',2025,'2025-02-14 21:35:00','2025-02-14 21:55:00','0:20:00',7,'7c5959a5-8f85-4129-ae6a-0ee107aa0d22','7c847407-d519-479c-99bd-b57d01a98670'),('991e0ee3-c5fa-4cc5-943b-4de3e6ed8505','2025-05-30 18:51 - 19:28','May',2025,'2025-05-30 18:51:00','2025-05-30 19:28:00','0:37:00',7,'d166c651-2f14-4c54-a28d-bcb6990f8772','f73a2cf1-38a2-4ae6-b4d5-ea3c68f10db5'),('99ed0ba4-4f57-4589-bcda-90c4648e4ecb','2025-03-02 17:04 - 17:30','March',2025,'2025-03-02 17:04:00','2025-03-02 17:30:00','0:26:00',5,'649594d5-e479-4984-9c7b-36caf7a81fa6','494925c2-0147-4381-9b5d-eb1b15622f73'),('9badbe22-577f-443b-a52a-e4e968ae6859','2025-01-31 18:00 - 19:29','January',2025,'2025-01-31 18:00:00','2025-01-31 19:29:00','1:29:00',11,'a86e51f7-3362-4398-8e39-7b84776379af','7d5d6490-bb57-4a6d-a268-92c6d0fc6d43'),('9e3abc15-006e-433a-8c21-140e5d87ab03','2025-04-25 20:33 - 21:06','April',2025,'2025-04-25 20:33:00','2025-04-25 21:06:00','0:33:00',6,'f7547774-5f5a-4ffe-ab70-c63e31f81fa5','d85f1c3e-8aad-4978-864e-d801bc912668'),('9f06f05b-214e-4d06-9dfc-5b4bb8b0e80c','2025-05-23 16:59 - 17:29','May',2025,'2025-05-23 16:59:00','2025-05-23 17:29:00','0:30:00',6,'d9e2a41f-6f60-4ec0-a45a-9595cc725536','7d5d6490-bb57-4a6d-a268-92c6d0fc6d43'),('a49a4acb-d01a-443e-b957-3754dfc81694','2025-06-23 18:09 - 19:56','June',2025,'2025-06-23 18:09:00','2025-06-23 19:56:00','1:47:00',11,'8dc419b5-234c-4f0a-abbb-8486d57789d6','1e2dfc1d-e502-4bc3-9dd0-a64eb21d5522'),('a7149a37-0014-45fc-a81f-264c1ed93503','2025-01-13 20:16 - 21:28','January',2025,'2025-01-13 20:16:00','2025-01-13 21:28:00','1:12:00',9,'0bef737c-68ef-4f15-81e2-49d0477d7e13','f73a2cf1-38a2-4ae6-b4d5-ea3c68f10db5'),('b056ff01-f10b-4f78-92ac-b44a67a0badf','2025-02-14 18:58 - 19:40','February',2025,'2025-02-14 18:58:00','2025-02-14 19:40:00','0:42:00',6,'4d8f2865-164f-42ce-bd0a-c0becd03b425','f73a2cf1-38a2-4ae6-b4d5-ea3c68f10db5'),('b0947f69-f401-42b0-93d6-951dab5c6e84','2025-05-30 21:13 - 22:13','May',2025,'2025-05-30 21:13:00','2025-05-30 22:13:00','1:00:00',9,'b6b1cfef-78e4-4fff-a30a-15bad0280f2b','18f2bada-2f3c-419e-921c-0fac96324e41'),('b0c2475c-c594-4468-8a87-297f2e216215','2025-02-14 19:45 - 20:53','February',2025,'2025-02-14 19:45:00','2025-02-14 20:53:00','1:08:00',8,'1ca58f95-8759-4a6b-818a-89e08763e0cf','7d5d6490-bb57-4a6d-a268-92c6d0fc6d43'),('b2c836a0-e4bf-4dd4-8ab2-1687e6331be8','2025-01-31 19:41 - 21:17','January',2025,'2025-01-31 19:41:00','2025-01-31 21:17:00','1:36:00',13,'c8114f49-4b6a-4226-8c1c-bebda97b36ec','18f2bada-2f3c-419e-921c-0fac96324e41'),('b3bd9ecb-428b-43d4-a79b-5f67328d8a6a','2025-04-02 19:15 - 20:05','April',2025,'2025-04-02 19:15:00','2025-04-02 20:05:00','0:50:00',10,'f76b4c40-3f06-4638-8053-5f1d96517fe7','bcdc66af-d20f-42e0-8bc2-21fee1c7ec26'),('b5150222-181b-4981-a06f-60159583c035','2025-01-25 21:11 - 21:50','January',2025,'2025-01-25 21:11:00','2025-01-25 21:50:00','0:39:00',7,'eb4da95a-3502-41dd-86eb-e19c9991cf5e','23b601f5-79fb-46f6-af7c-951a78d4e866'),('b74993d3-c579-497f-a825-63268092e3b1','2025-05-02 17:34 - 19:25','May',2025,'2025-05-02 17:34:00','2025-05-02 19:25:00','1:51:00',12,'96ab08e8-30b2-4252-afac-8192840aa7fa','bcdc66af-d20f-42e0-8bc2-21fee1c7ec26'),('c0ee1066-9c77-4d08-a075-837707115dc3','2025-03-31 18:34 - 19:25','March',2025,'2025-03-31 18:34:00','2025-03-31 19:25:00','0:51:00',8,'f76b4c40-3f06-4638-8053-5f1d96517fe7','bcdc66af-d20f-42e0-8bc2-21fee1c7ec26'),('c2e24f65-635e-4991-8389-90d7f4426ca9','2025-02-22 19:13 - 20:09','February',2025,'2025-02-22 19:13:00','2025-02-22 20:09:00','0:56:00',8,'15dec003-5456-43ea-a6da-cf981333f6a5','bcdc66af-d20f-42e0-8bc2-21fee1c7ec26'),('c77386c5-2394-4f3c-a8c5-890afccc2e6a','2025-01-31 23:49 - 00:46','January',2025,'2025-01-31 23:49:00','2025-02-01 00:46:00','0:57:00',8,'8ad26608-ed95-4b9e-ab80-e8b2b1a5ed11','bcdc66af-d20f-42e0-8bc2-21fee1c7ec26'),('c9924d51-69e4-4ad8-8d2c-491f5b039fbb','2025-05-30 17:36 - 18:41','May',2025,'2025-05-30 17:36:00','2025-05-30 18:41:00','1:05:00',10,'8fa9c10a-9a9a-4c75-bdd7-cc95d9591850','7c847407-d519-479c-99bd-b57d01a98670'),('cb62d32a-cbc8-41b2-8fa7-269198bd1e5a','2025-06-02 19:37 - 20:22','June',2025,'2025-06-02 19:37:00','2025-06-02 20:22:00','0:45:00',6,'07e23f42-63ec-4c82-9ecf-4cf07ce8c901','31c2bb6a-1161-4981-98ef-ca9d4cc302c6'),('cbcc80c1-b880-4c0d-b92e-88f53fb66b4b','2025-03-02 19:48 - 21:33','March',2025,'2025-03-02 19:48:00','2025-03-02 21:33:00','1:45:00',13,'ce3adffa-6113-48f4-baa2-ade8b4f312bf','f73a2cf1-38a2-4ae6-b4d5-ea3c68f10db5'),('d0de4506-85c9-470e-8962-143be4145640','2025-04-25 19:48 - 20:30','April',2025,'2025-04-25 19:48:00','2025-04-25 20:30:00','0:42:00',8,'79da1fb8-b343-4c91-a564-bdfc9952cabc','d44edcf1-8e22-428f-895a-fa2c0925dfc2'),('d0eb425a-682f-4bd4-807e-82d064ad9364','2025-03-17 18:26 - 19:31','March',2025,'2025-03-17 18:26:00','2025-03-17 19:31:00','1:05:00',9,'913ce649-0495-4197-9aa4-aeb49bfa25d4','be1d79dd-b907-4fcc-8ead-1bd50eb01571'),('d2337ac2-c7b1-4ad5-bcec-2dd7cb60fe86','2025-07-07 18:33 - 20:14','July',2025,'2025-07-07 18:33:00','2025-07-07 20:14:00','1:41:00',13,'2948fbf6-d2d2-4fa2-a2e4-2f1354aa16f3','f73a2cf1-38a2-4ae6-b4d5-ea3c68f10db5'),('d4b236fa-2f9a-463b-9990-f1263aa5d95b','2025-01-27 16:21 - 17:17','January',2025,'2025-01-27 16:21:00','2025-01-27 17:17:00','0:56:00',10,'262c225b-e217-491d-ad55-a604036f0893','7d5d6490-bb57-4a6d-a268-92c6d0fc6d43'),('d4cda912-6ca4-4fbd-82ee-41fcb40281b9','2025-03-24 18:07 - 19:39','March',2025,'2025-03-24 18:07:00','2025-03-24 19:39:00','1:32:00',8,'ef08081a-0051-42bb-8aa6-3d0f29c4f9e3','f73a2cf1-38a2-4ae6-b4d5-ea3c68f10db5'),('d66b35b6-67ec-403c-9661-1e53cf30130b','2025-02-24 19:00 - 19:47','February',2025,'2025-02-24 19:00:00','2025-02-24 19:47:00','0:47:00',7,'8ad26608-ed95-4b9e-ab80-e8b2b1a5ed11','bcdc66af-d20f-42e0-8bc2-21fee1c7ec26'),('d7e1e7a1-4657-4551-8d7d-98f98d45eedd','2025-03-08 21:47 - 23:01','March',2025,'2025-03-08 21:47:00','2025-03-08 23:01:00','1:14:00',10,'b908ec91-2033-45fd-9eb7-38fc5faed190','f73a2cf1-38a2-4ae6-b4d5-ea3c68f10db5'),('dad7aa01-c747-42bb-b2ef-cf4943d182cf','2025-03-10 18:43 - 20:17','March',2025,'2025-03-10 18:43:00','2025-03-10 20:17:00','1:34:00',11,'f76b4c40-3f06-4638-8053-5f1d96517fe7','bcdc66af-d20f-42e0-8bc2-21fee1c7ec26'),('dc1fc92d-e1e8-49ab-b439-5235e724fc84','2025-03-08 19:12 - 19:52','March',2025,'2025-03-08 19:12:00','2025-03-08 19:52:00','0:40:00',7,'15dec003-5456-43ea-a6da-cf981333f6a5','bcdc66af-d20f-42e0-8bc2-21fee1c7ec26'),('dd6ece3e-2a02-4d26-bc86-006274e2e0f7','2025-05-05 17:15 - 17:41','May',2025,'2025-05-05 17:15:00','2025-05-05 17:41:00','0:26:00',6,'77fc2f5f-4551-484c-9551-e493f4828747','bcdc66af-d20f-42e0-8bc2-21fee1c7ec26'),('e0568032-5641-49f5-bcca-a3188216cc82','2025-05-23 17:33 - 17:57','May',2025,'2025-05-23 17:33:00','2025-05-23 17:57:00','0:24:00',8,'66c75202-6a2b-45cc-b4d4-08585053e0ef','bcdc66af-d20f-42e0-8bc2-21fee1c7ec26'),('e18a82c3-066e-4331-bdea-28def62e31ac','2025-05-23 20:48 - 21:28','May',2025,'2025-05-23 20:48:00','2025-05-23 21:28:00','0:40:00',9,'906b4c5d-123c-428b-a7e2-91c75f731d75','f73a2cf1-38a2-4ae6-b4d5-ea3c68f10db5'),('e216bf3b-1fa8-48dd-8a6e-9120bb10b317','2025-01-31 22:35 - 22:51','January',2025,'2025-01-31 22:35:00','2025-01-31 22:51:00','0:16:00',6,'906b4c5d-123c-428b-a7e2-91c75f731d75','f73a2cf1-38a2-4ae6-b4d5-ea3c68f10db5'),('e31db551-5a83-4ab7-8321-5106a214b604','2025-03-14 17:17 - 19:05','March',2025,'2025-03-14 17:17:00','2025-03-14 19:05:00','1:48:00',11,'8ad26608-ed95-4b9e-ab80-e8b2b1a5ed11','bcdc66af-d20f-42e0-8bc2-21fee1c7ec26'),('e5140169-6d6b-4fc9-8973-cab330ec9fe6','2025-04-21 18:41 - 20:01','April',2025,'2025-04-21 18:41:00','2025-04-21 20:01:00','1:20:00',11,'8eb54151-0939-43e5-a433-defea8048355','494925c2-0147-4381-9b5d-eb1b15622f73'),('e673e082-7e12-4358-bbc4-3960b1bba40e','2025-01-17 18:26 - 19:31','January',2025,'2025-01-17 18:26:00','2025-01-17 19:31:00','1:05:00',7,'ce3adffa-6113-48f4-baa2-ade8b4f312bf','f73a2cf1-38a2-4ae6-b4d5-ea3c68f10db5'),('e7946fb1-68e5-4756-8aba-446ade4922a6','2025-05-05 18:32 - 20:05','May',2025,'2025-05-05 18:32:00','2025-05-05 20:05:00','1:33:00',15,'24c080bf-53e1-45b7-aea8-5bc2bbaa3e64','494925c2-0147-4381-9b5d-eb1b15622f73'),('f00616c7-c061-4662-b96d-b572dcd70daf','2025-03-14 20:45 - 22:02','March',2025,'2025-03-14 20:45:00','2025-03-14 22:02:00','1:17:00',8,'b908ec91-2033-45fd-9eb7-38fc5faed190','f73a2cf1-38a2-4ae6-b4d5-ea3c68f10db5'),('f113cd3f-56d6-44e8-88e9-968c397dbea8','2025-06-13 21:30 - 22:29','June',2025,'2025-06-13 21:30:00','2025-06-13 22:29:00','0:59:00',11,'a0223918-8904-4dcc-8edb-614a2ac4cddd','d44edcf1-8e22-428f-895a-fa2c0925dfc2'),('f1d864a7-c3d6-4535-a1a8-b6af9eeca4d4','2025-05-16 17:24 - 19:50','May',2025,'2025-05-16 17:24:00','2025-05-16 19:50:00','2:26:00',14,'b7eebdbf-6687-46b5-877e-db9365f0bd5d','bcdc66af-d20f-42e0-8bc2-21fee1c7ec26'),('f4159621-b239-44e2-83bb-9040fbf08e84','2025-03-21 17:25 - 19:01','March',2025,'2025-03-21 17:25:00','2025-03-21 19:01:00','1:36:00',12,'ef08081a-0051-42bb-8aa6-3d0f29c4f9e3','f73a2cf1-38a2-4ae6-b4d5-ea3c68f10db5'),('f4e18e8d-ea90-4c58-b615-8be6f46d6b30','2025-07-04 23:04 - 00:35','July',2025,'2025-07-04 23:04:00','2025-07-05 00:35:00','1:31:00',12,'ce3adffa-6113-48f4-baa2-ade8b4f312bf','bcdc66af-d20f-42e0-8bc2-21fee1c7ec26'),('f4e82690-9dd5-4db9-93ee-3f69da9e49d8','2025-04-08 20:43 - 22:01','April',2025,'2025-04-08 20:43:00','2025-04-08 22:01:00','1:18:00',8,'4a1ada01-bf81-459a-b04b-de1f3e9c8627','494925c2-0147-4381-9b5d-eb1b15622f73'),('f5b33d63-65ac-4f2b-a673-bd8d8ff04569','2025-01-20 18:13 - 19:24','January',2025,'2025-01-20 18:13:00','2025-01-20 19:24:00','1:11:00',13,'ca9b784d-3d39-49dd-80a0-08ea10ab0008','7d5d6490-bb57-4a6d-a268-92c6d0fc6d43'),('f76d6564-36ac-46fe-a0e1-efb0d81236f3','2025-03-21 19:10 - 20:50','March',2025,'2025-03-21 19:10:00','2025-03-21 20:50:00','1:40:00',10,'56c97fa8-ab16-42b1-9622-197a64fc5a9b','7dc39f94-11cf-46fa-b7fb-6c18b2df12ab'),('f7ea64eb-aab0-4037-92b5-59f9815b822f','2025-01-25 21:58 - 23:03','January',2025,'2025-01-25 21:58:00','2025-01-25 23:03:00','1:05:00',10,'86653a1f-6c3d-4add-aecb-5c71942a288f','59a0b9a8-b048-421d-869b-860ab29dc46e'),('fd0a1582-ef87-4a4c-9530-7dfa8f6237f5','2025-05-30 20:20 - 21:07','May',2025,'2025-05-30 20:20:00','2025-05-30 21:07:00','0:47:00',7,'b008d2cb-fd63-4530-bab9-e4944bfae79f','18f2bada-2f3c-419e-921c-0fac96324e41'),('fe12811b-7e5e-4827-abd0-f8e333933fd0','2025-01-27 17:21 - 18:39','January',2025,'2025-01-27 17:21:00','2025-01-27 18:39:00','1:18:00',8,'906b4c5d-123c-428b-a7e2-91c75f731d75','f73a2cf1-38a2-4ae6-b4d5-ea3c68f10db5');
/*!40000 ALTER TABLE `games` ENABLE KEYS */;
UNLOCK TABLES;

--
-- Table structure for table `players`
--

DROP TABLE IF EXISTS `players`;
/*!40101 SET @saved_cs_client     = @@character_set_client */;
/*!50503 SET character_set_client = utf8mb4 */;
CREATE TABLE `players` (
  `id` varchar(64) NOT NULL,
  `player_name` varchar(128) NOT NULL,
  PRIMARY KEY (`id`)
) ENGINE=InnoDB DEFAULT CHARSET=utf8mb4 COLLATE=utf8mb4_0900_ai_ci;
/*!40101 SET character_set_client = @saved_cs_client */;

--
-- Dumping data for table `players`
--

LOCK TABLES `players` WRITE;
/*!40000 ALTER TABLE `players` DISABLE KEYS */;
INSERT INTO `players` VALUES ('18f2bada-2f3c-419e-921c-0fac96324e41','Jay F'),('195f2a7b-e6d2-4d69-a55e-b334f324fb0f','Julian S'),('19dd9903-d999-48c1-b84c-1b0fa33dcd15','Daniel S'),('1e2dfc1d-e502-4bc3-9dd0-a64eb21d5522','Angus'),('23b601f5-79fb-46f6-af7c-951a78d4e866','Adrian H'),('31c2bb6a-1161-4981-98ef-ca9d4cc302c6','Bailey M'),('3b184dac-b916-4e8a-b918-14845b26953a','Ellyett'),('3f4eff16-5caf-45aa-aa83-53bc860668ca','Stuart'),('446bbf78-3c3a-4105-8740-c5b4368655a9','Marios'),('494925c2-0147-4381-9b5d-eb1b15622f73','Liam R'),('56120e9c-2047-45a3-a9dd-fc68366f6e13','John'),('563e304f-11d3-4b7b-b5e3-85c45c362e18','Josh S'),('59a0b9a8-b048-421d-869b-860ab29dc46e','Tammy C'),('76eea069-4e23-49ef-aaf0-13cee1f5dda7','Alon L'),('77b48305-eb0e-4fbb-bf35-db3a086dfac2','Cody M'),('7a56904c-b702-45d2-b59c-1314f1ce7415','Greg L'),('7c847407-d519-479c-99bd-b57d01a98670','Arik H'),('7d5d6490-bb57-4a6d-a268-92c6d0fc6d43','Zoltán M'),('7dc39f94-11cf-46fa-b7fb-6c18b2df12ab','Harrison P'),('83c333d4-2546-4b37-b28e-16bebb298bbd','Raph'),('9f16663c-f653-471a-8bb3-b4eb26524b67','Dean P'),('a112df3f-73c0-40f6-bd5c-af4a63ff91bb','Max'),('b1c07638-7936-4452-a0eb-90f7ff1958e8','Mike M'),('b66ca294-dea8-4ebd-bbec-3452a1dd66de','Ang C'),('bcd17dd0-e430-40b5-954f-9a7289a8bac7','Dan F'),('bcdc66af-d20f-42e0-8bc2-21fee1c7ec26','Kieran H'),('be1d79dd-b907-4fcc-8ead-1bd50eb01571','Brayden M'),('d3233639-8b54-4d6e-953d-6d0701ef1d02','Savva'),('d44edcf1-8e22-428f-895a-fa2c0925dfc2','Rylan P'),('d58dd8c4-664c-4afc-b2f7-a62b2c737325','William'),('d85f1c3e-8aad-4978-864e-d801bc912668','Matt A'),('e8d9d866-ad37-4e72-855a-0adcb829a5c4','Eve'),('f73a2cf1-38a2-4ae6-b4d5-ea3c68f10db5','Cyrus T');
/*!40000 ALTER TABLE `players` ENABLE KEYS */;
UNLOCK TABLES;

--
-- Table structure for table `seats`
--

DROP TABLE IF EXISTS `seats`;
/*!40101 SET @saved_cs_client     = @@character_set_client */;
/*!50503 SET character_set_client = utf8mb4 */;
CREATE TABLE `seats` (
  `id` varchar(64) NOT NULL,
  `seat_no` int NOT NULL,
  `ko_turn` int DEFAULT NULL,
  `deck_id` varchar(64) NOT NULL,
  `game_id` varchar(64) NOT NULL,
  `player_id` varchar(64) NOT NULL,
  PRIMARY KEY (`id`),
  KEY `deck_id` (`deck_id`),
  KEY `game_id` (`game_id`),
  KEY `player_id` (`player_id`),
  CONSTRAINT `seats_ibfk_1` FOREIGN KEY (`deck_id`) REFERENCES `decks` (`id`),
  CONSTRAINT `seats_ibfk_2` FOREIGN KEY (`game_id`) REFERENCES `games` (`id`),
  CONSTRAINT `seats_ibfk_3` FOREIGN KEY (`player_id`) REFERENCES `players` (`id`)
) ENGINE=InnoDB DEFAULT CHARSET=utf8mb4 COLLATE=utf8mb4_0900_ai_ci;
/*!40101 SET character_set_client = @saved_cs_client */;

--
-- Dumping data for table `seats`
--

LOCK TABLES `seats` WRITE;
/*!40000 ALTER TABLE `seats` DISABLE KEYS */;
INSERT INTO `seats` VALUES ('002acf27-a0fb-4cc8-afb8-8d04e6a3bcf3',2,NULL,'8fa9c10a-9a9a-4c75-bdd7-cc95d9591850','4fdb7a77-e587-4070-8f02-234deda24314','7c847407-d519-479c-99bd-b57d01a98670'),('009f3648-46dd-441e-af2a-a15621575146',1,9,'4e5b253e-b168-42e9-b8df-420fb7603f1c','b3bd9ecb-428b-43d4-a79b-5f67328d8a6a','d85f1c3e-8aad-4978-864e-d801bc912668'),('00e108ba-256c-4bbc-b2b1-8f1004de09dd',4,NULL,'100798f6-847e-4f03-8086-076e7b243983','1cacea59-3e9f-4d22-9cb8-f93ef07f87a1','18f2bada-2f3c-419e-921c-0fac96324e41'),('013ea0a0-a42f-4664-bc8c-f03f0471d1ed',4,NULL,'0e3d0f63-83bc-45d6-9a1f-4a16cb97eeed','4b3c2726-fa39-4538-b4e3-df2fa55a2108','77b48305-eb0e-4fbb-bf35-db3a086dfac2'),('01677825-2b8f-4376-ad37-c7a8a7aee76b',3,NULL,'ef08081a-0051-42bb-8aa6-3d0f29c4f9e3','d4cda912-6ca4-4fbd-82ee-41fcb40281b9','f73a2cf1-38a2-4ae6-b4d5-ea3c68f10db5'),('02660f1a-e5e9-423f-9ea8-21d74342c8a4',2,13,'932f1a05-cce0-4e50-92c8-b18cae892930','cbcc80c1-b880-4c0d-b92e-88f53fb66b4b','bcd17dd0-e430-40b5-954f-9a7289a8bac7'),('0266a664-f479-43bd-9e3a-bfa9de65ce53',2,8,'46f8fd84-15ba-4cea-98f2-c11992ce8cab','1cacea59-3e9f-4d22-9cb8-f93ef07f87a1','d85f1c3e-8aad-4978-864e-d801bc912668'),('026d420c-0cf8-4dbf-8db8-c2ee08e8cf0f',1,7,'b068dd04-c755-4ed8-ba47-e9ce6a1bf9fc','1cacea59-3e9f-4d22-9cb8-f93ef07f87a1','f73a2cf1-38a2-4ae6-b4d5-ea3c68f10db5'),('02ef6f3b-901f-4291-892f-34cecad271c0',4,NULL,'15dec003-5456-43ea-a6da-cf981333f6a5','2c250a82-c806-4f94-95e1-942e6d773667','bcdc66af-d20f-42e0-8bc2-21fee1c7ec26'),('03570603-fafd-4b23-ba21-f6bdbe90213f',1,10,'79da1fb8-b343-4c91-a564-bdfc9952cabc','0f334929-595b-430a-bb32-5f7366e50466','d44edcf1-8e22-428f-895a-fa2c0925dfc2'),('035f3d3e-b73a-4c75-8604-2b09aff44766',3,9,'4e22e336-4859-440b-81ec-9c3da0b5cf0c','7dcf0edd-beee-4687-b2ec-778f0ba9cc38','494925c2-0147-4381-9b5d-eb1b15622f73'),('03ac45d3-09c7-4cc6-8cb5-468fe302c506',2,11,'0bef737c-68ef-4f15-81e2-49d0477d7e13','dad7aa01-c747-42bb-b2ef-cf4943d182cf','f73a2cf1-38a2-4ae6-b4d5-ea3c68f10db5'),('041e06ad-fc00-4f6f-9b5c-3353e294ff5c',3,6,'77fc2f5f-4551-484c-9551-e493f4828747','4b3c2726-fa39-4538-b4e3-df2fa55a2108','bcdc66af-d20f-42e0-8bc2-21fee1c7ec26'),('04aafabd-7009-4787-b4d1-aae2cf7be61b',4,7,'72487036-ef7a-41a6-8ee0-4a85ae394bba','2ed46b9a-8036-4d83-9454-a5c1f2275600','9f16663c-f653-471a-8bb3-b4eb26524b67'),('04b4b81b-3b25-4cfa-aa80-bc5ba0d036c6',4,12,'d0b7e74f-4075-4f3f-b9c0-9a3794a671f7','7692248d-5d16-4e16-8686-cdee99b24d8c','18f2bada-2f3c-419e-921c-0fac96324e41'),('053eb22d-a1e5-4023-ad6c-0bcb065fcf49',3,7,'b4ca3969-1344-441a-8951-f922588ec2ce','5ee9ff0d-4d4e-4280-913c-84a2ddfbbda3','7dc39f94-11cf-46fa-b7fb-6c18b2df12ab'),('06610c08-37ac-407e-8ab0-9a5cb8765f1a',4,NULL,'de371ab6-9405-44c3-ad46-283a8d2ef61c','884137f6-25d2-4885-8c51-f4bf964bf6ff','f73a2cf1-38a2-4ae6-b4d5-ea3c68f10db5'),('0761a3ef-fba2-45e2-a0f5-67b7031849dc',4,NULL,'ce3adffa-6113-48f4-baa2-ade8b4f312bf','815f4404-cebc-4885-9222-6d1d4784f8c2','f73a2cf1-38a2-4ae6-b4d5-ea3c68f10db5'),('07aedc32-8442-496f-951d-14f74da89520',1,8,'f76b4c40-3f06-4638-8053-5f1d96517fe7','2cb4f0ab-53fc-4c48-bb6c-0d34faa4bab0','bcdc66af-d20f-42e0-8bc2-21fee1c7ec26'),('07ecdd46-47bd-4cb0-b8ba-cafed7b0d769',4,11,'d8416609-6ecc-4cfc-b5c4-3abbb14cae08','8bf0544f-169b-49bd-b1df-e89163e2c220','195f2a7b-e6d2-4d69-a55e-b334f324fb0f'),('0800dd0a-b157-4b1b-97e4-edf41f3c64dd',4,7,'66c75202-6a2b-45cc-b4d4-08585053e0ef','1136c52a-f381-4b3e-bec9-30343c73cfcd','bcdc66af-d20f-42e0-8bc2-21fee1c7ec26'),('08442dd8-2f54-4394-a5c7-cc31897ac6a8',2,9,'ca12ce09-d714-44dd-82c1-89dc2de5e9c1','526f7687-e572-4276-8044-ebb83169890d','bcdc66af-d20f-42e0-8bc2-21fee1c7ec26'),('0895deb1-02b3-47bc-b762-fcf2cf4e4a8c',4,10,'4e5b253e-b168-42e9-b8df-420fb7603f1c','5db609fc-19fc-4cf6-8729-4540815d6a35','d85f1c3e-8aad-4978-864e-d801bc912668'),('08a7311f-bc9c-47d0-9a4c-b18477f8f654',3,NULL,'8ad26608-ed95-4b9e-ab80-e8b2b1a5ed11','c77386c5-2394-4f3c-a8c5-890afccc2e6a','bcdc66af-d20f-42e0-8bc2-21fee1c7ec26'),('092e9fd5-6168-4662-8d59-8a62c14da7b6',1,6,'2e474150-ffcc-4b73-bc27-aba7c6903a49','2a557f47-2907-46e0-ac00-5d1c4f249214','d44edcf1-8e22-428f-895a-fa2c0925dfc2'),('0944bd32-b1f0-4251-b4ba-dcc76d26f8b8',3,6,'5a1b10f3-4148-497d-81ea-4ee79acfd581','9f06f05b-214e-4d06-9dfc-5b4bb8b0e80c','18f2bada-2f3c-419e-921c-0fac96324e41'),('0a75c6dc-572e-4241-9ab2-6269e38ab749',4,NULL,'a77d6052-a2fa-455e-9091-b495afab210c','2a42a89e-6127-47a2-91b9-8225f9c1a24e','f73a2cf1-38a2-4ae6-b4d5-ea3c68f10db5'),('0abd18b8-e4d9-449b-8900-4b22036d5d1d',4,9,'6167b0a6-7666-481b-a076-e4044239c9b1','33c11c8e-0601-4c52-9183-3c286a43dbd2','83c333d4-2546-4b37-b28e-16bebb298bbd'),('0ac8b5b3-9f56-4978-9531-716f585901a0',1,9,'b1258ee1-fd42-4100-8dbe-911669dee69b','6fc557b6-b0ee-4b63-88cf-3fec2289a9e5','bcdc66af-d20f-42e0-8bc2-21fee1c7ec26'),('0acc8710-a290-4c93-8523-024bbee813be',3,9,'56c97fa8-ab16-42b1-9622-197a64fc5a9b','27ff2a95-6669-4d26-a0c2-82c6afcd8227','7dc39f94-11cf-46fa-b7fb-6c18b2df12ab'),('0afeb365-0451-49c9-af50-ed8d1ca89104',1,NULL,'906b4c5d-123c-428b-a7e2-91c75f731d75','e216bf3b-1fa8-48dd-8a6e-9120bb10b317','f73a2cf1-38a2-4ae6-b4d5-ea3c68f10db5'),('0b033cd7-b69c-41dd-9201-9f3fb66c6d5d',1,6,'e8c4d1cd-1942-48a6-8753-d0a4ddb11eed','32d2b229-667e-4452-a69a-e9b108bfa5d0','bcd17dd0-e430-40b5-954f-9a7289a8bac7'),('0b1e0cd7-c08a-4fca-a1f3-6151880b3ab4',4,6,'66c75202-6a2b-45cc-b4d4-08585053e0ef','2625085c-df07-47d6-b548-d5ba49c788f0','bcdc66af-d20f-42e0-8bc2-21fee1c7ec26'),('0c197873-96eb-4166-ad63-685f9f608504',2,9,'96ab08e8-30b2-4252-afac-8192840aa7fa','4d5985be-84c0-4be0-9115-2d9f43a837e7','bcdc66af-d20f-42e0-8bc2-21fee1c7ec26'),('0c8c9fc5-4811-4d99-a6a4-7721f42b2692',4,NULL,'ce3adffa-6113-48f4-baa2-ade8b4f312bf','1dfc4fba-91fe-4208-b23b-7de92d4e05ba','f73a2cf1-38a2-4ae6-b4d5-ea3c68f10db5'),('0d27131f-8809-4a25-92b8-233899a22e6d',3,NULL,'61b525b3-e16a-4011-ae78-d7c3197817c1','151da2de-5755-4c77-9f1c-cbf96dd83388','7d5d6490-bb57-4a6d-a268-92c6d0fc6d43'),('0da96102-3adc-43a3-b79c-d417b16876fd',3,NULL,'15dec003-5456-43ea-a6da-cf981333f6a5','661f60f7-5ab9-4d7d-bfe0-e0fd5b2de27c','bcdc66af-d20f-42e0-8bc2-21fee1c7ec26'),('0e188df9-ee82-4ecd-ba31-c05c4aa240ef',4,NULL,'46f8fd84-15ba-4cea-98f2-c11992ce8cab','55746c92-45c2-47b6-a184-ee7b4b6f762c','d85f1c3e-8aad-4978-864e-d801bc912668'),('0e267ec6-da44-4324-a866-f5552b42d053',1,6,'cc69760a-8a3b-4262-9ea1-0d93882bac56','2a42a89e-6127-47a2-91b9-8225f9c1a24e','d44edcf1-8e22-428f-895a-fa2c0925dfc2'),('0e4d3afc-ae48-40b0-8b56-15e38289a829',4,8,'0bef737c-68ef-4f15-81e2-49d0477d7e13','f4e82690-9dd5-4db9-93ee-3f69da9e49d8','f73a2cf1-38a2-4ae6-b4d5-ea3c68f10db5'),('0ec7313b-870f-487d-b8f5-1a53d29449cf',1,6,'66c75202-6a2b-45cc-b4d4-08585053e0ef','9f06f05b-214e-4d06-9dfc-5b4bb8b0e80c','bcdc66af-d20f-42e0-8bc2-21fee1c7ec26'),('0efa4a63-0d30-4fc9-8bbe-74170ddafea4',2,NULL,'ce3adffa-6113-48f4-baa2-ade8b4f312bf','704e495c-a14c-45ad-a940-189f5413a9e6','f73a2cf1-38a2-4ae6-b4d5-ea3c68f10db5'),('0f366216-8b92-44bb-be59-5140574eea00',3,7,'3e6ad6b0-9330-4889-b4ac-d10bdefc618f','704e495c-a14c-45ad-a940-189f5413a9e6','d85f1c3e-8aad-4978-864e-d801bc912668'),('0fc7b326-862b-4c78-b47d-2e5d37018fc1',1,8,'48c2a652-44cc-4ed7-9f14-5ca53609143f','4d5985be-84c0-4be0-9115-2d9f43a837e7','18f2bada-2f3c-419e-921c-0fac96324e41'),('0fda85da-9451-4666-a219-8018fe37b8d4',3,NULL,'b7eebdbf-6687-46b5-877e-db9365f0bd5d','f1d864a7-c3d6-4535-a1a8-b6af9eeca4d4','bcdc66af-d20f-42e0-8bc2-21fee1c7ec26'),('10374810-d86e-4f9b-8f12-0e53902d5cb5',1,7,'69393a02-7e5c-499f-8005-108740dee92f','96b55efb-9da0-4b1c-8598-4260797ca992','bcdc66af-d20f-42e0-8bc2-21fee1c7ec26'),('104361e2-82a2-4335-858e-be17d6ee6e64',1,NULL,'a0223918-8904-4dcc-8edb-614a2ac4cddd','f113cd3f-56d6-44e8-88e9-968c397dbea8','d44edcf1-8e22-428f-895a-fa2c0925dfc2'),('124ae800-fa29-4c59-a042-d970c119c34a',1,12,'8a6f29dc-7363-40e6-b6e5-c6d1bfb43d1d','f1d864a7-c3d6-4535-a1a8-b6af9eeca4d4','7a56904c-b702-45d2-b59c-1314f1ce7415'),('12e47baf-0f52-41be-abab-656e03e788b4',1,11,'46f8fd84-15ba-4cea-98f2-c11992ce8cab','893c5cbe-3df6-4458-bcba-1361826acff4','d85f1c3e-8aad-4978-864e-d801bc912668'),('134b963f-3004-4006-b035-5adee8a1b8bd',1,6,'0bef737c-68ef-4f15-81e2-49d0477d7e13','2625085c-df07-47d6-b548-d5ba49c788f0','f73a2cf1-38a2-4ae6-b4d5-ea3c68f10db5'),('13754694-dc99-44e0-ab61-ea20b6956204',2,9,'96ab08e8-30b2-4252-afac-8192840aa7fa','7dcf0edd-beee-4687-b2ec-778f0ba9cc38','bcdc66af-d20f-42e0-8bc2-21fee1c7ec26'),('14276c1d-44e2-4266-bc40-cccee6ba3434',4,11,'258758eb-a829-4b20-8939-3f6bf8593326','3287a41e-23ee-46ae-822d-eb4cc35f8753','494925c2-0147-4381-9b5d-eb1b15622f73'),('14966e31-478b-4493-bab0-57f3c929c6e9',3,12,'05dabe56-a4d8-4077-bc7c-8b4663062a23','f4159621-b239-44e2-83bb-9040fbf08e84','7dc39f94-11cf-46fa-b7fb-6c18b2df12ab'),('14b63224-f8fe-4d0c-a857-f5be540e5f3c',4,NULL,'d9e2a41f-6f60-4ec0-a45a-9595cc725536','4093f31c-6122-4f82-bd5d-40140ffc585b','7d5d6490-bb57-4a6d-a268-92c6d0fc6d43'),('14c5059b-0bda-4480-a96e-628e7fe51a54',4,8,'57089664-376e-4172-898f-735ad6ab0e04','e0568032-5641-49f5-bcca-a3188216cc82','7d5d6490-bb57-4a6d-a268-92c6d0fc6d43'),('14f850b3-0981-4360-95f3-9a894bd24176',2,10,'b1258ee1-fd42-4100-8dbe-911669dee69b','a49a4acb-d01a-443e-b957-3754dfc81694','bcdc66af-d20f-42e0-8bc2-21fee1c7ec26'),('15007a5c-d8be-4bf9-b2dc-dec7337315ea',2,6,'ca12ce09-d714-44dd-82c1-89dc2de5e9c1','19eb3519-36b6-408d-9eec-1cd7a9f75c74','bcdc66af-d20f-42e0-8bc2-21fee1c7ec26'),('164e724f-6001-4c09-99b8-94bbe67e4659',4,7,'66c75202-6a2b-45cc-b4d4-08585053e0ef','fd0a1582-ef87-4a4c-9530-7dfa8f6237f5','bcdc66af-d20f-42e0-8bc2-21fee1c7ec26'),('16ed334d-5751-4cdd-85e4-55bebde8d550',2,12,'f80a4b47-bbad-4129-b37f-5aa21696d47b','b74993d3-c579-497f-a825-63268092e3b1','d85f1c3e-8aad-4978-864e-d801bc912668'),('16f84f54-5cdd-4228-ab12-33b3d540b22a',3,9,'b1258ee1-fd42-4100-8dbe-911669dee69b','45df0fc8-1600-46ec-82e0-67269254561d','bcdc66af-d20f-42e0-8bc2-21fee1c7ec26'),('172fc23e-4254-42ef-9f0a-d8bf32bb2f23',2,NULL,'d0b7e74f-4075-4f3f-b9c0-9a3794a671f7','5db609fc-19fc-4cf6-8729-4540815d6a35','18f2bada-2f3c-419e-921c-0fac96324e41'),('1797560f-77bd-49a6-9f16-587dbff7765c',3,10,'b3d362cf-bf31-4826-8056-adfec5fac8a4','d4b236fa-2f9a-463b-9990-f1263aa5d95b','f73a2cf1-38a2-4ae6-b4d5-ea3c68f10db5'),('18bd6a75-facf-466f-ae99-922b45612c1d',2,11,'b8472b31-2112-4a45-a65a-db34e707b714','55b0d15a-4e0f-458d-b3cb-1082b94fb435','d44edcf1-8e22-428f-895a-fa2c0925dfc2'),('1915fbc6-f03b-4385-a036-64222c0a57ce',4,8,'d8812af8-6d6f-45e5-bc68-923f27eb82d6','c0ee1066-9c77-4d08-a075-837707115dc3','494925c2-0147-4381-9b5d-eb1b15622f73'),('192afa4c-d742-452c-9813-33ffd1ebfdef',3,NULL,'b1258ee1-fd42-4100-8dbe-911669dee69b','8bf0544f-169b-49bd-b1df-e89163e2c220','bcdc66af-d20f-42e0-8bc2-21fee1c7ec26'),('19569c9c-5798-434c-b38f-94e550003c67',4,NULL,'6c30333c-1ef4-4a96-9af2-537edfda94b1','5e4ac305-c8f7-4b83-bc4e-4b9efea1deb3','be1d79dd-b907-4fcc-8ead-1bd50eb01571'),('19d9adf0-6394-4948-ac3a-10a62e2dab9e',4,8,'6114bec6-0c17-4174-886e-bdef8ffd9a50','f00616c7-c061-4662-b96d-b572dcd70daf','d85f1c3e-8aad-4978-864e-d801bc912668'),('1a3c78ec-7589-482e-8563-b87265e20608',3,NULL,'8ad26608-ed95-4b9e-ab80-e8b2b1a5ed11','46dab3ef-9a4d-40ea-98c1-a6304b8cda10','bcdc66af-d20f-42e0-8bc2-21fee1c7ec26'),('1a98e330-14f7-4806-9358-cd3fd14ee450',2,11,'9a5cc41b-8fef-4599-8ce4-04f5011df4d7','f4159621-b239-44e2-83bb-9040fbf08e84','7d5d6490-bb57-4a6d-a268-92c6d0fc6d43'),('1c85b59e-95b5-47e9-9cbc-c6e9737e9d9c',3,8,'a86e51f7-3362-4398-8e39-7b84776379af','e18a82c3-066e-4331-bdea-28def62e31ac','7d5d6490-bb57-4a6d-a268-92c6d0fc6d43'),('1d7733b3-2df6-4e9b-b6ad-5f20aff74f66',2,10,'b1258ee1-fd42-4100-8dbe-911669dee69b','9badbe22-577f-443b-a52a-e4e968ae6859','bcdc66af-d20f-42e0-8bc2-21fee1c7ec26'),('1d87dac8-ca0b-4ee7-ba2a-f0bc88a78389',2,12,'631c4c5d-e0f6-4f2a-879c-2f0b5ed4b19f','f4e18e8d-ea90-4c58-b615-8be6f46d6b30','7d5d6490-bb57-4a6d-a268-92c6d0fc6d43'),('1e30cef6-2241-40cd-8527-ead6acf3a963',3,7,'0bef737c-68ef-4f15-81e2-49d0477d7e13','2f540bd1-183e-44fe-aad9-633e4d319d8d','f73a2cf1-38a2-4ae6-b4d5-ea3c68f10db5'),('1e47c8e7-843b-4e4d-8e22-9603bf9efcad',4,10,'8ad26608-ed95-4b9e-ab80-e8b2b1a5ed11','55b0d15a-4e0f-458d-b3cb-1082b94fb435','bcdc66af-d20f-42e0-8bc2-21fee1c7ec26'),('1ed6c126-8239-4b25-9aa2-82f1000c9295',2,NULL,'913ce649-0495-4197-9aa4-aeb49bfa25d4','d0eb425a-682f-4bd4-807e-82d064ad9364','be1d79dd-b907-4fcc-8ead-1bd50eb01571'),('1ef9a931-8a49-4018-abeb-77d3bf921d86',1,7,'442a348e-0a25-460e-9b1f-0804fb716f93','4a471d14-3537-43b5-911b-10fbd3062dee','bcdc66af-d20f-42e0-8bc2-21fee1c7ec26'),('1f148957-5864-49d5-aa80-6bb98cd2a225',3,6,'d12ac641-ebbd-4132-9cf4-58e40f6b455c','6ed4c6d0-e01f-4f84-b32a-6083cc6e2ea6','7dc39f94-11cf-46fa-b7fb-6c18b2df12ab'),('1f8fde15-12e2-44b2-83de-b34886ce3e2e',3,NULL,'8dc419b5-234c-4f0a-abbb-8486d57789d6','a49a4acb-d01a-443e-b957-3754dfc81694','1e2dfc1d-e502-4bc3-9dd0-a64eb21d5522'),('2003c8d4-835a-4789-9eb5-030786875118',3,9,'de371ab6-9405-44c3-ad46-283a8d2ef61c','6fc557b6-b0ee-4b63-88cf-3fec2289a9e5','f73a2cf1-38a2-4ae6-b4d5-ea3c68f10db5'),('21af28af-2af2-4ee1-9afb-e7fc1973fc90',2,NULL,'eb4da95a-3502-41dd-86eb-e19c9991cf5e','b5150222-181b-4981-a06f-60159583c035','23b601f5-79fb-46f6-af7c-951a78d4e866'),('21fedc35-c7b8-4f46-a5db-b619aa0b2399',3,7,'717cfe45-350c-4e4e-8f7a-91f6e798c3fb','dc1fc92d-e1e8-49ab-b439-5235e724fc84','77b48305-eb0e-4fbb-bf35-db3a086dfac2'),('22af64cb-05e6-44fb-807f-e9adf5b80f3b',4,NULL,'b908ec91-2033-45fd-9eb7-38fc5faed190','197015dd-ae91-41a3-9be5-34bfdfc802e1','f73a2cf1-38a2-4ae6-b4d5-ea3c68f10db5'),('246d3b02-8739-45c2-9fa3-856cd61fb232',2,9,'5c2ce523-3e36-4d11-819c-0c0d18d6ac6a','1a6d0aaa-0ea6-486f-9ba8-da981fddbc1a','1e2dfc1d-e502-4bc3-9dd0-a64eb21d5522'),('24ac74a5-04c2-4170-a60b-6ba16a835bd3',1,9,'6b0c8676-a53c-447e-bf48-b97ae63344a7','2910eaa1-db01-4f12-b193-b936b18be4d7','18f2bada-2f3c-419e-921c-0fac96324e41'),('25d1aac9-2d7d-48a2-a54c-aed8d721cf37',3,7,'eba29714-2b90-46df-bedb-03208008e068','4a471d14-3537-43b5-911b-10fbd3062dee','18f2bada-2f3c-419e-921c-0fac96324e41'),('25d256df-ea92-4589-bd2c-cdc45cc6af47',3,5,'4e201e62-8211-4a05-8c17-7d007309dc14','99ed0ba4-4f57-4589-bcda-90c4648e4ecb','bcd17dd0-e430-40b5-954f-9a7289a8bac7'),('26289822-7159-4716-8d63-bce64ba52cd0',1,16,'442a348e-0a25-460e-9b1f-0804fb716f93','7df08761-37bf-47fd-8ef1-2da78e3cb040','bcdc66af-d20f-42e0-8bc2-21fee1c7ec26'),('2654a205-fcf9-41f4-912f-b07e84438662',4,8,'3b76977c-3e34-4db2-95af-f6722a2d7ae3','661f60f7-5ab9-4d7d-bfe0-e0fd5b2de27c','18f2bada-2f3c-419e-921c-0fac96324e41'),('273f6ec8-194f-4f91-8d52-157b4bd38808',2,7,'ce3adffa-6113-48f4-baa2-ade8b4f312bf','e0568032-5641-49f5-bcca-a3188216cc82','f73a2cf1-38a2-4ae6-b4d5-ea3c68f10db5'),('2744ffab-7ebc-4b4b-9414-d34e8b2195e3',4,9,'d8812af8-6d6f-45e5-bc68-923f27eb82d6','6fc557b6-b0ee-4b63-88cf-3fec2289a9e5','494925c2-0147-4381-9b5d-eb1b15622f73'),('2790f035-1846-44ca-bfab-ab2a847d438f',2,5,'a86e51f7-3362-4398-8e39-7b84776379af','96b55efb-9da0-4b1c-8598-4260797ca992','7d5d6490-bb57-4a6d-a268-92c6d0fc6d43'),('285aef6b-e41b-4025-8bf2-8d8565d53fc3',2,9,'b1258ee1-fd42-4100-8dbe-911669dee69b','a7149a37-0014-45fc-a81f-264c1ed93503','bcdc66af-d20f-42e0-8bc2-21fee1c7ec26'),('28c6995b-47b5-4047-b3ee-b649306ff1c5',3,NULL,'5bfad62c-3b51-4a61-afc2-275d78105a3e','5fc29f98-808e-480e-b1ef-96df1d6db81c','18f2bada-2f3c-419e-921c-0fac96324e41'),('28ebbf26-c562-4c2f-bc6b-69b90b34b437',2,NULL,'51f8ef38-c336-4c58-80de-4c12c5d7f925','7df08761-37bf-47fd-8ef1-2da78e3cb040','18f2bada-2f3c-419e-921c-0fac96324e41'),('2976336f-ea3d-4036-8768-57dd23f3e0b3',3,12,'70e716a9-a879-4372-8543-a119900ec96c','3287a41e-23ee-46ae-822d-eb4cc35f8753','9f16663c-f653-471a-8bb3-b4eb26524b67'),('29da271d-1593-41a8-ab65-669cd10c40f0',3,8,'e8c4d1cd-1942-48a6-8753-d0a4ddb11eed','f4e82690-9dd5-4db9-93ee-3f69da9e49d8','bcd17dd0-e430-40b5-954f-9a7289a8bac7'),('2a8f4e64-de8d-4dee-a9fa-6b98e617d237',1,6,'de371ab6-9405-44c3-ad46-283a8d2ef61c','2332ba9a-fef0-4d43-b36e-8d76ce0e3363','f73a2cf1-38a2-4ae6-b4d5-ea3c68f10db5'),('2ac3b644-7864-4c90-9ca7-f2f1536f63e5',1,7,'442a348e-0a25-460e-9b1f-0804fb716f93','815f4404-cebc-4885-9222-6d1d4784f8c2','bcdc66af-d20f-42e0-8bc2-21fee1c7ec26'),('2b4d5609-f085-43a9-8cc2-ac050493c4b4',1,10,'64643a32-3b11-4d3c-9746-1f9d6edab87e','b74993d3-c579-497f-a825-63268092e3b1','f73a2cf1-38a2-4ae6-b4d5-ea3c68f10db5'),('2b536650-c3be-46c0-a477-925dffd56e1c',1,7,'906b4c5d-123c-428b-a7e2-91c75f731d75','27ff2a95-6669-4d26-a0c2-82c6afcd8227','f73a2cf1-38a2-4ae6-b4d5-ea3c68f10db5'),('2b74e9fb-75c8-4e25-a69e-d2d5e9063a84',3,8,'4e5b253e-b168-42e9-b8df-420fb7603f1c','13720487-1a8f-45a7-89f0-83459ae89cb0','d85f1c3e-8aad-4978-864e-d801bc912668'),('2c31cf63-29e9-49b6-9ec7-55532f53b54c',4,11,'4d8f2865-164f-42ce-bd0a-c0becd03b425','0f334929-595b-430a-bb32-5f7366e50466','f73a2cf1-38a2-4ae6-b4d5-ea3c68f10db5'),('2c663e87-1854-4421-8a42-f4f9e45a6733',3,10,'e17b86a1-3438-4b49-8200-5e2425938ac0','55b0d15a-4e0f-458d-b3cb-1082b94fb435','d85f1c3e-8aad-4978-864e-d801bc912668'),('2cea5a89-6826-4fa2-8540-c42beb95c19d',3,11,'5c686164-6008-4aec-bb9a-be4c97b2b225','7ebd627e-19f0-4ec5-b0f7-c9dcb892a771','bcd17dd0-e430-40b5-954f-9a7289a8bac7'),('2cf0f241-462a-418e-85ac-60397a13917e',3,NULL,'b6b1cfef-78e4-4fff-a30a-15bad0280f2b','b0947f69-f401-42b0-93d6-951dab5c6e84','18f2bada-2f3c-419e-921c-0fac96324e41'),('2de323bc-51d4-437b-88c3-2c0812d9f705',2,10,'8ad26608-ed95-4b9e-ab80-e8b2b1a5ed11','151da2de-5755-4c77-9f1c-cbf96dd83388','bcdc66af-d20f-42e0-8bc2-21fee1c7ec26'),('2df258d3-0ad4-4caf-acb9-cb2cc0c85999',1,6,'f52fc067-9d67-4276-a812-ecc0378f849a','5f1a9384-e8da-4b8f-8097-cdc84aa92730','494925c2-0147-4381-9b5d-eb1b15622f73'),('2e37134b-68f8-4943-ae9a-a8972ca1ade9',4,NULL,'ef08081a-0051-42bb-8aa6-3d0f29c4f9e3','f4159621-b239-44e2-83bb-9040fbf08e84','f73a2cf1-38a2-4ae6-b4d5-ea3c68f10db5'),('2e7fd434-829f-48f8-b65b-9dade809a7f7',2,NULL,'8eb54151-0939-43e5-a433-defea8048355','4414f4d8-2f9a-4ed1-a871-fe1d5b3deb22','494925c2-0147-4381-9b5d-eb1b15622f73'),('2eb8add3-681c-458d-aa8b-9833ee22dc8f',3,7,'b1258ee1-fd42-4100-8dbe-911669dee69b','991e0ee3-c5fa-4cc5-943b-4de3e6ed8505','bcdc66af-d20f-42e0-8bc2-21fee1c7ec26'),('2eeb42b6-74ac-4624-84fb-551c408bcd91',1,16,'44d957db-818c-4434-9444-75cd27a40829','1050194c-a955-45e7-938b-363caece8886','494925c2-0147-4381-9b5d-eb1b15622f73'),('2f04eecf-d75c-4f81-8442-e6e98c5db775',2,NULL,'8fa9c10a-9a9a-4c75-bdd7-cc95d9591850','c9924d51-69e4-4ad8-8d2c-491f5b039fbb','7c847407-d519-479c-99bd-b57d01a98670'),('2f767d24-8836-42bb-a7cd-8cec1d2657ae',1,12,'4872bbe1-39b7-4b48-b983-bf06f56c660c','11225d16-7186-4f51-87c2-3b21f20c585a','7c847407-d519-479c-99bd-b57d01a98670'),('2f89c99c-1c06-4e69-9cb7-d3ce8c37a1cc',2,11,'cd799e44-78ea-4646-a733-ccef1e6e5f88','f1d864a7-c3d6-4535-a1a8-b6af9eeca4d4','d58dd8c4-664c-4afc-b2f7-a62b2c737325'),('2fe1f62d-2c5c-4a15-9068-466201a07d22',4,NULL,'8ad26608-ed95-4b9e-ab80-e8b2b1a5ed11','d66b35b6-67ec-403c-9661-1e53cf30130b','bcdc66af-d20f-42e0-8bc2-21fee1c7ec26'),('2ffe5e18-1bf5-4eeb-beb9-6e3ab6b1f953',4,10,'6114bec6-0c17-4174-886e-bdef8ffd9a50','f113cd3f-56d6-44e8-88e9-968c397dbea8','d85f1c3e-8aad-4978-864e-d801bc912668'),('306be8cd-e312-4d9d-9b8d-5ccc912a2dbd',2,6,'f76b4c40-3f06-4638-8053-5f1d96517fe7','b056ff01-f10b-4f78-92ac-b44a67a0badf','bcdc66af-d20f-42e0-8bc2-21fee1c7ec26'),('30f0106c-06ea-497f-aacd-6804d3827be0',1,7,'69393a02-7e5c-499f-8005-108740dee92f','197015dd-ae91-41a3-9be5-34bfdfc802e1','bcdc66af-d20f-42e0-8bc2-21fee1c7ec26'),('310d73a1-d1a9-44df-ae82-afb1bed166f6',4,NULL,'906b4c5d-123c-428b-a7e2-91c75f731d75','893c5cbe-3df6-4458-bcba-1361826acff4','f73a2cf1-38a2-4ae6-b4d5-ea3c68f10db5'),('313dae65-e903-4714-8128-d173f894b652',3,12,'1ca58f95-8759-4a6b-818a-89e08763e0cf','85701c81-e739-4d05-bd37-6d53740a17bf','7d5d6490-bb57-4a6d-a268-92c6d0fc6d43'),('31b16cbc-c520-437c-ae91-01df7f36d702',4,6,'23fe3a4f-f9b0-4ad5-b002-cc4ab94d53b0','6cbbcb7d-12bf-4b21-8ae8-8d640af0d5a9','494925c2-0147-4381-9b5d-eb1b15622f73'),('31b3bb67-a8e3-4367-bdd5-2a86a9b674b7',2,8,'b068dd04-c755-4ed8-ba47-e9ce6a1bf9fc','28f6560b-4123-4fe4-bfc4-45dc14229b28','f73a2cf1-38a2-4ae6-b4d5-ea3c68f10db5'),('332a2883-72ac-4dba-b3cc-94fdb0e047be',2,7,'8ad26608-ed95-4b9e-ab80-e8b2b1a5ed11','e673e082-7e12-4358-bbc4-3960b1bba40e','bcdc66af-d20f-42e0-8bc2-21fee1c7ec26'),('33905e05-a103-4469-bd89-5a29a402666d',3,10,'3e6ad6b0-9330-4889-b4ac-d10bdefc618f','4d5985be-84c0-4be0-9115-2d9f43a837e7','d85f1c3e-8aad-4978-864e-d801bc912668'),('33f797d5-3790-4c10-8fa4-4ad7ece57e09',2,6,'f52fc067-9d67-4276-a812-ecc0378f849a','dd6ece3e-2a02-4d26-bc86-006274e2e0f7','494925c2-0147-4381-9b5d-eb1b15622f73'),('3453a114-755f-407c-91f7-ad7576708fbd',3,6,'b8472b31-2112-4a45-a65a-db34e707b714','515f21dc-c3b5-4271-9121-ff9b8177592b','d44edcf1-8e22-428f-895a-fa2c0925dfc2'),('3532067d-bfd4-48a9-8214-b48c81c12150',4,NULL,'69393a02-7e5c-499f-8005-108740dee92f','13720487-1a8f-45a7-89f0-83459ae89cb0','bcdc66af-d20f-42e0-8bc2-21fee1c7ec26'),('355e7a5d-a326-4d0d-9942-f1d648b38aad',2,NULL,'cc69760a-8a3b-4262-9ea1-0d93882bac56','5f7ba1b5-350d-4fd6-ac52-ea7e23fcd5c8','d44edcf1-8e22-428f-895a-fa2c0925dfc2'),('358c425b-8d43-4db9-9204-07365f8373be',2,11,'8ad26608-ed95-4b9e-ab80-e8b2b1a5ed11','893c5cbe-3df6-4458-bcba-1361826acff4','bcdc66af-d20f-42e0-8bc2-21fee1c7ec26'),('35a0fbd1-aebf-4fb4-8cf2-dc9b0e5fc64c',4,NULL,'6b4f3267-d70e-43be-9480-45cfdf1a73b0','45df0fc8-1600-46ec-82e0-67269254561d','d85f1c3e-8aad-4978-864e-d801bc912668'),('35abcfe3-9c93-4b63-a8db-441675ebf8c3',3,8,'cf9a7ad7-abae-4b90-9496-26c882024bef','84ad2168-82dd-470e-a55b-7b3e0bd8f0d1','d85f1c3e-8aad-4978-864e-d801bc912668'),('36f5a500-c68d-4132-a9cf-b56c33c4713f',1,7,'e8c4d1cd-1942-48a6-8753-d0a4ddb11eed','42478984-e68c-418f-aee4-2a7d24383ad4','bcd17dd0-e430-40b5-954f-9a7289a8bac7'),('38f28ccc-16b5-404f-b2ab-bd871badc089',3,9,'f80a4b47-bbad-4129-b37f-5aa21696d47b','391fe186-fbcb-4419-8f1f-9d16de14cf92','d85f1c3e-8aad-4978-864e-d801bc912668'),('39348808-d0e8-4f91-b887-9ad586548cef',4,6,'6114bec6-0c17-4174-886e-bdef8ffd9a50','4d9ec2e0-a9f6-4ffa-88ed-656e9226b670','d85f1c3e-8aad-4978-864e-d801bc912668'),('397b3466-aa72-422b-b3a1-dd69550b876e',3,11,'b908ec91-2033-45fd-9eb7-38fc5faed190','f113cd3f-56d6-44e8-88e9-968c397dbea8','f73a2cf1-38a2-4ae6-b4d5-ea3c68f10db5'),('398a75e4-f645-4799-8c25-41060459b615',1,NULL,'f7547774-5f5a-4ffe-ab70-c63e31f81fa5','9e3abc15-006e-433a-8c21-140e5d87ab03','d85f1c3e-8aad-4978-864e-d801bc912668'),('3a1d7a96-82b2-4b32-ab77-158cd18d16e1',2,NULL,'b008d2cb-fd63-4530-bab9-e4944bfae79f','1136c52a-f381-4b3e-bec9-30343c73cfcd','18f2bada-2f3c-419e-921c-0fac96324e41'),('3aa0bdd0-d2e5-43b0-90ff-e81b3a48fed5',1,10,'a674ee22-1596-49c1-b951-779db6510c1e','9badbe22-577f-443b-a52a-e4e968ae6859','f73a2cf1-38a2-4ae6-b4d5-ea3c68f10db5'),('3ac05b7d-5206-45a7-9838-f5c324fa17cb',1,7,'12dd34eb-c08f-4f88-8bbf-894e5ca5595c','e673e082-7e12-4358-bbc4-3960b1bba40e','7dc39f94-11cf-46fa-b7fb-6c18b2df12ab'),('3ad17f30-2204-45e4-96a0-31a1e1ab861b',4,11,'93b07d57-1b74-49b1-8112-0a8aa4aac7fd','e5140169-6d6b-4fc9-8973-cab330ec9fe6','b66ca294-dea8-4ebd-bbec-3452a1dd66de'),('3bf4c8f7-7406-437b-a07a-816a5037e04e',2,NULL,'69393a02-7e5c-499f-8005-108740dee92f','22b0b412-00a4-4119-ad1a-e3def403141e','bcdc66af-d20f-42e0-8bc2-21fee1c7ec26'),('3c15beee-819e-4ee1-b6d7-511d1cb15a4f',3,NULL,'7259b00e-4c71-43b3-9dc1-19d386c89e3e','7c860660-2aa4-41e3-a4bb-9066d632ba27','31c2bb6a-1161-4981-98ef-ca9d4cc302c6'),('3d3c5eb4-bc8c-4d32-97fa-4fc538cb4c94',4,NULL,'906b4c5d-123c-428b-a7e2-91c75f731d75','fe12811b-7e5e-4827-abd0-f8e333933fd0','f73a2cf1-38a2-4ae6-b4d5-ea3c68f10db5'),('3e3871cb-fe62-41c4-b8d7-2f2be52ed5c1',3,8,'be76f907-25f4-4745-ac8c-93b62d50b6ed','3bef1983-376b-441e-a824-e80562c9d50a','446bbf78-3c3a-4105-8740-c5b4368655a9'),('3eee9239-13e8-43a9-b58f-009cc01f5932',2,NULL,'f4f18bd4-14cb-4afb-abf4-620c0d35aa5d','6fc557b6-b0ee-4b63-88cf-3fec2289a9e5','31c2bb6a-1161-4981-98ef-ca9d4cc302c6'),('3f2abda2-650b-4529-9d9a-7313ec7b15f2',1,NULL,'78ff1c9d-0de4-46d9-a32b-2cb46ba54036','387b256d-5a06-46ec-8cce-e8fac43d8181','bcd17dd0-e430-40b5-954f-9a7289a8bac7'),('3f43e543-2b4d-4fe6-b64e-a2197cb52de4',4,11,'25fa61be-722d-4a60-b7bc-d374310469ac','b74993d3-c579-497f-a825-63268092e3b1','7c847407-d519-479c-99bd-b57d01a98670'),('3f9ed268-9458-40ff-84fd-0ee182f1d61a',2,NULL,'15dec003-5456-43ea-a6da-cf981333f6a5','dc1fc92d-e1e8-49ab-b439-5235e724fc84','bcdc66af-d20f-42e0-8bc2-21fee1c7ec26'),('3fc197e4-c3ce-42c7-885f-67374b345ded',3,12,'0810ddee-2d7f-4367-bbdf-24c94e080ef5','11225d16-7186-4f51-87c2-3b21f20c585a','bcd17dd0-e430-40b5-954f-9a7289a8bac7'),('409a441b-eb52-4a65-93cd-6888945aa68b',1,6,'77fc2f5f-4551-484c-9551-e493f4828747','1b117a04-2c93-43f6-9c32-682fca6d683e','bcdc66af-d20f-42e0-8bc2-21fee1c7ec26'),('40d66199-c4b0-4801-b781-2fb14522c371',3,12,'0d79e631-f0fa-4f96-9b4b-0c6567c41403','11e45865-09b3-4c32-aafe-18caaaed35cb','31c2bb6a-1161-4981-98ef-ca9d4cc302c6'),('40edb9ea-fb1c-4491-8b74-e6a814b08149',4,6,'f591b97b-d4c2-42f6-b7d0-689e9ce6c8d0','6726f203-f0a3-46fc-8a26-b73160d4c85c','b1c07638-7936-4452-a0eb-90f7ff1958e8'),('412193ed-3eb6-4dba-a5e8-aec5478c83ff',1,12,'b1258ee1-fd42-4100-8dbe-911669dee69b','391fe186-fbcb-4419-8f1f-9d16de14cf92','bcdc66af-d20f-42e0-8bc2-21fee1c7ec26'),('4186f147-77cc-4218-ae51-b3abec9ec2b9',1,7,'839b690f-adcf-4901-92d1-1e87ea6393cc','991e0ee3-c5fa-4cc5-943b-4de3e6ed8505','18f2bada-2f3c-419e-921c-0fac96324e41'),('41a3466d-63c6-4ed4-b2d7-9cdddcd1c13d',1,11,'b3d362cf-bf31-4826-8056-adfec5fac8a4','75201f30-8d50-48d6-838c-caede37ae2e5','f73a2cf1-38a2-4ae6-b4d5-ea3c68f10db5'),('42084404-34ce-4848-8253-53fab1f79772',2,8,'717cfe45-350c-4e4e-8f7a-91f6e798c3fb','3bef1983-376b-441e-a824-e80562c9d50a','77b48305-eb0e-4fbb-bf35-db3a086dfac2'),('422deafe-40ea-4c63-9a15-a1ee5929160d',1,12,'ce3adffa-6113-48f4-baa2-ade8b4f312bf','85701c81-e739-4d05-bd37-6d53740a17bf','f73a2cf1-38a2-4ae6-b4d5-ea3c68f10db5'),('422e869a-a1c1-40d6-a97a-5c114355c323',4,8,'238370d5-306e-4cde-a891-849b365ee683','d4b236fa-2f9a-463b-9990-f1263aa5d95b','bcdc66af-d20f-42e0-8bc2-21fee1c7ec26'),('4264687c-2d20-4ab9-ab4f-403e0136d271',3,8,'ca12ce09-d714-44dd-82c1-89dc2de5e9c1','1217acdf-69eb-4639-bf41-cff417438ac0','bcdc66af-d20f-42e0-8bc2-21fee1c7ec26'),('443ea9f8-8c2d-40e6-9f5c-d425a2902d4c',2,7,'4872bbe1-39b7-4b48-b983-bf06f56c660c','4a471d14-3537-43b5-911b-10fbd3062dee','7c847407-d519-479c-99bd-b57d01a98670'),('4448cd6a-448c-4bb2-b60d-943e772f2ac9',3,7,'f7547774-5f5a-4ffe-ab70-c63e31f81fa5','6d5da372-d6f6-4aaa-b89f-dc6675efe12a','d85f1c3e-8aad-4978-864e-d801bc912668'),('447371f8-40aa-46f4-ad15-1fa280efb58e',4,NULL,'8ad26608-ed95-4b9e-ab80-e8b2b1a5ed11','82ee9b27-db2d-4238-a328-a8337acd958d','bcdc66af-d20f-42e0-8bc2-21fee1c7ec26'),('44ffac32-a39c-41d2-97ea-10ecb246fe0f',1,NULL,'b908ec91-2033-45fd-9eb7-38fc5faed190','515f21dc-c3b5-4271-9121-ff9b8177592b','f73a2cf1-38a2-4ae6-b4d5-ea3c68f10db5'),('456a233a-ef4a-41da-aa18-6ef5174f00de',2,9,'5bfad62c-3b51-4a61-afc2-275d78105a3e','e18a82c3-066e-4331-bdea-28def62e31ac','18f2bada-2f3c-419e-921c-0fac96324e41'),('459e8fbe-3462-4e07-9bfb-064f0e88d829',2,6,'6c9825d4-f46b-44f3-991a-41df3b437efe','515f21dc-c3b5-4271-9121-ff9b8177592b','d85f1c3e-8aad-4978-864e-d801bc912668'),('45a471d0-92b3-4411-a177-9a8b2bf77aed',3,10,'b008d2cb-fd63-4530-bab9-e4944bfae79f','b3bd9ecb-428b-43d4-a79b-5f67328d8a6a','18f2bada-2f3c-419e-921c-0fac96324e41'),('461c0282-d3dd-426d-b1f9-3ee151f568ca',1,10,'00946526-be38-4f69-9beb-5f9bef6479ce','d4b236fa-2f9a-463b-9990-f1263aa5d95b','9f16663c-f653-471a-8bb3-b4eb26524b67'),('46a7a417-945c-4714-9f8f-b0ed67884b72',2,9,'f85e81b1-e5b8-4d04-9d82-0b593c39fdf3','45df0fc8-1600-46ec-82e0-67269254561d','18f2bada-2f3c-419e-921c-0fac96324e41'),('4724d909-9fa8-45da-8490-03e81d266d9a',1,NULL,'77fc2f5f-4551-484c-9551-e493f4828747','dd6ece3e-2a02-4d26-bc86-006274e2e0f7','bcdc66af-d20f-42e0-8bc2-21fee1c7ec26'),('478653cd-98c8-4c8f-98b6-ddc629f82ca2',2,6,'55966c99-36e5-48a1-855c-227d114223b3','7cf26c56-e846-435a-8f1e-d155723db433','f73a2cf1-38a2-4ae6-b4d5-ea3c68f10db5'),('47ce8ed8-e84e-4143-b0ed-3ebfa69ee60d',4,7,'ce3adffa-6113-48f4-baa2-ade8b4f312bf','32d2b229-667e-4452-a69a-e9b108bfa5d0','f73a2cf1-38a2-4ae6-b4d5-ea3c68f10db5'),('47e42a9d-f831-40b7-9317-203e500cd149',4,7,'84b7fcad-411a-491e-a131-51dc21ae15bd','1b117a04-2c93-43f6-9c32-682fca6d683e','7d5d6490-bb57-4a6d-a268-92c6d0fc6d43'),('4820542b-6dd0-4593-9817-77ef1aa057dd',1,7,'6408be34-d9f2-45ff-81cf-9c9f97ff16b1','d0eb425a-682f-4bd4-807e-82d064ad9364','7d5d6490-bb57-4a6d-a268-92c6d0fc6d43'),('4821a916-050c-4067-84bd-04eacbb868f3',2,NULL,'e527deb5-3666-4385-a3ef-f3ae959e20ea','11e45865-09b3-4c32-aafe-18caaaed35cb','494925c2-0147-4381-9b5d-eb1b15622f73'),('48329434-9046-48c5-b372-f3c5fe87ed23',4,13,'b3d362cf-bf31-4826-8056-adfec5fac8a4','f5b33d63-65ac-4f2b-a673-bd8d8ff04569','f73a2cf1-38a2-4ae6-b4d5-ea3c68f10db5'),('49f1e0df-8aba-43c8-81a8-b7a4995d71b0',3,9,'ce3adffa-6113-48f4-baa2-ade8b4f312bf','1a6d0aaa-0ea6-486f-9ba8-da981fddbc1a','f73a2cf1-38a2-4ae6-b4d5-ea3c68f10db5'),('4a474bb8-f7a7-4b11-9773-084c3f776fb5',3,6,'b908ec91-2033-45fd-9eb7-38fc5faed190','22b0b412-00a4-4119-ad1a-e3def403141e','f73a2cf1-38a2-4ae6-b4d5-ea3c68f10db5'),('4a49d8c4-28d7-4304-8166-466b061d552f',4,8,'ce3adffa-6113-48f4-baa2-ade8b4f312bf','2cb4f0ab-53fc-4c48-bb6c-0d34faa4bab0','f73a2cf1-38a2-4ae6-b4d5-ea3c68f10db5'),('4a675945-05ed-4d30-938f-8e7fd2b15b27',4,5,'906b4c5d-123c-428b-a7e2-91c75f731d75','96b55efb-9da0-4b1c-8598-4260797ca992','f73a2cf1-38a2-4ae6-b4d5-ea3c68f10db5'),('4a6aa2e0-0d93-450b-b943-092fd05d5647',1,7,'c1c7dc9b-4223-4172-a82f-1fe434305cf8','5e4ac305-c8f7-4b83-bc4e-4b9efea1deb3','f73a2cf1-38a2-4ae6-b4d5-ea3c68f10db5'),('4ac336ea-50fc-4083-a038-9a558197e73d',4,10,'b1258ee1-fd42-4100-8dbe-911669dee69b','4414f4d8-2f9a-4ed1-a871-fe1d5b3deb22','bcdc66af-d20f-42e0-8bc2-21fee1c7ec26'),('4b8119c4-f63b-4fb6-be23-647d7b76622d',4,7,'b1258ee1-fd42-4100-8dbe-911669dee69b','1f3e1099-c1bc-4145-aee1-67a21f488f01','bcdc66af-d20f-42e0-8bc2-21fee1c7ec26'),('4ba65898-cc7f-4426-ac29-aa444a4cdf85',3,NULL,'f52e8e9d-cb1e-45fe-bd4b-8f95dc217e6c','42478984-e68c-418f-aee4-2a7d24383ad4','7c847407-d519-479c-99bd-b57d01a98670'),('4caa9151-cc27-400a-ae48-195fa4d8e73f',1,10,'669eab52-3382-4787-bbf3-722e57ff53fe','dad7aa01-c747-42bb-b2ef-cf4943d182cf','d3233639-8b54-4d6e-953d-6d0701ef1d02'),('4cb5f3ce-e3e6-462d-833f-3209da8c18b7',1,8,'66c75202-6a2b-45cc-b4d4-08585053e0ef','1dfc4fba-91fe-4208-b23b-7de92d4e05ba','bcdc66af-d20f-42e0-8bc2-21fee1c7ec26'),('4d56d102-dc0c-41b9-9707-df9a085f5140',3,7,'eba29714-2b90-46df-bedb-03208008e068','e0568032-5641-49f5-bcca-a3188216cc82','18f2bada-2f3c-419e-921c-0fac96324e41'),('4dac9207-eede-4b95-bf93-1c7671985c61',4,8,'f76b4c40-3f06-4638-8053-5f1d96517fe7','b0c2475c-c594-4468-8a87-297f2e216215','bcdc66af-d20f-42e0-8bc2-21fee1c7ec26'),('4e09d186-7c18-4888-bfd7-d9f67e1b299d',1,NULL,'55966c99-36e5-48a1-855c-227d114223b3','7692248d-5d16-4e16-8686-cdee99b24d8c','f73a2cf1-38a2-4ae6-b4d5-ea3c68f10db5'),('4e448b6b-4b8a-4e8b-98f9-87fd750c0e86',2,11,'8ad26608-ed95-4b9e-ab80-e8b2b1a5ed11','f113cd3f-56d6-44e8-88e9-968c397dbea8','bcdc66af-d20f-42e0-8bc2-21fee1c7ec26'),('4f34629e-c032-4f14-bda0-798dac2b9bf7',1,6,'8ad26608-ed95-4b9e-ab80-e8b2b1a5ed11','d4cda912-6ca4-4fbd-82ee-41fcb40281b9','bcdc66af-d20f-42e0-8bc2-21fee1c7ec26'),('4f74686d-a5d1-4691-84aa-1dabbdbe100e',4,7,'0e3d0f63-83bc-45d6-9a1f-4a16cb97eeed','e673e082-7e12-4358-bbc4-3960b1bba40e','77b48305-eb0e-4fbb-bf35-db3a086dfac2'),('4fcb50d4-3a17-4e09-bc64-7dbff6ac4d32',3,8,'bee882b3-8bbc-472d-80fa-d683adc8468c','1dfc4fba-91fe-4208-b23b-7de92d4e05ba','18f2bada-2f3c-419e-921c-0fac96324e41'),('4feacc62-fe9b-40ac-b897-a9ec00be4770',3,7,'e527deb5-3666-4385-a3ef-f3ae959e20ea','387b256d-5a06-46ec-8cce-e8fac43d8181','494925c2-0147-4381-9b5d-eb1b15622f73'),('5071f98e-83f8-4bbb-ada9-76fd54b7d016',4,8,'238370d5-306e-4cde-a891-849b365ee683','84ad2168-82dd-470e-a55b-7b3e0bd8f0d1','bcdc66af-d20f-42e0-8bc2-21fee1c7ec26'),('51630863-fa2e-47ce-bd09-602624cb498c',1,NULL,'15dec003-5456-43ea-a6da-cf981333f6a5','7cf26c56-e846-435a-8f1e-d155723db433','bcdc66af-d20f-42e0-8bc2-21fee1c7ec26'),('518d9a10-735b-4c98-944f-3b142850192c',4,7,'14ff2143-43f2-4e27-90c1-7d8b5849785b','b5150222-181b-4981-a06f-60159583c035','59a0b9a8-b048-421d-869b-860ab29dc46e'),('5215a921-d945-4277-b9d9-6cc9f1a9b975',1,7,'a77d6052-a2fa-455e-9091-b495afab210c','7bfbd046-9ea4-44fb-85d3-d12653d7d4a1','f73a2cf1-38a2-4ae6-b4d5-ea3c68f10db5'),('52548aac-cc86-44f5-8160-4b49e807182f',1,10,'772f1935-8770-467c-a601-029fbba5abcd','d7e1e7a1-4657-4551-8d7d-98f98d45eedd','77b48305-eb0e-4fbb-bf35-db3a086dfac2'),('52d2a2ab-4044-419f-a58f-1d6a3ded3646',3,5,'b05190f1-846f-42db-aa67-844530c29f9c','f7ea64eb-aab0-4037-92b5-59f9815b822f','23b601f5-79fb-46f6-af7c-951a78d4e866'),('52e12f1c-670c-45ce-92ab-a0fc68a236d8',2,7,'4872bbe1-39b7-4b48-b983-bf06f56c660c','815f4404-cebc-4885-9222-6d1d4784f8c2','7c847407-d519-479c-99bd-b57d01a98670'),('531b4e22-619e-48d3-93bd-18e375e65146',3,NULL,'7df079e3-e5ec-4632-b6f0-c4a3cb09f3f7','2332ba9a-fef0-4d43-b36e-8d76ce0e3363','bcd17dd0-e430-40b5-954f-9a7289a8bac7'),('5330e31b-8420-424d-b8a4-1122ac4c0d04',1,10,'8ad26608-ed95-4b9e-ab80-e8b2b1a5ed11','4fdb7a77-e587-4070-8f02-234deda24314','bcdc66af-d20f-42e0-8bc2-21fee1c7ec26'),('534242fe-0f03-44a0-be5d-3ef3414ab767',4,NULL,'15dec003-5456-43ea-a6da-cf981333f6a5','78042619-988d-467b-8b26-be348dd4282b','bcdc66af-d20f-42e0-8bc2-21fee1c7ec26'),('5371eb20-e7c9-446e-9796-fb38edb6f755',2,12,'66c75202-6a2b-45cc-b4d4-08585053e0ef','85701c81-e739-4d05-bd37-6d53740a17bf','bcdc66af-d20f-42e0-8bc2-21fee1c7ec26'),('53fe3cce-e32d-43f5-8b50-accd41da4e54',2,6,'d166c651-2f14-4c54-a28d-bcb6990f8772','5f1a9384-e8da-4b8f-8097-cdc84aa92730','f73a2cf1-38a2-4ae6-b4d5-ea3c68f10db5'),('543ba287-1188-4bf4-ab10-be97c2ab105b',1,5,'b1258ee1-fd42-4100-8dbe-911669dee69b','d0de4506-85c9-470e-8962-143be4145640','bcdc66af-d20f-42e0-8bc2-21fee1c7ec26'),('5450c3c3-ee63-4cbd-8c4e-fec3a48849d9',2,NULL,'b3d362cf-bf31-4826-8056-adfec5fac8a4','3287a41e-23ee-46ae-822d-eb4cc35f8753','f73a2cf1-38a2-4ae6-b4d5-ea3c68f10db5'),('54b09d5c-f6e6-47bc-b70b-817feedcac56',1,11,'46de4538-4bde-47b2-a908-4c7aa66198cd','5dcefba3-3460-4707-aa4a-f3ec9f653a83','bcd17dd0-e430-40b5-954f-9a7289a8bac7'),('551171e1-d4fb-470d-bba2-6e8b98a55485',2,8,'42b3d0e1-81a1-4143-945a-762f24bfeeda','07fe3853-8261-4f31-8a4c-b776c6840a61','494925c2-0147-4381-9b5d-eb1b15622f73'),('554f8a37-31e6-49ed-a000-6ce8c21c697e',1,6,'4d8f2865-164f-42ce-bd0a-c0becd03b425','6cbbcb7d-12bf-4b21-8ae8-8d640af0d5a9','f73a2cf1-38a2-4ae6-b4d5-ea3c68f10db5'),('56608401-6229-4596-adb6-d60ed973918f',4,8,'290f18f7-7580-433e-bde2-8f424c5ba464','42478984-e68c-418f-aee4-2a7d24383ad4','31c2bb6a-1161-4981-98ef-ca9d4cc302c6'),('56a3cbc1-5b79-49e5-b082-0cc69c62a25b',4,7,'59f538d7-3159-41bf-884a-49010663c67a','7c7d4e15-4e16-48b1-9cf5-5c99efa36b1b','7c847407-d519-479c-99bd-b57d01a98670'),('57a19e6e-474b-4697-b6dc-31b9f8d0a4c5',3,NULL,'e527deb5-3666-4385-a3ef-f3ae959e20ea','28f6560b-4123-4fe4-bfc4-45dc14229b28','494925c2-0147-4381-9b5d-eb1b15622f73'),('57b9c392-3ab5-46dd-80d1-a278960667d4',1,7,'0bef737c-68ef-4f15-81e2-49d0477d7e13','661f60f7-5ab9-4d7d-bfe0-e0fd5b2de27c','f73a2cf1-38a2-4ae6-b4d5-ea3c68f10db5'),('57fd251a-bd58-4185-896f-58459b093c83',1,9,'ce3adffa-6113-48f4-baa2-ade8b4f312bf','4551e1c1-3403-4ad8-9f22-003406c33892','f73a2cf1-38a2-4ae6-b4d5-ea3c68f10db5'),('5908056e-b9e8-44d3-a350-e6810ee962b8',4,11,'b8f53693-b499-45ae-99ba-af038f7f0652','b2c836a0-e4bf-4dd4-8ab2-1687e6331be8','f73a2cf1-38a2-4ae6-b4d5-ea3c68f10db5'),('59b1694f-ac4b-434c-8671-b8998465d436',1,12,'238370d5-306e-4cde-a891-849b365ee683','f4159621-b239-44e2-83bb-9040fbf08e84','bcdc66af-d20f-42e0-8bc2-21fee1c7ec26'),('5a4eefbc-86e9-4f90-a7ff-0cff4552d31e',3,13,'6b749139-d000-47d8-8e8b-870e5bf1a50a','d2337ac2-c7b1-4ad5-bcec-2dd7cb60fe86','56120e9c-2047-45a3-a9dd-fc68366f6e13'),('5a75729d-dd95-4dc6-8217-f8cdc956bb14',4,6,'4e5b253e-b168-42e9-b8df-420fb7603f1c','0f69f73c-fb2c-4218-bf53-3b5ec846adae','d85f1c3e-8aad-4978-864e-d801bc912668'),('5b1f2cbc-fe53-4f1e-8c99-c25656f9feb7',2,NULL,'7c5d0ced-829c-452e-b55f-816276ac1dab','5ee9ff0d-4d4e-4280-913c-84a2ddfbbda3','563e304f-11d3-4b7b-b5e3-85c45c362e18'),('5b4fdde9-dcef-418f-a4ea-03d6b9fe2815',4,11,'4d8f2865-164f-42ce-bd0a-c0becd03b425','a49a4acb-d01a-443e-b957-3754dfc81694','f73a2cf1-38a2-4ae6-b4d5-ea3c68f10db5'),('5b8a37ce-9241-4852-8ae0-681880a0cfef',4,NULL,'d9e2a41f-6f60-4ec0-a45a-9595cc725536','9f06f05b-214e-4d06-9dfc-5b4bb8b0e80c','7d5d6490-bb57-4a6d-a268-92c6d0fc6d43'),('5be4b385-813d-4567-b724-35c375acbe91',3,11,'8fa9c10a-9a9a-4c75-bdd7-cc95d9591850','893c5cbe-3df6-4458-bcba-1361826acff4','7c847407-d519-479c-99bd-b57d01a98670'),('5c2fe873-f597-4605-96c9-2c7a74aba89d',1,14,'15dec003-5456-43ea-a6da-cf981333f6a5','3287a41e-23ee-46ae-822d-eb4cc35f8753','bcdc66af-d20f-42e0-8bc2-21fee1c7ec26'),('5c871423-850b-4c54-9bc8-9e5da65b9150',3,7,'ca12ce09-d714-44dd-82c1-89dc2de5e9c1','8e074221-52f9-4ed7-99b7-1d30b111755b','bcdc66af-d20f-42e0-8bc2-21fee1c7ec26'),('5cc08332-08bc-4048-9e7f-5f3968f919c0',2,6,'ce3adffa-6113-48f4-baa2-ade8b4f312bf','9f06f05b-214e-4d06-9dfc-5b4bb8b0e80c','f73a2cf1-38a2-4ae6-b4d5-ea3c68f10db5'),('5ccfeb47-475a-4612-8b7a-89d9ebe36105',3,14,'b4ca3969-1344-441a-8951-f922588ec2ce','0649271b-e024-4e6a-83a2-2a92a019f2f6','7dc39f94-11cf-46fa-b7fb-6c18b2df12ab'),('5d44f0d8-f7db-47b4-82d2-fae133efd14c',4,12,'ca12ce09-d714-44dd-82c1-89dc2de5e9c1','d2337ac2-c7b1-4ad5-bcec-2dd7cb60fe86','bcdc66af-d20f-42e0-8bc2-21fee1c7ec26'),('5ddbea21-3ce7-4279-8b57-0472bae770d8',3,7,'6408be34-d9f2-45ff-81cf-9c9f97ff16b1','5e4ac305-c8f7-4b83-bc4e-4b9efea1deb3','7d5d6490-bb57-4a6d-a268-92c6d0fc6d43'),('5eb75865-0fc9-48ba-a1d4-75bc38003eb9',3,NULL,'b908ec91-2033-45fd-9eb7-38fc5faed190','f00616c7-c061-4662-b96d-b572dcd70daf','f73a2cf1-38a2-4ae6-b4d5-ea3c68f10db5'),('5f3a4f19-d9f1-4d10-9665-63596352f7bd',1,6,'262c225b-e217-491d-ad55-a604036f0893','2c250a82-c806-4f94-95e1-942e6d773667','7d5d6490-bb57-4a6d-a268-92c6d0fc6d43'),('5f6f253c-62f9-4c42-8034-4f55f07c3689',4,NULL,'ce3adffa-6113-48f4-baa2-ade8b4f312bf','4a471d14-3537-43b5-911b-10fbd3062dee','f73a2cf1-38a2-4ae6-b4d5-ea3c68f10db5'),('5f9fe6e5-f7ee-4c4c-af8a-171e24265cc7',3,7,'d166c651-2f14-4c54-a28d-bcb6990f8772','89dc81a4-9213-45d2-a3a2-5aebfc6d9fdd','f73a2cf1-38a2-4ae6-b4d5-ea3c68f10db5'),('620a3271-b786-4e51-8a07-aa4ab357cb91',1,NULL,'66c75202-6a2b-45cc-b4d4-08585053e0ef','e0568032-5641-49f5-bcca-a3188216cc82','bcdc66af-d20f-42e0-8bc2-21fee1c7ec26'),('625512b5-1aee-483c-8b83-cac2440bfd1a',1,6,'906b4c5d-123c-428b-a7e2-91c75f731d75','dc1fc92d-e1e8-49ab-b439-5235e724fc84','f73a2cf1-38a2-4ae6-b4d5-ea3c68f10db5'),('634ecf83-d62a-4d12-8845-7ed768aa2e44',4,NULL,'69393a02-7e5c-499f-8005-108740dee92f','2a557f47-2907-46e0-ac00-5d1c4f249214','bcdc66af-d20f-42e0-8bc2-21fee1c7ec26'),('6386b6a2-73d7-4e78-85f3-76a352044127',4,11,'7a52ab2f-ef0e-49df-9bee-d60076950b72','9badbe22-577f-443b-a52a-e4e968ae6859','18f2bada-2f3c-419e-921c-0fac96324e41'),('639887e3-4b3c-43e4-91d0-462004ad4099',4,NULL,'15dec003-5456-43ea-a6da-cf981333f6a5','2910eaa1-db01-4f12-b193-b936b18be4d7','bcdc66af-d20f-42e0-8bc2-21fee1c7ec26'),('64a21724-ded8-4bee-8467-995594a95f0f',1,11,'7f330a3d-caff-41cb-9233-a1751e4819ac','8bf0544f-169b-49bd-b1df-e89163e2c220','b66ca294-dea8-4ebd-bbec-3452a1dd66de'),('657ba614-0531-4f2e-ba82-892f58ea45c2',4,8,'6ee2997d-28f2-491f-96db-77a30eee335d','c77386c5-2394-4f3c-a8c5-890afccc2e6a','7d5d6490-bb57-4a6d-a268-92c6d0fc6d43'),('6672fb68-037e-400f-bb42-b526fae5d69e',4,6,'0bef737c-68ef-4f15-81e2-49d0477d7e13','1d421e68-5f02-4c25-9ed9-e44f9a366905','f73a2cf1-38a2-4ae6-b4d5-ea3c68f10db5'),('66b03094-5c22-4241-b208-d1981be039d7',1,NULL,'a77d6052-a2fa-455e-9091-b495afab210c','262d050a-4ce3-4fa3-b8d9-34137450c7a7','f73a2cf1-38a2-4ae6-b4d5-ea3c68f10db5'),('67177eba-521e-4feb-9fb5-b30dcd37d44f',1,NULL,'649594d5-e479-4984-9c7b-36caf7a81fa6','99ed0ba4-4f57-4589-bcda-90c4648e4ecb','494925c2-0147-4381-9b5d-eb1b15622f73'),('67c1a4d5-fa1c-4b45-bcd2-d3c6a9ad13c7',4,10,'b3d362cf-bf31-4826-8056-adfec5fac8a4','c9924d51-69e4-4ad8-8d2c-491f5b039fbb','f73a2cf1-38a2-4ae6-b4d5-ea3c68f10db5'),('682915fa-7192-47ad-9d48-e5195f357580',3,8,'48991208-3f7e-4821-b37b-ed13839ce3a6','07fe3853-8261-4f31-8a4c-b776c6840a61','bcd17dd0-e430-40b5-954f-9a7289a8bac7'),('684dcf14-a2e5-4cba-aedd-ef84afff2303',3,10,'442a348e-0a25-460e-9b1f-0804fb716f93','0f334929-595b-430a-bb32-5f7366e50466','bcdc66af-d20f-42e0-8bc2-21fee1c7ec26'),('6881b47b-47a7-40cd-8080-0dcccb8e1bb5',2,NULL,'77fc2f5f-4551-484c-9551-e493f4828747','68e726a3-089a-4cee-a768-a972178c6e22','bcdc66af-d20f-42e0-8bc2-21fee1c7ec26'),('68e39b8d-637e-4939-b5bc-e06e6d519d87',1,8,'38265ce2-f73d-4d47-bac2-59dd855e3c06','4093f31c-6122-4f82-bd5d-40140ffc585b','be1d79dd-b907-4fcc-8ead-1bd50eb01571'),('68ecff1f-306e-4463-ae34-185abac24c32',3,NULL,'0bef737c-68ef-4f15-81e2-49d0477d7e13','a7149a37-0014-45fc-a81f-264c1ed93503','f73a2cf1-38a2-4ae6-b4d5-ea3c68f10db5'),('69281107-81e6-4e6e-a518-c2dd61b60b07',3,NULL,'7c5959a5-8f85-4129-ae6a-0ee107aa0d22','96b55efb-9da0-4b1c-8598-4260797ca992','7c847407-d519-479c-99bd-b57d01a98670'),('69c6ca01-f6d1-48ab-9c90-4f291093efb0',3,11,'442a348e-0a25-460e-9b1f-0804fb716f93','46153da3-8539-40ef-9b32-ff7e02c6aaaf','bcdc66af-d20f-42e0-8bc2-21fee1c7ec26'),('69c7a873-4e9b-441f-8dc7-7987e71a8394',2,7,'39c6e3f8-706a-4599-9119-39d0f2cf9c7f','46dab3ef-9a4d-40ea-98c1-a6304b8cda10','31c2bb6a-1161-4981-98ef-ca9d4cc302c6'),('69ce6d56-a3bd-4b7f-b804-73ba2f625ea8',4,12,'48991208-3f7e-4821-b37b-ed13839ce3a6','11e45865-09b3-4c32-aafe-18caaaed35cb','bcd17dd0-e430-40b5-954f-9a7289a8bac7'),('6aed0f7a-1aa4-4514-88d5-ae9cbd40ab7e',4,8,'79da1fb8-b343-4c91-a564-bdfc9952cabc','391fe186-fbcb-4419-8f1f-9d16de14cf92','d44edcf1-8e22-428f-895a-fa2c0925dfc2'),('6aeee813-b175-4998-8065-08ffca9d4870',4,9,'906b4c5d-123c-428b-a7e2-91c75f731d75','8f4cf8e7-0b0f-42a7-8f06-1eac617c423f','f73a2cf1-38a2-4ae6-b4d5-ea3c68f10db5'),('6bc070af-403d-4611-8bdb-f8c52af1bd38',4,8,'8ad26608-ed95-4b9e-ab80-e8b2b1a5ed11','e18a82c3-066e-4331-bdea-28def62e31ac','bcdc66af-d20f-42e0-8bc2-21fee1c7ec26'),('6c430cbf-4369-4560-a932-c6dca8a85f4f',4,12,'258758eb-a829-4b20-8939-3f6bf8593326','1a6d0aaa-0ea6-486f-9ba8-da981fddbc1a','494925c2-0147-4381-9b5d-eb1b15622f73'),('6d4a0a49-a9d9-49f0-b37f-fd627ab6382d',2,7,'77fc2f5f-4551-484c-9551-e493f4828747','75201f30-8d50-48d6-838c-caede37ae2e5','bcdc66af-d20f-42e0-8bc2-21fee1c7ec26'),('6e3f956f-4e82-4e3b-ac28-64b2dbdfc603',4,9,'8ad26608-ed95-4b9e-ab80-e8b2b1a5ed11','d0eb425a-682f-4bd4-807e-82d064ad9364','bcdc66af-d20f-42e0-8bc2-21fee1c7ec26'),('6eeaf69b-9afc-40b8-bbf2-f7f69bd5f9d5',1,9,'8ad26608-ed95-4b9e-ab80-e8b2b1a5ed11','f5b33d63-65ac-4f2b-a673-bd8d8ff04569','bcdc66af-d20f-42e0-8bc2-21fee1c7ec26'),('6f83d587-7e92-4acb-bcb6-616ced0907e8',2,NULL,'8eb54151-0939-43e5-a433-defea8048355','8f4cf8e7-0b0f-42a7-8f06-1eac617c423f','494925c2-0147-4381-9b5d-eb1b15622f73'),('704e81d7-1aa6-44d0-956f-4daafeef33e2',2,8,'ce3adffa-6113-48f4-baa2-ade8b4f312bf','4093f31c-6122-4f82-bd5d-40140ffc585b','f73a2cf1-38a2-4ae6-b4d5-ea3c68f10db5'),('706e8258-60d3-41b8-b4b8-43eafd6ba920',1,7,'8eb54151-0939-43e5-a433-defea8048355','8e074221-52f9-4ed7-99b7-1d30b111755b','494925c2-0147-4381-9b5d-eb1b15622f73'),('70772ae4-2bd7-4fae-af79-6652f30c20f7',4,8,'cf9a7ad7-abae-4b90-9496-26c882024bef','d0de4506-85c9-470e-8962-143be4145640','d85f1c3e-8aad-4978-864e-d801bc912668'),('708cef6d-de3a-4cae-a1f9-36ea0eba0326',2,10,'badbc1cf-ac60-4c25-9210-3bdd8caddca4','7ebd627e-19f0-4ec5-b0f7-c9dcb892a771','494925c2-0147-4381-9b5d-eb1b15622f73'),('70a18ffd-9eae-43e8-8ceb-986d74bb4ae0',1,9,'69393a02-7e5c-499f-8005-108740dee92f','b0947f69-f401-42b0-93d6-951dab5c6e84','bcdc66af-d20f-42e0-8bc2-21fee1c7ec26'),('714f48da-81a1-4927-8ca4-1bc68c66d602',4,4,'77fc2f5f-4551-484c-9551-e493f4828747','8ee9183f-4d5b-40fe-968e-ecde824482d0','bcdc66af-d20f-42e0-8bc2-21fee1c7ec26'),('71ae2e51-3381-432b-af58-9be673d02a21',4,6,'8ad26608-ed95-4b9e-ab80-e8b2b1a5ed11','515f21dc-c3b5-4271-9121-ff9b8177592b','bcdc66af-d20f-42e0-8bc2-21fee1c7ec26'),('71ff0972-5cbe-4c91-ab23-ac2f968fc43f',2,10,'7a52ab2f-ef0e-49df-9bee-d60076950b72','8a83c44d-7540-49c5-bc90-5809b1edfc26','18f2bada-2f3c-419e-921c-0fac96324e41'),('7307f2db-6864-499b-9af4-7ac468f5b5e0',2,NULL,'b008d2cb-fd63-4530-bab9-e4944bfae79f','fd0a1582-ef87-4a4c-9530-7dfa8f6237f5','18f2bada-2f3c-419e-921c-0fac96324e41'),('734cc01e-a0f1-4959-b0e2-afb0073744c0',2,8,'f7ce0b25-a6ad-4a49-9f29-8b87080d8221','c2e24f65-635e-4991-8389-90d7f4426ca9','e8d9d866-ad37-4e72-855a-0adcb829a5c4'),('73742a21-8e7e-4aff-9bb0-b9fc2875ca72',1,7,'05b50a91-3f44-4e95-a4e8-f2c03f488966','46dab3ef-9a4d-40ea-98c1-a6304b8cda10','494925c2-0147-4381-9b5d-eb1b15622f73'),('73e1b86b-37bc-41e0-ba33-971d96599760',1,6,'4a1ada01-bf81-459a-b04b-de1f3e9c8627','1d421e68-5f02-4c25-9ed9-e44f9a366905','494925c2-0147-4381-9b5d-eb1b15622f73'),('73ef8798-af35-47b0-a960-f7a9aa250545',2,7,'8409dc18-df07-45ec-b0b4-2643cf1b6905','7bfbd046-9ea4-44fb-85d3-d12653d7d4a1','494925c2-0147-4381-9b5d-eb1b15622f73'),('7411acba-a20a-4e6e-bdaa-fa539ea162fa',3,7,'55966c99-36e5-48a1-855c-227d114223b3','55746c92-45c2-47b6-a184-ee7b4b6f762c','f73a2cf1-38a2-4ae6-b4d5-ea3c68f10db5'),('74bdf440-7f16-4e02-9a9e-14897b27a735',1,7,'abe30b6a-a079-453d-a23f-2e3416afdc76','1f3e1099-c1bc-4145-aee1-67a21f488f01','7d5d6490-bb57-4a6d-a268-92c6d0fc6d43'),('763c9b7c-e5a5-4d79-85f9-52686c5ad248',2,11,'64643a32-3b11-4d3c-9746-1f9d6edab87e','162cb95b-accf-4ed8-a25c-833db7546804','f73a2cf1-38a2-4ae6-b4d5-ea3c68f10db5'),('7651532c-59dc-4d4a-a7f1-d33c9c8904f0',3,11,'8ad26608-ed95-4b9e-ab80-e8b2b1a5ed11','7692248d-5d16-4e16-8686-cdee99b24d8c','bcdc66af-d20f-42e0-8bc2-21fee1c7ec26'),('76957b2e-660e-4bdc-9faf-bd75f47feb0e',2,5,'66c75202-6a2b-45cc-b4d4-08585053e0ef','9e3abc15-006e-433a-8c21-140e5d87ab03','bcdc66af-d20f-42e0-8bc2-21fee1c7ec26'),('76f8cf3c-6329-433a-ae00-442f81c233e1',4,10,'f85e81b1-e5b8-4d04-9d82-0b593c39fdf3','e31db551-5a83-4ab7-8321-5106a214b604','18f2bada-2f3c-419e-921c-0fac96324e41'),('77a0c3bc-95ae-4349-974b-5178eba040da',1,7,'42ab3833-5779-48f4-bff2-1767499f8145','d66b35b6-67ec-403c-9661-1e53cf30130b','3f4eff16-5caf-45aa-aa83-53bc860668ca'),('77fd4f05-e23f-4cc0-aa1f-68cfadc3bb15',3,9,'96ab08e8-30b2-4252-afac-8192840aa7fa','5f7ba1b5-350d-4fd6-ac52-ea7e23fcd5c8','bcdc66af-d20f-42e0-8bc2-21fee1c7ec26'),('781b7365-007d-43df-a5ea-6a86c4d5c44f',1,8,'c1c7dc9b-4223-4172-a82f-1fe434305cf8','07fe3853-8261-4f31-8a4c-b776c6840a61','f73a2cf1-38a2-4ae6-b4d5-ea3c68f10db5'),('7934be77-d6df-413c-95f8-e23ca9f536ef',3,11,'68dc4c0e-23fa-4a40-9603-5d2cfb5c8177','5dcefba3-3460-4707-aa4a-f3ec9f653a83','494925c2-0147-4381-9b5d-eb1b15622f73'),('79417f97-9940-4a30-98b3-2563ad2551e0',1,NULL,'e464e664-b784-4cce-b74b-74e54a7ce34a','526f7687-e572-4276-8044-ebb83169890d','56120e9c-2047-45a3-a9dd-fc68366f6e13'),('7968f086-1f6f-4bc4-a9ee-796fac489d34',4,NULL,'55966c99-36e5-48a1-855c-227d114223b3','5dcefba3-3460-4707-aa4a-f3ec9f653a83','f73a2cf1-38a2-4ae6-b4d5-ea3c68f10db5'),('7a07f2b2-264a-4788-9bfe-0b86a39b3b1e',2,5,'906b4c5d-123c-428b-a7e2-91c75f731d75','8ee9183f-4d5b-40fe-968e-ecde824482d0','f73a2cf1-38a2-4ae6-b4d5-ea3c68f10db5'),('7ba6e034-bfe2-452a-bc4e-d02196dd9f35',2,7,'b1258ee1-fd42-4100-8dbe-911669dee69b','f4e82690-9dd5-4db9-93ee-3f69da9e49d8','bcdc66af-d20f-42e0-8bc2-21fee1c7ec26'),('7c7dffcc-1c5a-4788-a245-c556a4d38159',2,7,'0c492525-2e36-423b-a471-ff0c41a96283','24974fa0-0ae7-4ed2-8d18-89ee4b381a89','7d5d6490-bb57-4a6d-a268-92c6d0fc6d43'),('7c941f65-645b-45e3-8473-0969fb0b9c03',2,7,'05b50a91-3f44-4e95-a4e8-f2c03f488966','262d050a-4ce3-4fa3-b8d9-34137450c7a7','494925c2-0147-4381-9b5d-eb1b15622f73'),('7c974709-3efd-474e-87b7-18aa5a1ea1d5',3,12,'51f8ef38-c336-4c58-80de-4c12c5d7f925','f4e18e8d-ea90-4c58-b615-8be6f46d6b30','18f2bada-2f3c-419e-921c-0fac96324e41'),('7cb5ddcc-099f-40b2-af3c-82f777cff4e0',2,6,'77fc2f5f-4551-484c-9551-e493f4828747','6cbbcb7d-12bf-4b21-8ae8-8d640af0d5a9','bcdc66af-d20f-42e0-8bc2-21fee1c7ec26'),('7dedb9c9-cd06-4d73-9935-86a017ef3e14',1,6,'238370d5-306e-4cde-a891-849b365ee683','cb62d32a-cbc8-41b2-8fa7-269198bd1e5a','bcdc66af-d20f-42e0-8bc2-21fee1c7ec26'),('7e0f6bc2-bb41-4631-a26a-a29cc7a281be',3,NULL,'b008d2cb-fd63-4530-bab9-e4944bfae79f','1b117a04-2c93-43f6-9c32-682fca6d683e','18f2bada-2f3c-419e-921c-0fac96324e41'),('7ebf8d40-caef-4004-938e-404121158f04',4,NULL,'49f2b076-a321-4123-92b5-ab2e81a5f451','75201f30-8d50-48d6-838c-caede37ae2e5','18f2bada-2f3c-419e-921c-0fac96324e41'),('7ee3e643-66e7-4ca1-9786-965b32a08883',2,10,'0bef737c-68ef-4f15-81e2-49d0477d7e13','2ed46b9a-8036-4d83-9454-a5c1f2275600','f73a2cf1-38a2-4ae6-b4d5-ea3c68f10db5'),('7f01108d-c922-418a-8a89-d432cc269a87',4,15,'c1c7dc9b-4223-4172-a82f-1fe434305cf8','7df08761-37bf-47fd-8ef1-2da78e3cb040','f73a2cf1-38a2-4ae6-b4d5-ea3c68f10db5'),('7f07ca73-116a-4e23-a729-00aafd758b2e',2,7,'f76b4c40-3f06-4638-8053-5f1d96517fe7','55746c92-45c2-47b6-a184-ee7b4b6f762c','bcdc66af-d20f-42e0-8bc2-21fee1c7ec26'),('7f783b7b-8483-4405-ad18-7e3d059380a5',3,6,'69393a02-7e5c-499f-8005-108740dee92f','2a42a89e-6127-47a2-91b9-8225f9c1a24e','bcdc66af-d20f-42e0-8bc2-21fee1c7ec26'),('7fae88c7-28a3-452c-924a-ae09a5178929',3,8,'ce3adffa-6113-48f4-baa2-ade8b4f312bf','b0c2475c-c594-4468-8a87-297f2e216215','f73a2cf1-38a2-4ae6-b4d5-ea3c68f10db5'),('80b5c195-38a5-41a5-9b7b-dcf4d24dcb9c',2,7,'a674ee22-1596-49c1-b951-779db6510c1e','387b256d-5a06-46ec-8cce-e8fac43d8181','f73a2cf1-38a2-4ae6-b4d5-ea3c68f10db5'),('81a027e8-dc07-47ec-b0fd-963370ebfa84',1,7,'aa452e24-87f9-4533-96de-81112fc5adfc','22b0b412-00a4-4119-ad1a-e3def403141e','bcd17dd0-e430-40b5-954f-9a7289a8bac7'),('81d28ecf-8146-446a-807c-944b1389852f',1,8,'932f1a05-cce0-4e50-92c8-b18cae892930','a7149a37-0014-45fc-a81f-264c1ed93503','bcd17dd0-e430-40b5-954f-9a7289a8bac7'),('82281fc0-a1e1-4259-aa99-262e484a552c',3,NULL,'643b247e-c4e5-4f39-8c23-ca9b673aba0d','4ee93313-97d2-45ec-9ad9-d68497e1bc9a','494925c2-0147-4381-9b5d-eb1b15622f73'),('826e5801-baf5-471f-a801-632977463e7c',2,7,'f52e8e9d-cb1e-45fe-bd4b-8f95dc217e6c','b0947f69-f401-42b0-93d6-951dab5c6e84','7c847407-d519-479c-99bd-b57d01a98670'),('8305d2ee-f793-4ba5-a352-073da573d20d',4,NULL,'f76b4c40-3f06-4638-8053-5f1d96517fe7','b3bd9ecb-428b-43d4-a79b-5f67328d8a6a','bcdc66af-d20f-42e0-8bc2-21fee1c7ec26'),('84064f36-b24c-4550-9d7c-a4a421160e31',3,6,'b908ec91-2033-45fd-9eb7-38fc5faed190','4d9ec2e0-a9f6-4ffa-88ed-656e9226b670','f73a2cf1-38a2-4ae6-b4d5-ea3c68f10db5'),('8426f301-cabf-41f8-8527-2bfc23fd7db8',1,7,'9dd035b8-9ec5-4a35-8d9f-d6d9d8251c9e','82ee9b27-db2d-4238-a328-a8337acd958d','23b601f5-79fb-46f6-af7c-951a78d4e866'),('8473ac40-85ac-42b4-85dd-f3b129bd1b6c',4,NULL,'15dec003-5456-43ea-a6da-cf981333f6a5','c2e24f65-635e-4991-8389-90d7f4426ca9','bcdc66af-d20f-42e0-8bc2-21fee1c7ec26'),('84be9b9f-d362-43c5-960c-480a20b80523',4,7,'649594d5-e479-4984-9c7b-36caf7a81fa6','dad7aa01-c747-42bb-b2ef-cf4943d182cf','494925c2-0147-4381-9b5d-eb1b15622f73'),('84f90061-0a10-4b71-841a-904d45ec0f77',3,15,'97ec6a47-7528-45b9-9e5d-eba779521a65','1050194c-a955-45e7-938b-363caece8886','195f2a7b-e6d2-4d69-a55e-b334f324fb0f'),('850bb3c7-0f02-4d8b-86ba-118b4683ba46',1,10,'8ad26608-ed95-4b9e-ab80-e8b2b1a5ed11','11e45865-09b3-4c32-aafe-18caaaed35cb','bcdc66af-d20f-42e0-8bc2-21fee1c7ec26'),('8564b9a0-6759-4497-a87f-cb6a6836a633',2,NULL,'51f8ef38-c336-4c58-80de-4c12c5d7f925','2625085c-df07-47d6-b548-d5ba49c788f0','77b48305-eb0e-4fbb-bf35-db3a086dfac2'),('864a39e5-1a55-470a-ad67-e78d88b5a8fd',3,7,'ce3adffa-6113-48f4-baa2-ade8b4f312bf','78042619-988d-467b-8b26-be348dd4282b','f73a2cf1-38a2-4ae6-b4d5-ea3c68f10db5'),('8652f649-7824-4892-a057-6f6be96c98f5',1,8,'1d60ad87-e35e-43b7-8885-21797d13f593','8f4cf8e7-0b0f-42a7-8f06-1eac617c423f','9f16663c-f653-471a-8bb3-b4eb26524b67'),('869a749a-1b83-471a-bda4-72b62568cd04',1,9,'ca12ce09-d714-44dd-82c1-89dc2de5e9c1','e7946fb1-68e5-4756-8aba-446ade4922a6','bcdc66af-d20f-42e0-8bc2-21fee1c7ec26'),('8739c438-83b5-409a-8a13-19dce03ca3cd',2,9,'9f7e5654-f890-4cf7-8d2b-413f2fa8ba2a','1217acdf-69eb-4639-bf41-cff417438ac0','59a0b9a8-b048-421d-869b-860ab29dc46e'),('89dc3819-bcaf-45df-bd9f-0c1d5753b728',4,9,'0bef737c-68ef-4f15-81e2-49d0477d7e13','b0947f69-f401-42b0-93d6-951dab5c6e84','f73a2cf1-38a2-4ae6-b4d5-ea3c68f10db5'),('8a95b0f6-6753-4b66-9564-88243fe94a67',4,6,'69393a02-7e5c-499f-8005-108740dee92f','7c860660-2aa4-41e3-a4bb-9066d632ba27','bcdc66af-d20f-42e0-8bc2-21fee1c7ec26'),('8aa514c7-0f6e-44f4-b389-56e3f01610cc',1,7,'25fa61be-722d-4a60-b7bc-d374310469ac','fd0a1582-ef87-4a4c-9530-7dfa8f6237f5','7c847407-d519-479c-99bd-b57d01a98670'),('8ba06b8c-ac9b-4ff9-9966-262e4fd60edf',4,6,'b8f53693-b499-45ae-99ba-af038f7f0652','19eb3519-36b6-408d-9eec-1cd7a9f75c74','f73a2cf1-38a2-4ae6-b4d5-ea3c68f10db5'),('8ba8a496-b74b-4a93-a453-878aff3c7b5b',2,9,'b068dd04-c755-4ed8-ba47-e9ce6a1bf9fc','b3bd9ecb-428b-43d4-a79b-5f67328d8a6a','f73a2cf1-38a2-4ae6-b4d5-ea3c68f10db5'),('8c5f5421-5ef3-41f2-bc21-d3fd7943ab8e',2,NULL,'0d79e631-f0fa-4f96-9b4b-0c6567c41403','1d421e68-5f02-4c25-9ed9-e44f9a366905','31c2bb6a-1161-4981-98ef-ca9d4cc302c6'),('8dc51bc8-560c-41fd-9fef-9cd71a30b02c',4,9,'8eb54151-0939-43e5-a433-defea8048355','a7149a37-0014-45fc-a81f-264c1ed93503','494925c2-0147-4381-9b5d-eb1b15622f73'),('8e6a45f7-56e8-4b1d-a287-1036963305ab',4,NULL,'96ab08e8-30b2-4252-afac-8192840aa7fa','11225d16-7186-4f51-87c2-3b21f20c585a','bcdc66af-d20f-42e0-8bc2-21fee1c7ec26'),('8ede0dbd-91ed-4883-82c6-b53e179ddc5d',2,9,'238370d5-306e-4cde-a891-849b365ee683','e5140169-6d6b-4fc9-8973-cab330ec9fe6','bcdc66af-d20f-42e0-8bc2-21fee1c7ec26'),('8f1eb6a2-21a2-4b75-8096-47d1ce127174',1,NULL,'f76b4c40-3f06-4638-8053-5f1d96517fe7','7ebd627e-19f0-4ec5-b0f7-c9dcb892a771','bcdc66af-d20f-42e0-8bc2-21fee1c7ec26'),('91855022-4d84-4a81-97cd-0e1109a101ab',1,8,'4d8f2865-164f-42ce-bd0a-c0becd03b425','f4e18e8d-ea90-4c58-b615-8be6f46d6b30','f73a2cf1-38a2-4ae6-b4d5-ea3c68f10db5'),('919abf31-9463-4c70-bbe9-c89fa1f1e643',1,10,'e527deb5-3666-4385-a3ef-f3ae959e20ea','d2337ac2-c7b1-4ad5-bcec-2dd7cb60fe86','494925c2-0147-4381-9b5d-eb1b15622f73'),('91ce0af7-3729-4a33-9e8e-f672e9aa8e41',1,10,'cf9a7ad7-abae-4b90-9496-26c882024bef','5fc29f98-808e-480e-b1ef-96df1d6db81c','d85f1c3e-8aad-4978-864e-d801bc912668'),('9224c2c7-1ee3-4884-8bd6-e13a33c0204d',2,NULL,'d166c651-2f14-4c54-a28d-bcb6990f8772','7c7d4e15-4e16-48b1-9cf5-5c99efa36b1b','f73a2cf1-38a2-4ae6-b4d5-ea3c68f10db5'),('93382adc-6fee-4678-a4c4-9e01c6cd1cdd',3,NULL,'6114bec6-0c17-4174-886e-bdef8ffd9a50','8ee9183f-4d5b-40fe-968e-ecde824482d0','d85f1c3e-8aad-4978-864e-d801bc912668'),('939fbfb9-f522-4c14-8a9a-56d855d31648',4,7,'8ad26608-ed95-4b9e-ab80-e8b2b1a5ed11','387b256d-5a06-46ec-8cce-e8fac43d8181','bcdc66af-d20f-42e0-8bc2-21fee1c7ec26'),('93f144d5-c969-4c15-9100-c577c983e6bd',4,13,'2948fbf6-d2d2-4fa2-a2e4-2f1354aa16f3','3f542fa2-9ae7-4b8c-aa07-e236613584c9','f73a2cf1-38a2-4ae6-b4d5-ea3c68f10db5'),('946798ae-2bd2-4923-93d1-080a7f44cf12',4,10,'64643a32-3b11-4d3c-9746-1f9d6edab87e','5fc29f98-808e-480e-b1ef-96df1d6db81c','f73a2cf1-38a2-4ae6-b4d5-ea3c68f10db5'),('94963f82-1e8e-4aa1-9941-4a6758e2c158',4,7,'442a348e-0a25-460e-9b1f-0804fb716f93','262d050a-4ce3-4fa3-b8d9-34137450c7a7','bcdc66af-d20f-42e0-8bc2-21fee1c7ec26'),('94a5b97e-cfb7-487d-adf5-a79af42bd40c',2,7,'7b7c673f-413c-4e3e-ae12-449a2aa56d31','78042619-988d-467b-8b26-be348dd4282b','7dc39f94-11cf-46fa-b7fb-6c18b2df12ab'),('94d7912f-cdbf-4be1-9095-40a644d9c5c4',3,9,'0bef737c-68ef-4f15-81e2-49d0477d7e13','2910eaa1-db01-4f12-b193-b936b18be4d7','f73a2cf1-38a2-4ae6-b4d5-ea3c68f10db5'),('953555c9-ec88-4aae-9063-86eabd10fd8e',2,7,'f52e8e9d-cb1e-45fe-bd4b-8f95dc217e6c','47037c12-333c-4286-a112-4ac533a19025','7c847407-d519-479c-99bd-b57d01a98670'),('95b09eab-1116-461f-bf04-89d198437c05',1,7,'25fa61be-722d-4a60-b7bc-d374310469ac','1136c52a-f381-4b3e-bec9-30343c73cfcd','7c847407-d519-479c-99bd-b57d01a98670'),('9663bbc9-a2bd-402d-b99f-ff79d1a6d730',4,6,'0d79e631-f0fa-4f96-9b4b-0c6567c41403','7cf26c56-e846-435a-8f1e-d155723db433','31c2bb6a-1161-4981-98ef-ca9d4cc302c6'),('96e12e7d-7f06-4dbc-93ac-d90132c39e2b',3,9,'d4a48080-dad4-4f12-abd6-12b28484851c','747c40c9-350c-4226-ade7-b9c749d0d2c6','7a56904c-b702-45d2-b59c-1314f1ce7415'),('973b4b3e-85a2-4ae6-850e-d1ae8f3bed40',2,9,'3db1934d-6259-43d8-ab66-69ccd9fc94d9','33c11c8e-0601-4c52-9183-3c286a43dbd2','494925c2-0147-4381-9b5d-eb1b15622f73'),('974445fc-a2af-4c4f-aa3a-2ee0b5ec4eec',1,NULL,'e4724d28-0c10-4fa4-a7de-4b19a8ec2006','1217acdf-69eb-4639-bf41-cff417438ac0','e8d9d866-ad37-4e72-855a-0adcb829a5c4'),('97948a6f-9a94-47d2-acf4-ef58dd57a740',3,13,'8ad26608-ed95-4b9e-ab80-e8b2b1a5ed11','8f4cf8e7-0b0f-42a7-8f06-1eac617c423f','bcdc66af-d20f-42e0-8bc2-21fee1c7ec26'),('97c0721d-beb3-49c9-82ad-0137978068fe',2,NULL,'d166c651-2f14-4c54-a28d-bcb6990f8772','991e0ee3-c5fa-4cc5-943b-4de3e6ed8505','f73a2cf1-38a2-4ae6-b4d5-ea3c68f10db5'),('97ddaa52-5473-4694-bab8-1b376b6bb751',1,11,'a674ee22-1596-49c1-b951-779db6510c1e','e31db551-5a83-4ab7-8321-5106a214b604','f73a2cf1-38a2-4ae6-b4d5-ea3c68f10db5'),('9884aeee-fdf7-4556-aa0e-538d335435e1',2,14,'87e1cac4-46fc-4668-8865-7846ca14de06','3f542fa2-9ae7-4b8c-aa07-e236613584c9','76eea069-4e23-49ef-aaf0-13cee1f5dda7'),('98877257-63bd-45b0-812a-22a021a1495f',4,6,'0bef737c-68ef-4f15-81e2-49d0477d7e13','9e3abc15-006e-433a-8c21-140e5d87ab03','f73a2cf1-38a2-4ae6-b4d5-ea3c68f10db5'),('9919d4b2-ff17-4a65-9abc-34bc1b0224ac',1,6,'5c686164-6008-4aec-bb9a-be4c97b2b225','c0ee1066-9c77-4d08-a075-837707115dc3','bcd17dd0-e430-40b5-954f-9a7289a8bac7'),('99f7eb11-5ff7-4a6a-a4e0-3e01b6a32a60',3,6,'a674ee22-1596-49c1-b951-779db6510c1e','2c250a82-c806-4f94-95e1-942e6d773667','f73a2cf1-38a2-4ae6-b4d5-ea3c68f10db5'),('9a0e037f-feb4-4d16-8580-c8fc9d6229e3',1,10,'6408be34-d9f2-45ff-81cf-9c9f97ff16b1','f76d6564-36ac-46fe-a0e1-efb0d81236f3','7d5d6490-bb57-4a6d-a268-92c6d0fc6d43'),('9ae1443a-84c9-4d79-896e-e665c828862e',1,NULL,'8eb54151-0939-43e5-a433-defea8048355','e5140169-6d6b-4fc9-8973-cab330ec9fe6','494925c2-0147-4381-9b5d-eb1b15622f73'),('9cb07f18-cc80-408f-8231-c9b4462a118a',3,10,'64643a32-3b11-4d3c-9746-1f9d6edab87e','f76d6564-36ac-46fe-a0e1-efb0d81236f3','f73a2cf1-38a2-4ae6-b4d5-ea3c68f10db5'),('9d2dfb38-93be-4195-bcce-cc07fdc5a867',1,11,'631c4c5d-e0f6-4f2a-879c-2f0b5ed4b19f','8a83c44d-7540-49c5-bc90-5809b1edfc26','7d5d6490-bb57-4a6d-a268-92c6d0fc6d43'),('9d6083c1-66e9-4c28-a927-523a2112b68a',1,NULL,'4d8f2865-164f-42ce-bd0a-c0becd03b425','b056ff01-f10b-4f78-92ac-b44a67a0badf','f73a2cf1-38a2-4ae6-b4d5-ea3c68f10db5'),('9d8a81dd-3d98-4a94-99f8-c244c412fabb',4,7,'59f538d7-3159-41bf-884a-49010663c67a','991e0ee3-c5fa-4cc5-943b-4de3e6ed8505','7c847407-d519-479c-99bd-b57d01a98670'),('9d97fa84-c377-44f3-b457-084564bf52ef',3,6,'c1c7dc9b-4223-4172-a82f-1fe434305cf8','dd6ece3e-2a02-4d26-bc86-006274e2e0f7','f73a2cf1-38a2-4ae6-b4d5-ea3c68f10db5'),('9deb409c-49cd-4454-93b5-d24b48984dea',2,7,'258758eb-a829-4b20-8939-3f6bf8593326','2332ba9a-fef0-4d43-b36e-8d76ce0e3363','494925c2-0147-4381-9b5d-eb1b15622f73'),('9e10b0a8-c3a4-491a-bc9c-eab714dcbfd2',4,7,'b1258ee1-fd42-4100-8dbe-911669dee69b','7bfbd046-9ea4-44fb-85d3-d12653d7d4a1','bcdc66af-d20f-42e0-8bc2-21fee1c7ec26'),('9e18e932-3217-4be8-a0d5-7dd7ee37109a',1,6,'2763b3f9-089a-44bf-b3f6-9b47fef0e0eb','40e6e255-028a-433f-a3f6-2f5898899415','31c2bb6a-1161-4981-98ef-ca9d4cc302c6'),('9e38a4d6-18dd-4c1e-99e5-bffdf3f18a4f',2,6,'220d4a83-9cc0-418a-9b38-5f81de40edfb','cb62d32a-cbc8-41b2-8fa7-269198bd1e5a','494925c2-0147-4381-9b5d-eb1b15622f73'),('9f3a20c5-b9c9-416f-8c41-1cb566190c23',3,7,'55966c99-36e5-48a1-855c-227d114223b3','fd0a1582-ef87-4a4c-9530-7dfa8f6237f5','f73a2cf1-38a2-4ae6-b4d5-ea3c68f10db5'),('a0437659-f31c-43ce-8a3c-411f67df5f70',2,6,'f76b4c40-3f06-4638-8053-5f1d96517fe7','5e4ac305-c8f7-4b83-bc4e-4b9efea1deb3','bcdc66af-d20f-42e0-8bc2-21fee1c7ec26'),('a081a5e6-9c11-4f37-91fb-74ea97e28140',4,8,'08182f9c-814b-47e3-9985-f39c2c48dd23','4551e1c1-3403-4ad8-9f22-003406c33892','3f4eff16-5caf-45aa-aa83-53bc860668ca'),('a1a28f49-3515-4b8f-8ba4-ca19ab717195',3,9,'23fe3a4f-f9b0-4ad5-b002-cc4ab94d53b0','f5b33d63-65ac-4f2b-a673-bd8d8ff04569','494925c2-0147-4381-9b5d-eb1b15622f73'),('a288a282-7981-482d-a26c-63f8678dea33',2,14,'209f1991-a09e-4566-81aa-888382e7a8b4','0649271b-e024-4e6a-83a2-2a92a019f2f6','563e304f-11d3-4b7b-b5e3-85c45c362e18'),('a2f62743-3d7a-47e6-9d21-98378be8b86b',1,NULL,'96ab08e8-30b2-4252-afac-8192840aa7fa','1a6d0aaa-0ea6-486f-9ba8-da981fddbc1a','bcdc66af-d20f-42e0-8bc2-21fee1c7ec26'),('a39a994f-d5b0-43e9-adf9-4a3452558130',2,7,'46f8fd84-15ba-4cea-98f2-c11992ce8cab','2a42a89e-6127-47a2-91b9-8225f9c1a24e','d85f1c3e-8aad-4978-864e-d801bc912668'),('a3cd10fc-011e-4093-a13b-bff63495f85e',4,5,'ca12ce09-d714-44dd-82c1-89dc2de5e9c1','2332ba9a-fef0-4d43-b36e-8d76ce0e3363','bcdc66af-d20f-42e0-8bc2-21fee1c7ec26'),('a42cdee1-3d8d-4f8c-8343-75d54d485d28',4,7,'506926d2-34e1-4ae2-9b0b-f35c19c2b732','46dab3ef-9a4d-40ea-98c1-a6304b8cda10','bcd17dd0-e430-40b5-954f-9a7289a8bac7'),('a782efe6-25fe-4865-af70-d6394a62a8d0',3,NULL,'8eb54151-0939-43e5-a433-defea8048355','32d2b229-667e-4452-a69a-e9b108bfa5d0','494925c2-0147-4381-9b5d-eb1b15622f73'),('a7b2bf08-8598-488d-92ed-a171d6a0a4e8',3,NULL,'a86e51f7-3362-4398-8e39-7b84776379af','6cbbcb7d-12bf-4b21-8ae8-8d640af0d5a9','7d5d6490-bb57-4a6d-a268-92c6d0fc6d43'),('a7d456c3-972e-401d-949b-cfbf3eadf19d',1,9,'69393a02-7e5c-499f-8005-108740dee92f','47037c12-333c-4286-a112-4ac533a19025','bcdc66af-d20f-42e0-8bc2-21fee1c7ec26'),('a87d255b-e6f3-447d-87a5-37e4b3025159',3,NULL,'8ad26608-ed95-4b9e-ab80-e8b2b1a5ed11','e31db551-5a83-4ab7-8321-5106a214b604','bcdc66af-d20f-42e0-8bc2-21fee1c7ec26'),('a89a606a-e2e1-4392-9306-65c1c70f5706',4,10,'ce3adffa-6113-48f4-baa2-ade8b4f312bf','46153da3-8539-40ef-9b32-ff7e02c6aaaf','f73a2cf1-38a2-4ae6-b4d5-ea3c68f10db5'),('a8b1da0a-6cec-435b-878e-72e2e3de3c24',2,9,'7321c2f5-e8cd-4be6-8eb5-ab85098d7f4e','89dc81a4-9213-45d2-a3a2-5aebfc6d9fdd','d44edcf1-8e22-428f-895a-fa2c0925dfc2'),('a8d2ef33-8d77-4fe9-835d-85dbb0135129',1,NULL,'7a4d4c3c-a348-4159-94fe-a137bb3c9137','84ad2168-82dd-470e-a55b-7b3e0bd8f0d1','7c847407-d519-479c-99bd-b57d01a98670'),('a8f4b135-c8c3-4566-a51b-3e5d3e148773',4,NULL,'77fc2f5f-4551-484c-9551-e493f4828747','6ed4c6d0-e01f-4f84-b32a-6083cc6e2ea6','bcdc66af-d20f-42e0-8bc2-21fee1c7ec26'),('a939e628-11b1-4d8a-9756-dd3ff56379bd',3,15,'b3d362cf-bf31-4826-8056-adfec5fac8a4','e7946fb1-68e5-4756-8aba-446ade4922a6','f73a2cf1-38a2-4ae6-b4d5-ea3c68f10db5'),('a9a44aa4-0f7f-4560-ab89-b76e2cb19a3c',1,7,'ab71cf77-6266-437b-8209-96c43fce1ae2','6d5da372-d6f6-4aaa-b89f-dc6675efe12a','18f2bada-2f3c-419e-921c-0fac96324e41'),('a9eb125b-502f-4549-8e92-4fbcc843c1e8',1,13,'b1258ee1-fd42-4100-8dbe-911669dee69b','b2c836a0-e4bf-4dd4-8ab2-1687e6331be8','bcdc66af-d20f-42e0-8bc2-21fee1c7ec26'),('aa117127-089d-47bb-8549-44f4e3e7b127',2,NULL,'abe30b6a-a079-453d-a23f-2e3416afdc76','6726f203-f0a3-46fc-8a26-b73160d4c85c','7d5d6490-bb57-4a6d-a268-92c6d0fc6d43'),('aa17b211-65e3-4cd5-a62c-f7942b1a1701',3,7,'8ad26608-ed95-4b9e-ab80-e8b2b1a5ed11','1cacea59-3e9f-4d22-9cb8-f93ef07f87a1','bcdc66af-d20f-42e0-8bc2-21fee1c7ec26'),('aa17bf82-6ea4-4e83-bc36-7393a4cc65dc',2,NULL,'56c97fa8-ab16-42b1-9622-197a64fc5a9b','f76d6564-36ac-46fe-a0e1-efb0d81236f3','7dc39f94-11cf-46fa-b7fb-6c18b2df12ab'),('aa4be91e-9d2f-4714-983f-44213acdd3d8',1,6,'b8f53693-b499-45ae-99ba-af038f7f0652','19eb3519-36b6-408d-9eec-1cd7a9f75c74','494925c2-0147-4381-9b5d-eb1b15622f73'),('aa5f366b-4777-47ff-a2dc-b1d49472243e',1,NULL,'d9e2a41f-6f60-4ec0-a45a-9595cc725536','2ed46b9a-8036-4d83-9454-a5c1f2275600','7d5d6490-bb57-4a6d-a268-92c6d0fc6d43'),('aac61f48-f35a-440b-93e3-e1bd2b89de99',3,8,'86653a1f-6c3d-4add-aecb-5c71942a288f','c2e24f65-635e-4991-8389-90d7f4426ca9','59a0b9a8-b048-421d-869b-860ab29dc46e'),('ab642268-b35b-451a-b94c-9a5de2a9fc41',1,7,'a86e51f7-3362-4398-8e39-7b84776379af','78042619-988d-467b-8b26-be348dd4282b','7d5d6490-bb57-4a6d-a268-92c6d0fc6d43'),('ab95c5c7-50d4-4564-8bd7-3bca40acca7b',1,9,'8ad26608-ed95-4b9e-ab80-e8b2b1a5ed11','33c11c8e-0601-4c52-9183-3c286a43dbd2','bcdc66af-d20f-42e0-8bc2-21fee1c7ec26'),('abb8a0ef-1337-466d-9f46-3946a6fde87b',2,10,'f76b4c40-3f06-4638-8053-5f1d96517fe7','5dcefba3-3460-4707-aa4a-f3ec9f653a83','bcdc66af-d20f-42e0-8bc2-21fee1c7ec26'),('ac244e74-1f1e-4806-ae62-200915626784',3,10,'f76b4c40-3f06-4638-8053-5f1d96517fe7','2ed46b9a-8036-4d83-9454-a5c1f2275600','bcdc66af-d20f-42e0-8bc2-21fee1c7ec26'),('ac27a313-7eea-4266-af63-7fab0b64212b',1,13,'66c75202-6a2b-45cc-b4d4-08585053e0ef','3f542fa2-9ae7-4b8c-aa07-e236613584c9','bcdc66af-d20f-42e0-8bc2-21fee1c7ec26'),('ac5bd686-4d13-4001-a48f-e030c9deeb8f',3,NULL,'ce3adffa-6113-48f4-baa2-ade8b4f312bf','e673e082-7e12-4358-bbc4-3960b1bba40e','f73a2cf1-38a2-4ae6-b4d5-ea3c68f10db5'),('ad3c4534-d4f1-4d07-8536-a10fcc4c6834',3,7,'906b4c5d-123c-428b-a7e2-91c75f731d75','24974fa0-0ae7-4ed2-8d18-89ee4b381a89','f73a2cf1-38a2-4ae6-b4d5-ea3c68f10db5'),('ae0b337c-ab33-44b6-84ac-e6400a6ab4af',2,NULL,'262c225b-e217-491d-ad55-a604036f0893','d4b236fa-2f9a-463b-9990-f1263aa5d95b','7d5d6490-bb57-4a6d-a268-92c6d0fc6d43'),('ae42d164-6edd-4900-80a0-eaa014a0fd56',2,NULL,'abe30b6a-a079-453d-a23f-2e3416afdc76','46153da3-8539-40ef-9b32-ff7e02c6aaaf','7d5d6490-bb57-4a6d-a268-92c6d0fc6d43'),('af0700f8-8fe4-4544-bd98-75d559ff9cc9',4,10,'8254135d-febd-483a-80a6-41f7bbb48c7c','151da2de-5755-4c77-9f1c-cbf96dd83388','7c847407-d519-479c-99bd-b57d01a98670'),('af8920e8-6914-4987-bea0-a09a8150ecc4',3,11,'64643a32-3b11-4d3c-9746-1f9d6edab87e','5db609fc-19fc-4cf6-8729-4540815d6a35','f73a2cf1-38a2-4ae6-b4d5-ea3c68f10db5'),('afb02f57-c3b2-42a2-82a5-43f4884eb8d5',2,NULL,'f76b4c40-3f06-4638-8053-5f1d96517fe7','c0ee1066-9c77-4d08-a075-837707115dc3','bcdc66af-d20f-42e0-8bc2-21fee1c7ec26'),('b0b40338-0d19-4e84-adc7-be71844c83a7',3,6,'64643a32-3b11-4d3c-9746-1f9d6edab87e','d0eb425a-682f-4bd4-807e-82d064ad9364','f73a2cf1-38a2-4ae6-b4d5-ea3c68f10db5'),('b1292977-9d08-490f-8a5e-10b3f81bcb33',4,7,'15dec003-5456-43ea-a6da-cf981333f6a5','28f6560b-4123-4fe4-bfc4-45dc14229b28','bcdc66af-d20f-42e0-8bc2-21fee1c7ec26'),('b12b80f8-1471-4379-9642-d48561515723',3,6,'abe30b6a-a079-453d-a23f-2e3416afdc76','e216bf3b-1fa8-48dd-8a6e-9120bb10b317','7d5d6490-bb57-4a6d-a268-92c6d0fc6d43'),('b16eaf7a-4b7c-4828-9ea8-f5f69d9a14d8',2,6,'d0b7e74f-4075-4f3f-b9c0-9a3794a671f7','0f69f73c-fb2c-4218-bf53-3b5ec846adae','18f2bada-2f3c-419e-921c-0fac96324e41'),('b171d3be-c872-41cf-a974-7ae35a54bd12',1,7,'290f18f7-7580-433e-bde2-8f424c5ba464','28f6560b-4123-4fe4-bfc4-45dc14229b28','31c2bb6a-1161-4981-98ef-ca9d4cc302c6'),('b1a290ae-211e-4fcb-9507-c7237acd9c35',4,9,'01343fa2-c109-4b5e-a947-658d58bbcc07','1217acdf-69eb-4639-bf41-cff417438ac0','19dd9903-d999-48c1-b84c-1b0fa33dcd15'),('b2d6bd06-0a98-4140-b53f-0b1882a4235a',4,9,'0bef737c-68ef-4f15-81e2-49d0477d7e13','47037c12-333c-4286-a112-4ac533a19025','f73a2cf1-38a2-4ae6-b4d5-ea3c68f10db5'),('b3dfa433-0cb7-44a9-b6fc-d985f5a45aa0',1,8,'a86e51f7-3362-4398-8e39-7b84776379af','2f540bd1-183e-44fe-aad9-633e4d319d8d','7d5d6490-bb57-4a6d-a268-92c6d0fc6d43'),('b3f0768f-5486-4704-a2fb-9770ea77d71f',2,8,'abe30b6a-a079-453d-a23f-2e3416afdc76','1dfc4fba-91fe-4208-b23b-7de92d4e05ba','7d5d6490-bb57-4a6d-a268-92c6d0fc6d43'),('b4188fd4-ceb3-4ada-ad6e-03638c6bd98c',1,10,'b7eebdbf-6687-46b5-877e-db9365f0bd5d','884137f6-25d2-4885-8c51-f4bf964bf6ff','bcdc66af-d20f-42e0-8bc2-21fee1c7ec26'),('b4481f08-3a34-4a56-923c-f32c49d3020c',3,NULL,'506926d2-34e1-4ae2-9b0b-f35c19c2b732','19eb3519-36b6-408d-9eec-1cd7a9f75c74','bcd17dd0-e430-40b5-954f-9a7289a8bac7'),('b4590413-9bd1-4c6c-bc78-b00c0ff429e9',4,9,'b908ec91-2033-45fd-9eb7-38fc5faed190','5f7ba1b5-350d-4fd6-ac52-ea7e23fcd5c8','f73a2cf1-38a2-4ae6-b4d5-ea3c68f10db5'),('b4d08319-ad42-4e1c-9120-c994a342c89d',2,6,'ce3adffa-6113-48f4-baa2-ade8b4f312bf','2a557f47-2907-46e0-ac00-5d1c4f249214','f73a2cf1-38a2-4ae6-b4d5-ea3c68f10db5'),('b544f3bc-2d64-47e0-99b8-46a545a15668',4,NULL,'69393a02-7e5c-499f-8005-108740dee92f','24974fa0-0ae7-4ed2-8d18-89ee4b381a89','bcdc66af-d20f-42e0-8bc2-21fee1c7ec26'),('b77590bb-f67c-46eb-b58e-e4440efa1e3f',2,8,'022b0928-6531-438b-9168-d0b7ab96dfa1','27ff2a95-6669-4d26-a0c2-82c6afcd8227','77b48305-eb0e-4fbb-bf35-db3a086dfac2'),('b7e95346-d135-43a4-ade3-ab995b5572c0',2,7,'b1258ee1-fd42-4100-8dbe-911669dee69b','32d2b229-667e-4452-a69a-e9b108bfa5d0','bcdc66af-d20f-42e0-8bc2-21fee1c7ec26'),('b7f1c418-0eba-4084-8736-7b897a61e215',1,14,'96ab08e8-30b2-4252-afac-8192840aa7fa','0649271b-e024-4e6a-83a2-2a92a019f2f6','bcdc66af-d20f-42e0-8bc2-21fee1c7ec26'),('b7f2a3c5-e14c-4c69-8453-1572c51c91dc',2,NULL,'e527deb5-3666-4385-a3ef-f3ae959e20ea','1f3e1099-c1bc-4145-aee1-67a21f488f01','494925c2-0147-4381-9b5d-eb1b15622f73'),('b8294ea9-4daa-4c6b-b162-273e2fe010b1',3,6,'77fc2f5f-4551-484c-9551-e493f4828747','1d421e68-5f02-4c25-9ed9-e44f9a366905','bcdc66af-d20f-42e0-8bc2-21fee1c7ec26'),('b864a3cf-8b9a-45b9-b012-833f038f8303',3,11,'84b7fcad-411a-491e-a131-51dc21ae15bd','8a83c44d-7540-49c5-bc90-5809b1edfc26','bcdc66af-d20f-42e0-8bc2-21fee1c7ec26'),('b9348e1b-f9f9-4d6d-b754-f04fdf8e7a64',3,7,'b1258ee1-fd42-4100-8dbe-911669dee69b','7c7d4e15-4e16-48b1-9cf5-5c99efa36b1b','bcdc66af-d20f-42e0-8bc2-21fee1c7ec26'),('b9fda723-3836-40f6-9a84-ed1a03b4d16d',1,9,'0bef737c-68ef-4f15-81e2-49d0477d7e13','45df0fc8-1600-46ec-82e0-67269254561d','f73a2cf1-38a2-4ae6-b4d5-ea3c68f10db5'),('baa8458e-9b97-4941-b3f3-836a70250b5d',1,NULL,'906b4c5d-123c-428b-a7e2-91c75f731d75','e18a82c3-066e-4331-bdea-28def62e31ac','f73a2cf1-38a2-4ae6-b4d5-ea3c68f10db5'),('bcaa0b91-9832-4b1c-a0e2-241703fd039b',2,NULL,'f76b4c40-3f06-4638-8053-5f1d96517fe7','1050194c-a955-45e7-938b-363caece8886','bcdc66af-d20f-42e0-8bc2-21fee1c7ec26'),('bd360568-b44b-47df-9223-12ecb52a7194',3,12,'06560d87-4029-44d8-b0b1-752daa03d6be','7df08761-37bf-47fd-8ef1-2da78e3cb040','7d5d6490-bb57-4a6d-a268-92c6d0fc6d43'),('be14319b-0448-4db9-b540-c2d990151f5a',2,5,'649594d5-e479-4984-9c7b-36caf7a81fa6','7c860660-2aa4-41e3-a4bb-9066d632ba27','494925c2-0147-4381-9b5d-eb1b15622f73'),('be646516-f6f9-43e1-8ad1-82950916afb1',3,9,'d9247883-d3f8-49d2-a867-b25342ecb7a9','68e726a3-089a-4cee-a768-a972178c6e22','d44edcf1-8e22-428f-895a-fa2c0925dfc2'),('be91c3bb-f4f8-48ea-bf46-34aba2d65b62',2,NULL,'64643a32-3b11-4d3c-9746-1f9d6edab87e','391fe186-fbcb-4419-8f1f-9d16de14cf92','f73a2cf1-38a2-4ae6-b4d5-ea3c68f10db5'),('be91ee66-bb4b-42c7-a7ca-63397d5ea17f',4,9,'4d8f2865-164f-42ce-bd0a-c0becd03b425','526f7687-e572-4276-8044-ebb83169890d','f73a2cf1-38a2-4ae6-b4d5-ea3c68f10db5'),('be9fa25c-72f5-4169-bafd-87802b6a98ef',3,8,'69393a02-7e5c-499f-8005-108740dee92f','4093f31c-6122-4f82-bd5d-40140ffc585b','bcdc66af-d20f-42e0-8bc2-21fee1c7ec26'),('bf5aa053-2fb1-4e19-a508-43079c316a17',1,10,'a8155b8d-4ec4-403f-b6d0-08464fe9d51e','a49a4acb-d01a-443e-b957-3754dfc81694','494925c2-0147-4381-9b5d-eb1b15622f73'),('c00a45f7-809c-4dfd-8053-0e08bdc58452',4,NULL,'906b4c5d-123c-428b-a7e2-91c75f731d75','7dcf0edd-beee-4687-b2ec-778f0ba9cc38','f73a2cf1-38a2-4ae6-b4d5-ea3c68f10db5'),('c161457e-f10c-47ba-84eb-7702572e9381',4,NULL,'77fc2f5f-4551-484c-9551-e493f4828747','2f540bd1-183e-44fe-aad9-633e4d319d8d','bcdc66af-d20f-42e0-8bc2-21fee1c7ec26'),('c1757e11-0c20-43af-9ccb-8712f726bc7c',2,8,'0bef737c-68ef-4f15-81e2-49d0477d7e13','c77386c5-2394-4f3c-a8c5-890afccc2e6a','f73a2cf1-38a2-4ae6-b4d5-ea3c68f10db5'),('c26f3ee8-ea62-4e73-879b-e8e6ce38040b',4,6,'786adef8-fff7-441c-a4de-6eab07fdacd7','cb62d32a-cbc8-41b2-8fa7-269198bd1e5a','bcd17dd0-e430-40b5-954f-9a7289a8bac7'),('c2f7d04d-6146-45e5-9218-587271b50b9a',1,7,'d2ffa687-7f8d-4767-98b3-385a9993a185','7dcf0edd-beee-4687-b2ec-778f0ba9cc38','bcd17dd0-e430-40b5-954f-9a7289a8bac7'),('c354fb2a-6874-4cbf-852e-64d4686fa94d',2,8,'0d79e631-f0fa-4f96-9b4b-0c6567c41403','d4cda912-6ca4-4fbd-82ee-41fcb40281b9','31c2bb6a-1161-4981-98ef-ca9d4cc302c6'),('c371ac5d-5bec-4871-9c97-b46f76a210b8',4,11,'48991208-3f7e-4821-b37b-ed13839ce3a6','e7946fb1-68e5-4756-8aba-446ade4922a6','bcd17dd0-e430-40b5-954f-9a7289a8bac7'),('c45a0270-1c6f-429f-80de-f4e2602a55e4',3,12,'be76f907-25f4-4745-ac8c-93b62d50b6ed','884137f6-25d2-4885-8c51-f4bf964bf6ff','446bbf78-3c3a-4105-8740-c5b4368655a9'),('c4992f74-f062-42f4-80ef-b73600eff3fd',4,6,'506926d2-34e1-4ae2-9b0b-f35c19c2b732','dd6ece3e-2a02-4d26-bc86-006274e2e0f7','bcd17dd0-e430-40b5-954f-9a7289a8bac7'),('c4d3fcb3-2302-4d62-9394-65385b2763b3',3,10,'49f2b076-a321-4123-92b5-ab2e81a5f451','c9924d51-69e4-4ad8-8d2c-491f5b039fbb','18f2bada-2f3c-419e-921c-0fac96324e41'),('c5a8572a-0a47-4492-bcb2-153ddbea68a6',3,NULL,'2763b3f9-089a-44bf-b3f6-9b47fef0e0eb','7bfbd046-9ea4-44fb-85d3-d12653d7d4a1','31c2bb6a-1161-4981-98ef-ca9d4cc302c6'),('c5aad106-8616-4994-a55a-e7df9bf9e04d',1,8,'ac734230-b3dc-4fee-b833-02a571d3e8cd','c2e24f65-635e-4991-8389-90d7f4426ca9','19dd9903-d999-48c1-b84c-1b0fa33dcd15'),('c5b8be4f-f068-427a-86f4-07810ddcda17',4,10,'024eaa12-d1e4-40fe-a160-f39d522f9a3c','7ebd627e-19f0-4ec5-b0f7-c9dcb892a771','83c333d4-2546-4b37-b28e-16bebb298bbd'),('c5d7de86-70db-4060-9a6e-b268561672a7',4,5,'b3d362cf-bf31-4826-8056-adfec5fac8a4','99ed0ba4-4f57-4589-bcda-90c4648e4ecb','f73a2cf1-38a2-4ae6-b4d5-ea3c68f10db5'),('c692acdb-fc18-4b5c-9110-e8fcdccd9b40',2,NULL,'2948fbf6-d2d2-4fa2-a2e4-2f1354aa16f3','d2337ac2-c7b1-4ad5-bcec-2dd7cb60fe86','f73a2cf1-38a2-4ae6-b4d5-ea3c68f10db5'),('c69961d0-c256-4ae2-a515-dc8634c50cad',2,8,'238370d5-306e-4cde-a891-849b365ee683','42478984-e68c-418f-aee4-2a7d24383ad4','bcdc66af-d20f-42e0-8bc2-21fee1c7ec26'),('c6b7102e-95eb-442a-abd9-5f7a19f51a15',2,8,'42ea8e6e-33e1-4c5c-8477-9b8858c8a560','4551e1c1-3403-4ad8-9f22-003406c33892','a112df3f-73c0-40f6-bd5c-af4a63ff91bb'),('c7293f9d-c0eb-4bd0-b910-7650060b26c8',1,10,'238370d5-306e-4cde-a891-849b365ee683','162cb95b-accf-4ed8-a25c-833db7546804','bcdc66af-d20f-42e0-8bc2-21fee1c7ec26'),('c7523f3b-dfec-4e1b-83ea-93f99dfd496c',4,7,'b1258ee1-fd42-4100-8dbe-911669dee69b','6d5da372-d6f6-4aaa-b89f-dc6675efe12a','bcdc66af-d20f-42e0-8bc2-21fee1c7ec26'),('c767cd52-4ccc-4c6d-bfba-7e6de482904a',2,10,'238370d5-306e-4cde-a891-849b365ee683','5fc29f98-808e-480e-b1ef-96df1d6db81c','bcdc66af-d20f-42e0-8bc2-21fee1c7ec26'),('c7a3e65f-3e27-4ff9-b7bc-6e0ebce6cc95',2,11,'de4339fc-995c-47b3-ac03-78ea1127f612','b2c836a0-e4bf-4dd4-8ab2-1687e6331be8','7d5d6490-bb57-4a6d-a268-92c6d0fc6d43'),('c8db4328-9402-4355-9059-67aeeca6f2e6',4,7,'be76f907-25f4-4745-ac8c-93b62d50b6ed','dc1fc92d-e1e8-49ab-b439-5235e724fc84','446bbf78-3c3a-4105-8740-c5b4368655a9'),('c95ddc99-2b79-4aab-9e5e-4ff7aed9d4a1',1,7,'12dd34eb-c08f-4f88-8bbf-894e5ca5595c','6726f203-f0a3-46fc-8a26-b73160d4c85c','7dc39f94-11cf-46fa-b7fb-6c18b2df12ab'),('c9e52d56-f382-4ab5-b587-bee95256a907',2,7,'55966c99-36e5-48a1-855c-227d114223b3','d66b35b6-67ec-403c-9661-1e53cf30130b','f73a2cf1-38a2-4ae6-b4d5-ea3c68f10db5'),('c9f64c41-5dea-48e6-a24d-969af17a446d',1,8,'77fc2f5f-4551-484c-9551-e493f4828747','f00616c7-c061-4662-b96d-b572dcd70daf','bcdc66af-d20f-42e0-8bc2-21fee1c7ec26'),('ca5cc98a-a50f-43db-89b2-44ad382855b4',4,6,'bee882b3-8bbc-472d-80fa-d683adc8468c','e216bf3b-1fa8-48dd-8a6e-9120bb10b317','18f2bada-2f3c-419e-921c-0fac96324e41'),('caaa18b7-ebf4-41ad-884a-6e71f07a02b5',2,7,'25fa61be-722d-4a60-b7bc-d374310469ac','2f540bd1-183e-44fe-aad9-633e4d319d8d','7c847407-d519-479c-99bd-b57d01a98670'),('cbeb77bd-857b-49e1-a55d-f1d9c7b5b5c9',1,9,'46f8fd84-15ba-4cea-98f2-c11992ce8cab','5f7ba1b5-350d-4fd6-ac52-ea7e23fcd5c8','d85f1c3e-8aad-4978-864e-d801bc912668'),('cd054b5c-403f-4e37-aafc-981d3aedf91d',3,10,'290f18f7-7580-433e-bde2-8f424c5ba464','4414f4d8-2f9a-4ed1-a871-fe1d5b3deb22','31c2bb6a-1161-4981-98ef-ca9d4cc302c6'),('cd2db627-1381-4a28-ae95-9ec0f0e8f832',2,8,'ca12ce09-d714-44dd-82c1-89dc2de5e9c1','4ee93313-97d2-45ec-9ad9-d68497e1bc9a','bcdc66af-d20f-42e0-8bc2-21fee1c7ec26'),('cda64a8f-6155-4075-9802-0a3a0e67e345',4,9,'ca12ce09-d714-44dd-82c1-89dc2de5e9c1','f76d6564-36ac-46fe-a0e1-efb0d81236f3','bcdc66af-d20f-42e0-8bc2-21fee1c7ec26'),('ce101d68-30eb-42ea-b457-4133be0460dd',2,8,'bd278c78-f307-44b5-a230-fb2e040cfd16','fe12811b-7e5e-4827-abd0-f8e333933fd0','9f16663c-f653-471a-8bb3-b4eb26524b67'),('ce21d35d-3511-419b-80d4-e4570641e3f9',2,9,'69393a02-7e5c-499f-8005-108740dee92f','f7ea64eb-aab0-4037-92b5-59f9815b822f','bcdc66af-d20f-42e0-8bc2-21fee1c7ec26'),('ce436a7e-9b1f-4f27-9a6c-290992f69ebc',3,8,'5f53af5f-fea0-4c3d-876e-28ab7f89e6e8','e5140169-6d6b-4fc9-8973-cab330ec9fe6','195f2a7b-e6d2-4d69-a55e-b334f324fb0f'),('ce53d744-af9d-4c5b-bc84-530be065015e',4,7,'220d4a83-9cc0-418a-9b38-5f81de40edfb','d4cda912-6ca4-4fbd-82ee-41fcb40281b9','494925c2-0147-4381-9b5d-eb1b15622f73'),('cee9b6f9-ca36-469d-9613-ba47034ad9d4',4,NULL,'8ad26608-ed95-4b9e-ab80-e8b2b1a5ed11','07fe3853-8261-4f31-8a4c-b776c6840a61','bcdc66af-d20f-42e0-8bc2-21fee1c7ec26'),('cf18c86e-b994-45e8-9475-8adab068478c',1,NULL,'15dec003-5456-43ea-a6da-cf981333f6a5','0f69f73c-fb2c-4218-bf53-3b5ec846adae','bcdc66af-d20f-42e0-8bc2-21fee1c7ec26'),('cf428d8c-7d89-4fcb-ad30-8474e175dbc0',3,NULL,'b6b1cfef-78e4-4fff-a30a-15bad0280f2b','47037c12-333c-4286-a112-4ac533a19025','18f2bada-2f3c-419e-921c-0fac96324e41'),('cf59bec6-3dd9-4f60-b691-a06922289d66',1,8,'b1258ee1-fd42-4100-8dbe-911669dee69b','3bef1983-376b-441e-a824-e80562c9d50a','bcdc66af-d20f-42e0-8bc2-21fee1c7ec26'),('cfd050ee-a86c-42e5-b060-a3ce861a7036',3,NULL,'b908ec91-2033-45fd-9eb7-38fc5faed190','d7e1e7a1-4657-4551-8d7d-98f98d45eedd','f73a2cf1-38a2-4ae6-b4d5-ea3c68f10db5'),('cfd5955e-b3de-434c-9d59-90f1a092bdf7',2,NULL,'ca9b784d-3d39-49dd-80a0-08ea10ab0008','f5b33d63-65ac-4f2b-a673-bd8d8ff04569','7d5d6490-bb57-4a6d-a268-92c6d0fc6d43'),('d02f953b-e61e-4b8e-afce-7a83242bb1ef',4,7,'66c75202-6a2b-45cc-b4d4-08585053e0ef','704e495c-a14c-45ad-a940-189f5413a9e6','bcdc66af-d20f-42e0-8bc2-21fee1c7ec26'),('d0f0ff57-1213-40aa-a2ee-01bd35739749',1,9,'932f1a05-cce0-4e50-92c8-b18cae892930','4414f4d8-2f9a-4ed1-a871-fe1d5b3deb22','bcd17dd0-e430-40b5-954f-9a7289a8bac7'),('d1eb97d7-09f9-478a-b17a-7aa56aef47f9',2,9,'e3f0f406-d3af-4367-889e-e762ce0f13a2','11225d16-7186-4f51-87c2-3b21f20c585a','31c2bb6a-1161-4981-98ef-ca9d4cc302c6'),('d21c2dfb-929f-4174-abd3-5627d53b2c39',1,5,'d9247883-d3f8-49d2-a867-b25342ecb7a9','8ee9183f-4d5b-40fe-968e-ecde824482d0','d44edcf1-8e22-428f-895a-fa2c0925dfc2'),('d24b87cd-0a31-4798-962d-eff23352c9b6',1,10,'b8f53693-b499-45ae-99ba-af038f7f0652','151da2de-5755-4c77-9f1c-cbf96dd83388','f73a2cf1-38a2-4ae6-b4d5-ea3c68f10db5'),('d30550b9-3350-4513-bdcc-c833319b995d',2,6,'0bef737c-68ef-4f15-81e2-49d0477d7e13','4b3c2726-fa39-4538-b4e3-df2fa55a2108','f73a2cf1-38a2-4ae6-b4d5-ea3c68f10db5'),('d35208eb-b3e6-4f51-803b-496c80107eef',4,6,'238370d5-306e-4cde-a891-849b365ee683','5f1a9384-e8da-4b8f-8097-cdc84aa92730','bcdc66af-d20f-42e0-8bc2-21fee1c7ec26'),('d3cbcdbb-963a-41d4-a73a-9254b4f15705',2,NULL,'24c080bf-53e1-45b7-aea8-5bc2bbaa3e64','e7946fb1-68e5-4756-8aba-446ade4922a6','494925c2-0147-4381-9b5d-eb1b15622f73'),('d4025214-9101-483a-9266-26d690e54515',1,7,'ab71cf77-6266-437b-8209-96c43fce1ae2','704e495c-a14c-45ad-a940-189f5413a9e6','18f2bada-2f3c-419e-921c-0fac96324e41'),('d47737fb-1ab5-41c6-b6a0-dd77b0cf3044',4,NULL,'a674ee22-1596-49c1-b951-779db6510c1e','8e074221-52f9-4ed7-99b7-1d30b111755b','f73a2cf1-38a2-4ae6-b4d5-ea3c68f10db5'),('d568f980-0052-4cf3-a688-a45a2a3270b3',4,NULL,'46f8fd84-15ba-4cea-98f2-c11992ce8cab','89dc81a4-9213-45d2-a3a2-5aebfc6d9fdd','d85f1c3e-8aad-4978-864e-d801bc912668'),('d76bcb33-d72c-444e-b58b-47665e733523',2,5,'ca12ce09-d714-44dd-82c1-89dc2de5e9c1','99ed0ba4-4f57-4589-bcda-90c4648e4ecb','bcdc66af-d20f-42e0-8bc2-21fee1c7ec26'),('d7752c48-bbb9-4ccb-acb4-c1013ec3467b',1,NULL,'c1c7dc9b-4223-4172-a82f-1fe434305cf8','55b0d15a-4e0f-458d-b3cb-1082b94fb435','f73a2cf1-38a2-4ae6-b4d5-ea3c68f10db5'),('d793e826-9345-4011-9250-95efbfbcb223',3,6,'55966c99-36e5-48a1-855c-227d114223b3','0f69f73c-fb2c-4218-bf53-3b5ec846adae','f73a2cf1-38a2-4ae6-b4d5-ea3c68f10db5'),('d7f8be3e-b71f-40bd-bee7-1c5442604e6b',3,8,'6ee2997d-28f2-491f-96db-77a30eee335d','fe12811b-7e5e-4827-abd0-f8e333933fd0','7d5d6490-bb57-4a6d-a268-92c6d0fc6d43'),('d805664e-a504-4c46-a93f-2dad49351044',2,7,'595646ba-1f39-447b-98b4-8481ecda28ec','661f60f7-5ab9-4d7d-bfe0-e0fd5b2de27c','d85f1c3e-8aad-4978-864e-d801bc912668'),('d8bf1250-b745-4639-9733-235b7d817a15',2,6,'66c75202-6a2b-45cc-b4d4-08585053e0ef','e216bf3b-1fa8-48dd-8a6e-9120bb10b317','bcdc66af-d20f-42e0-8bc2-21fee1c7ec26'),('d90b6dba-a6cb-4431-9d69-0b9c700397e0',1,11,'eba29714-2b90-46df-bedb-03208008e068','46153da3-8539-40ef-9b32-ff7e02c6aaaf','18f2bada-2f3c-419e-921c-0fac96324e41'),('da09cb78-a477-4044-95bb-bc19518c761c',4,7,'e78b51b9-b24c-4e45-af5f-3f7cada7d940','40e6e255-028a-433f-a3f6-2f5898899415','494925c2-0147-4381-9b5d-eb1b15622f73'),('da580708-011b-4d19-94a4-83433b009535',1,8,'69393a02-7e5c-499f-8005-108740dee92f','fe12811b-7e5e-4827-abd0-f8e333933fd0','bcdc66af-d20f-42e0-8bc2-21fee1c7ec26'),('dad520d5-70d8-4ce1-9baa-24cf7665703a',2,8,'64643a32-3b11-4d3c-9746-1f9d6edab87e','13720487-1a8f-45a7-89f0-83459ae89cb0','f73a2cf1-38a2-4ae6-b4d5-ea3c68f10db5'),('daf797a0-4238-49fe-82a0-5609122b4010',2,NULL,'e17b86a1-3438-4b49-8200-5e2425938ac0','0f334929-595b-430a-bb32-5f7366e50466','d85f1c3e-8aad-4978-864e-d801bc912668'),('db8a530f-7bbe-4803-9040-4d08d9f25094',2,NULL,'bd278c78-f307-44b5-a230-fb2e040cfd16','2cb4f0ab-53fc-4c48-bb6c-0d34faa4bab0','9f16663c-f653-471a-8bb3-b4eb26524b67'),('dbe9ace1-5343-45db-a7ad-12ee9e30ef21',3,7,'d64b913c-21f7-4fee-952b-0039213ffd39','b5150222-181b-4981-a06f-60159583c035','e8d9d866-ad37-4e72-855a-0adcb829a5c4'),('dc07fd51-6edc-4494-9392-9210b2008fe4',4,7,'b8f53693-b499-45ae-99ba-af038f7f0652','4ee93313-97d2-45ec-9ad9-d68497e1bc9a','f73a2cf1-38a2-4ae6-b4d5-ea3c68f10db5'),('dc1591cb-b06d-4160-80db-b8a1814f1e36',3,NULL,'c1c7dc9b-4223-4172-a82f-1fe434305cf8','40e6e255-028a-433f-a3f6-2f5898899415','f73a2cf1-38a2-4ae6-b4d5-ea3c68f10db5'),('dc48027a-81dc-4045-bf1c-b0cf45357778',3,7,'2763b3f9-089a-44bf-b3f6-9b47fef0e0eb','262d050a-4ce3-4fa3-b8d9-34137450c7a7','31c2bb6a-1161-4981-98ef-ca9d4cc302c6'),('dde3c012-ea4e-441e-b4bc-59d127ac325d',4,7,'a86e51f7-3362-4398-8e39-7b84776379af','5ee9ff0d-4d4e-4280-913c-84a2ddfbbda3','7d5d6490-bb57-4a6d-a268-92c6d0fc6d43'),('de907912-9bf1-46a7-9fdd-1356e9b2265e',3,5,'906b4c5d-123c-428b-a7e2-91c75f731d75','1f3e1099-c1bc-4145-aee1-67a21f488f01','f73a2cf1-38a2-4ae6-b4d5-ea3c68f10db5'),('deeeee34-8697-4d9a-990c-e86313f328f1',3,7,'42ea8e6e-33e1-4c5c-8477-9b8858c8a560','d66b35b6-67ec-403c-9661-1e53cf30130b','a112df3f-73c0-40f6-bd5c-af4a63ff91bb'),('df4a1b26-d7b0-498c-9b1e-524c41409b3c',4,NULL,'ce3adffa-6113-48f4-baa2-ade8b4f312bf','3bef1983-376b-441e-a824-e80562c9d50a','f73a2cf1-38a2-4ae6-b4d5-ea3c68f10db5'),('df90999a-3e2f-4ff2-8caf-5fa59f61bda4',3,NULL,'07e23f42-63ec-4c82-9ecf-4cf07ce8c901','cb62d32a-cbc8-41b2-8fa7-269198bd1e5a','31c2bb6a-1161-4981-98ef-ca9d4cc302c6'),('dfccd748-48b9-427f-b9ae-92c53090008b',1,NULL,'86653a1f-6c3d-4add-aecb-5c71942a288f','f7ea64eb-aab0-4037-92b5-59f9815b822f','59a0b9a8-b048-421d-869b-860ab29dc46e'),('e0070158-80b0-4bb8-aac7-cad66b7585e6',2,NULL,'79da1fb8-b343-4c91-a564-bdfc9952cabc','d0de4506-85c9-470e-8962-143be4145640','d44edcf1-8e22-428f-895a-fa2c0925dfc2'),('e05dc473-5fdf-4057-8c31-7f6a08f9ce93',3,6,'a0223918-8904-4dcc-8edb-614a2ac4cddd','9e3abc15-006e-433a-8c21-140e5d87ab03','d44edcf1-8e22-428f-895a-fa2c0925dfc2'),('e0b7651d-327d-4f2e-a943-1d643373fb51',1,11,'238370d5-306e-4cde-a891-849b365ee683','cbcc80c1-b880-4c0d-b92e-88f53fb66b4b','bcdc66af-d20f-42e0-8bc2-21fee1c7ec26'),('e10c964b-cacd-4a67-9277-8a6c5db84a7d',3,NULL,'a86e51f7-3362-4398-8e39-7b84776379af','9badbe22-577f-443b-a52a-e4e968ae6859','7d5d6490-bb57-4a6d-a268-92c6d0fc6d43'),('e1b89477-0f89-40da-a4d4-0ef4eb706ce3',1,7,'442a348e-0a25-460e-9b1f-0804fb716f93','5ee9ff0d-4d4e-4280-913c-84a2ddfbbda3','bcdc66af-d20f-42e0-8bc2-21fee1c7ec26'),('e2c67073-6426-4dfe-bf5f-b33471dfa57e',4,10,'b3d362cf-bf31-4826-8056-adfec5fac8a4','4fdb7a77-e587-4070-8f02-234deda24314','f73a2cf1-38a2-4ae6-b4d5-ea3c68f10db5'),('e2e05382-9cb9-44b5-816f-59f7464d58be',1,8,'9b53e34d-5231-4b0c-a318-671fee9e48d5','13720487-1a8f-45a7-89f0-83459ae89cb0','18f2bada-2f3c-419e-921c-0fac96324e41'),('e319c065-47db-4195-818d-671e63507534',3,NULL,'f76b4c40-3f06-4638-8053-5f1d96517fe7','dad7aa01-c747-42bb-b2ef-cf4943d182cf','bcdc66af-d20f-42e0-8bc2-21fee1c7ec26'),('e31c6c4f-77e4-414d-89f2-c9d9ed16bb3d',3,NULL,'b1258ee1-fd42-4100-8dbe-911669dee69b','4551e1c1-3403-4ad8-9f22-003406c33892','bcdc66af-d20f-42e0-8bc2-21fee1c7ec26'),('e421abcb-d375-43ad-985d-f522af1f6cd9',1,7,'839b690f-adcf-4901-92d1-1e87ea6393cc','7c7d4e15-4e16-48b1-9cf5-5c99efa36b1b','18f2bada-2f3c-419e-921c-0fac96324e41'),('e49ff521-40fa-40ae-9e2d-06eb56bdf256',3,6,'537f76f8-21e7-41d4-a735-529c68c47992','2625085c-df07-47d6-b548-d5ba49c788f0','7dc39f94-11cf-46fa-b7fb-6c18b2df12ab'),('e4bf47eb-1e8b-47d7-8049-77182cbe1778',1,7,'024eaa12-d1e4-40fe-a160-f39d522f9a3c','c77386c5-2394-4f3c-a8c5-890afccc2e6a','18f2bada-2f3c-419e-921c-0fac96324e41'),('e4d3dcf2-52d4-4984-bb25-1608e27ae7fd',4,10,'238370d5-306e-4cde-a891-849b365ee683','d7e1e7a1-4657-4551-8d7d-98f98d45eedd','bcdc66af-d20f-42e0-8bc2-21fee1c7ec26'),('e4eb791e-337f-4d46-a935-787169b4773f',3,13,'becdf6ca-5c98-4143-9cbf-403bb4d191db','162cb95b-accf-4ed8-a25c-833db7546804','494925c2-0147-4381-9b5d-eb1b15622f73'),('e51011db-6102-4ad1-8147-a5153863803c',3,NULL,'07e23f42-63ec-4c82-9ecf-4cf07ce8c901','3f542fa2-9ae7-4b8c-aa07-e236613584c9','31c2bb6a-1161-4981-98ef-ca9d4cc302c6'),('e549fcc5-146f-41c7-bcde-54cdcc793ade',4,14,'ca9b784d-3d39-49dd-80a0-08ea10ab0008','f1d864a7-c3d6-4535-a1a8-b6af9eeca4d4','7d5d6490-bb57-4a6d-a268-92c6d0fc6d43'),('e5f65e30-e9be-4e82-91e3-31798c3a6e13',4,NULL,'0810ddee-2d7f-4367-bbdf-24c94e080ef5','162cb95b-accf-4ed8-a25c-833db7546804','bcd17dd0-e430-40b5-954f-9a7289a8bac7'),('e615d41a-afb6-463f-bc56-e9ffbc86e203',2,NULL,'a86e51f7-3362-4398-8e39-7b84776379af','747c40c9-350c-4226-ade7-b9c749d0d2c6','7d5d6490-bb57-4a6d-a268-92c6d0fc6d43'),('e6b3160b-50e3-4a59-9b6d-d0a5a9cc7cd6',3,7,'7b7c673f-413c-4e3e-ae12-449a2aa56d31','197015dd-ae91-41a3-9be5-34bfdfc802e1','7dc39f94-11cf-46fa-b7fb-6c18b2df12ab'),('e7136612-3b6a-47f7-8a3b-570a994a3546',2,10,'4e5b253e-b168-42e9-b8df-420fb7603f1c','e31db551-5a83-4ab7-8321-5106a214b604','d85f1c3e-8aad-4978-864e-d801bc912668'),('e79d4ee8-1b5e-434d-85c3-a6079dd14091',2,7,'69393a02-7e5c-499f-8005-108740dee92f','40e6e255-028a-433f-a3f6-2f5898899415','bcdc66af-d20f-42e0-8bc2-21fee1c7ec26'),('e7b5c6a3-88f1-4078-bed2-ec3bf10896ed',3,8,'0bef737c-68ef-4f15-81e2-49d0477d7e13','d0de4506-85c9-470e-8962-143be4145640','f73a2cf1-38a2-4ae6-b4d5-ea3c68f10db5'),('e7e69e07-c080-4519-aa10-039f17f12d41',2,9,'abe30b6a-a079-453d-a23f-2e3416afdc76','2910eaa1-db01-4f12-b193-b936b18be4d7','7d5d6490-bb57-4a6d-a268-92c6d0fc6d43'),('e87eac3f-b226-4ba9-b88c-e2928d865193',1,6,'b3d362cf-bf31-4826-8056-adfec5fac8a4','6ed4c6d0-e01f-4f84-b32a-6083cc6e2ea6','f73a2cf1-38a2-4ae6-b4d5-ea3c68f10db5'),('e8a62c93-a2f7-4fee-b21d-fdc340adec17',2,6,'f00886fd-4b70-49cc-ae8c-559771faa840','6ed4c6d0-e01f-4f84-b32a-6083cc6e2ea6','77b48305-eb0e-4fbb-bf35-db3a086dfac2'),('e8c2e977-59ef-4e60-976f-53501bacf89f',2,14,'4e5b253e-b168-42e9-b8df-420fb7603f1c','7692248d-5d16-4e16-8686-cdee99b24d8c','d85f1c3e-8aad-4978-864e-d801bc912668'),('e8ea3938-d650-46f0-bbca-e655797b1c88',3,9,'d8812af8-6d6f-45e5-bc68-923f27eb82d6','526f7687-e572-4276-8044-ebb83169890d','494925c2-0147-4381-9b5d-eb1b15622f73'),('e8ee7a2b-737c-41c6-8321-4411a256ebc8',3,NULL,'c8114f49-4b6a-4226-8c1c-bebda97b36ec','b2c836a0-e4bf-4dd4-8ab2-1687e6331be8','18f2bada-2f3c-419e-921c-0fac96324e41'),('e91e560c-ec89-4a80-8544-bd4f1119ad27',3,NULL,'ce3adffa-6113-48f4-baa2-ade8b4f312bf','cbcc80c1-b880-4c0d-b92e-88f53fb66b4b','f73a2cf1-38a2-4ae6-b4d5-ea3c68f10db5'),('e9387337-4a16-4de6-9988-13d3e8053b91',3,8,'69393a02-7e5c-499f-8005-108740dee92f','6726f203-f0a3-46fc-8a26-b73160d4c85c','bcdc66af-d20f-42e0-8bc2-21fee1c7ec26'),('e94090b2-0777-46d9-b5f3-3de4a10f3f98',4,NULL,'8eb54151-0939-43e5-a433-defea8048355','85701c81-e739-4d05-bd37-6d53740a17bf','494925c2-0147-4381-9b5d-eb1b15622f73'),('e9a48bcd-81d1-414b-ae50-4cd61576dcf6',4,NULL,'a86e51f7-3362-4398-8e39-7b84776379af','0649271b-e024-4e6a-83a2-2a92a019f2f6','7d5d6490-bb57-4a6d-a268-92c6d0fc6d43'),('eaae2516-1ef8-4220-bca5-0ecf263dc84f',1,9,'c783e60d-098e-4ca2-a796-34b70b585a8e','4ee93313-97d2-45ec-9ad9-d68497e1bc9a','56120e9c-2047-45a3-a9dd-fc68366f6e13'),('eae97bf8-cae0-42a0-8a2d-4117f0e3b858',4,NULL,'a77d6052-a2fa-455e-9091-b495afab210c','8a83c44d-7540-49c5-bc90-5809b1edfc26','f73a2cf1-38a2-4ae6-b4d5-ea3c68f10db5'),('eb55f2aa-4f69-450d-a1c6-3ef5467afb50',2,11,'a8155b8d-4ec4-403f-b6d0-08464fe9d51e','8bf0544f-169b-49bd-b1df-e89163e2c220','494925c2-0147-4381-9b5d-eb1b15622f73'),('eb7f51e6-ea5d-4c97-a9e3-bb78c98fd2a6',4,8,'be4f8b84-66ba-48f2-8127-c33d11a8ee3f','747c40c9-350c-4226-ade7-b9c749d0d2c6','d58dd8c4-664c-4afc-b2f7-a62b2c737325'),('ec07c971-a792-4f35-9f26-35aa1a13b547',4,NULL,'ce3adffa-6113-48f4-baa2-ade8b4f312bf','f4e18e8d-ea90-4c58-b615-8be6f46d6b30','bcdc66af-d20f-42e0-8bc2-21fee1c7ec26'),('ec8130f8-0139-4aec-bcce-4e889953c543',4,10,'ce3adffa-6113-48f4-baa2-ade8b4f312bf','68e726a3-089a-4cee-a768-a972178c6e22','f73a2cf1-38a2-4ae6-b4d5-ea3c68f10db5'),('ece58096-2b80-4db5-8ca2-47e39bccbc4e',2,NULL,'0bef737c-68ef-4f15-81e2-49d0477d7e13','6d5da372-d6f6-4aaa-b89f-dc6675efe12a','f73a2cf1-38a2-4ae6-b4d5-ea3c68f10db5'),('ed0be9a7-919d-413a-a93a-167c3c285971',2,7,'a86e51f7-3362-4398-8e39-7b84776379af','197015dd-ae91-41a3-9be5-34bfdfc802e1','7d5d6490-bb57-4a6d-a268-92c6d0fc6d43'),('ed7949da-bdb6-4a45-b7f2-1068e6d3c264',1,6,'5c686164-6008-4aec-bb9a-be4c97b2b225','7c860660-2aa4-41e3-a4bb-9066d632ba27','bcd17dd0-e430-40b5-954f-9a7289a8bac7'),('ed8bdbc0-d6de-4fea-848a-6d8962c0b50e',2,6,'839b690f-adcf-4901-92d1-1e87ea6393cc','2c250a82-c806-4f94-95e1-942e6d773667','18f2bada-2f3c-419e-921c-0fac96324e41'),('eea441a6-9498-40a2-9c23-bd5cc7152b30',2,8,'55966c99-36e5-48a1-855c-227d114223b3','1b117a04-2c93-43f6-9c32-682fca6d683e','f73a2cf1-38a2-4ae6-b4d5-ea3c68f10db5'),('ef2d448c-f777-4d55-bbfa-0fd425226e98',1,NULL,'1ca58f95-8759-4a6b-818a-89e08763e0cf','b0c2475c-c594-4468-8a87-297f2e216215','7d5d6490-bb57-4a6d-a268-92c6d0fc6d43'),('efcf2fe5-92ae-486b-a20c-f6de63b633ba',4,NULL,'f76b4c40-3f06-4638-8053-5f1d96517fe7','27ff2a95-6669-4d26-a0c2-82c6afcd8227','bcdc66af-d20f-42e0-8bc2-21fee1c7ec26'),('f0643693-88f2-4821-8b62-973256ed7bb1',3,8,'9f7e5654-f890-4cf7-8d2b-413f2fa8ba2a','82ee9b27-db2d-4238-a328-a8337acd958d','59a0b9a8-b048-421d-869b-860ab29dc46e'),('f0c05367-4874-42b1-95e4-fec0c13ff7a6',1,10,'8ad26608-ed95-4b9e-ab80-e8b2b1a5ed11','c9924d51-69e4-4ad8-8d2c-491f5b039fbb','bcdc66af-d20f-42e0-8bc2-21fee1c7ec26'),('f108a6a3-5d52-4f18-a00e-8d884792da3b',2,7,'69fd4dc4-83d3-4582-896a-a1583f5d704b','82ee9b27-db2d-4238-a328-a8337acd958d','e8d9d866-ad37-4e72-855a-0adcb829a5c4'),('f166cb36-fe9e-46b8-8d7c-33a25d2aad3b',1,10,'6c9825d4-f46b-44f3-991a-41df3b437efe','68e726a3-089a-4cee-a768-a972178c6e22','d85f1c3e-8aad-4978-864e-d801bc912668'),('f2af1b3b-8d5a-4879-8dae-25b689dff172',3,8,'57089664-376e-4172-898f-735ad6ab0e04','2cb4f0ab-53fc-4c48-bb6c-0d34faa4bab0','7d5d6490-bb57-4a6d-a268-92c6d0fc6d43'),('f2d94647-b1ff-4e45-91dc-773a9e68c133',3,6,'57089664-376e-4172-898f-735ad6ab0e04','b056ff01-f10b-4f78-92ac-b44a67a0badf','7d5d6490-bb57-4a6d-a268-92c6d0fc6d43'),('f33859ac-4149-49c0-b45c-97d1b3079794',2,10,'be76f907-25f4-4745-ac8c-93b62d50b6ed','d7e1e7a1-4657-4551-8d7d-98f98d45eedd','446bbf78-3c3a-4105-8740-c5b4368655a9'),('f356f285-1856-4177-874b-a6e5a4e69d47',2,12,'bc5bc0b0-9a3c-4276-9b90-9e774d7bdfee','884137f6-25d2-4885-8c51-f4bf964bf6ff','3b184dac-b916-4e8a-b918-14845b26953a'),('f422a309-219a-4305-9ebc-01724ed033ac',1,10,'69393a02-7e5c-499f-8005-108740dee92f','747c40c9-350c-4226-ade7-b9c749d0d2c6','bcdc66af-d20f-42e0-8bc2-21fee1c7ec26'),('f4c24a2d-9d03-44ac-b7f8-8e431fc6263b',2,8,'8fa9c10a-9a9a-4c75-bdd7-cc95d9591850','b0c2475c-c594-4468-8a87-297f2e216215','7c847407-d519-479c-99bd-b57d01a98670'),('f4f590a7-dda1-487e-9fce-50aaa03f2f42',1,6,'d3d37755-b2d6-44f3-8e13-91d3931e45e6','4b3c2726-fa39-4538-b4e3-df2fa55a2108','446bbf78-3c3a-4105-8740-c5b4368655a9'),('f50f39e7-1915-4cdc-be4e-adc382b42729',3,NULL,'7df079e3-e5ec-4632-b6f0-c4a3cb09f3f7','33c11c8e-0601-4c52-9183-3c286a43dbd2','bcd17dd0-e430-40b5-954f-9a7289a8bac7'),('f5d49ab7-e2d5-4b01-9c1c-3fadc03b27e7',3,6,'5769ecf7-fc16-4ad6-9671-10ca4f71f8d3','7cf26c56-e846-435a-8f1e-d155723db433','494925c2-0147-4381-9b5d-eb1b15622f73'),('f6a718c2-01db-49cd-98f8-4565cbd301c9',4,10,'6b77ca63-fd12-41f2-a33b-4051b08bfba2','f7ea64eb-aab0-4037-92b5-59f9815b822f','e8d9d866-ad37-4e72-855a-0adcb829a5c4'),('f709db04-3ede-46c3-9ff7-4044fec01d97',1,7,'66c75202-6a2b-45cc-b4d4-08585053e0ef','b5150222-181b-4981-a06f-60159583c035','bcdc66af-d20f-42e0-8bc2-21fee1c7ec26'),('f76af721-ff8f-443a-b509-f05c73291248',3,7,'eba29714-2b90-46df-bedb-03208008e068','815f4404-cebc-4885-9222-6d1d4784f8c2','18f2bada-2f3c-419e-921c-0fac96324e41'),('f77a2b5b-067d-449f-8866-0dfb362dc222',1,9,'f76b4c40-3f06-4638-8053-5f1d96517fe7','5db609fc-19fc-4cf6-8729-4540815d6a35','bcdc66af-d20f-42e0-8bc2-21fee1c7ec26'),('f816e74f-0e71-4526-ba87-cf6c274e1c4c',2,7,'41665427-53e9-41ee-a2be-cda514279e64','8e074221-52f9-4ed7-99b7-1d30b111755b','bcd17dd0-e430-40b5-954f-9a7289a8bac7'),('f8555a5b-00b7-4e8d-bc74-8608d1a5b360',1,NULL,'4a1ada01-bf81-459a-b04b-de1f3e9c8627','f4e82690-9dd5-4db9-93ee-3f69da9e49d8','494925c2-0147-4381-9b5d-eb1b15622f73'),('f870b3af-e722-49ab-9b5d-e9beea4c249a',1,NULL,'d9247883-d3f8-49d2-a867-b25342ecb7a9','4d9ec2e0-a9f6-4ffa-88ed-656e9226b670','d44edcf1-8e22-428f-895a-fa2c0925dfc2'),('f88eb730-b0fa-4cc6-901a-4edbca6508fe',4,6,'25fa61be-722d-4a60-b7bc-d374310469ac','b056ff01-f10b-4f78-92ac-b44a67a0badf','7c847407-d519-479c-99bd-b57d01a98670'),('f89c540c-baae-466e-8d95-50485c7ce5e2',3,6,'b068dd04-c755-4ed8-ba47-e9ce6a1bf9fc','c0ee1066-9c77-4d08-a075-837707115dc3','f73a2cf1-38a2-4ae6-b4d5-ea3c68f10db5'),('f8c82b08-879d-45d4-b032-faa3dee0dcb0',4,NULL,'c1c7dc9b-4223-4172-a82f-1fe434305cf8','4d5985be-84c0-4be0-9115-2d9f43a837e7','f73a2cf1-38a2-4ae6-b4d5-ea3c68f10db5'),('f8c91168-2771-4bb8-b43b-b9af80816d4b',3,6,'cf9a7ad7-abae-4b90-9496-26c882024bef','2a557f47-2907-46e0-ac00-5d1c4f249214','d85f1c3e-8aad-4978-864e-d801bc912668'),('f9e4464b-da03-4eb3-8b94-0a3783933924',4,16,'852f00c6-8302-4ff0-8a4b-4d4cf3ee3dbd','1050194c-a955-45e7-938b-363caece8886','b66ca294-dea8-4ebd-bbec-3452a1dd66de'),('fa2d36da-6350-45e6-af16-6b9ed6fd2e27',1,7,'cc69760a-8a3b-4262-9ea1-0d93882bac56','55746c92-45c2-47b6-a184-ee7b4b6f762c','d44edcf1-8e22-428f-895a-fa2c0925dfc2'),('faa046d7-5fc0-47b8-9b80-25ea61588ac3',1,7,'165e9bae-ff83-4a36-8c53-fe2648e2b631','24974fa0-0ae7-4ed2-8d18-89ee4b381a89','18f2bada-2f3c-419e-921c-0fac96324e41'),('fbaf192d-de67-4f09-942d-4b2b63ba9530',3,NULL,'96ab08e8-30b2-4252-afac-8192840aa7fa','b74993d3-c579-497f-a825-63268092e3b1','bcdc66af-d20f-42e0-8bc2-21fee1c7ec26'),('fbb361b0-5465-4c69-b690-f70064a1dc9d',4,11,'23fe3a4f-f9b0-4ad5-b002-cc4ab94d53b0','cbcc80c1-b880-4c0d-b92e-88f53fb66b4b','494925c2-0147-4381-9b5d-eb1b15622f73'),('fc1fb411-9446-4262-bb6c-69c091b7c8ae',2,8,'b068dd04-c755-4ed8-ba47-e9ce6a1bf9fc','84ad2168-82dd-470e-a55b-7b3e0bd8f0d1','f73a2cf1-38a2-4ae6-b4d5-ea3c68f10db5'),('fd0d5cca-28c1-4e2b-9657-e71254e3753e',3,7,'55966c99-36e5-48a1-855c-227d114223b3','1136c52a-f381-4b3e-bec9-30343c73cfcd','f73a2cf1-38a2-4ae6-b4d5-ea3c68f10db5'),('fe4e5546-f1f3-45c6-a776-b8976b016d94',2,8,'ab71cf77-6266-437b-8209-96c43fce1ae2','f00616c7-c061-4662-b96d-b572dcd70daf','18f2bada-2f3c-419e-921c-0fac96324e41'),('fe92f808-10f3-4e0a-8942-28b30ec32a39',2,6,'8ad26608-ed95-4b9e-ab80-e8b2b1a5ed11','4d9ec2e0-a9f6-4ffa-88ed-656e9226b670','bcdc66af-d20f-42e0-8bc2-21fee1c7ec26'),('feccb8f0-0141-4e0c-9575-58eea0e2998b',1,9,'ca12ce09-d714-44dd-82c1-89dc2de5e9c1','89dc81a4-9213-45d2-a3a2-5aebfc6d9fdd','bcdc66af-d20f-42e0-8bc2-21fee1c7ec26'),('feefa1d8-c63b-41e6-bf01-49c67d922b32',4,7,'55f8c418-d5af-47bc-bf5d-1cf1f24dcaa1','22b0b412-00a4-4119-ad1a-e3def403141e','494925c2-0147-4381-9b5d-eb1b15622f73'),('ff948c96-66ff-4d6e-a4bd-2e8f0a619195',3,10,'49f2b076-a321-4123-92b5-ab2e81a5f451','4fdb7a77-e587-4070-8f02-234deda24314','18f2bada-2f3c-419e-921c-0fac96324e41'),('ffb730c6-4315-434e-89ad-2a50352d8260',3,11,'abe30b6a-a079-453d-a23f-2e3416afdc76','75201f30-8d50-48d6-838c-caede37ae2e5','7d5d6490-bb57-4a6d-a268-92c6d0fc6d43'),('fff1ac1b-0ea1-49c6-b61a-1097a50576de',3,NULL,'78ff1c9d-0de4-46d9-a32b-2cb46ba54036','5f1a9384-e8da-4b8f-8097-cdc84aa92730','bcd17dd0-e430-40b5-954f-9a7289a8bac7');
/*!40000 ALTER TABLE `seats` ENABLE KEYS */;
UNLOCK TABLES;
/*!40103 SET TIME_ZONE=@OLD_TIME_ZONE */;

/*!40101 SET SQL_MODE=@OLD_SQL_MODE */;
/*!40014 SET FOREIGN_KEY_CHECKS=@OLD_FOREIGN_KEY_CHECKS */;
/*!40014 SET UNIQUE_CHECKS=@OLD_UNIQUE_CHECKS */;
/*!40101 SET CHARACTER_SET_CLIENT=@OLD_CHARACTER_SET_CLIENT */;
/*!40101 SET CHARACTER_SET_RESULTS=@OLD_CHARACTER_SET_RESULTS */;
/*!40101 SET COLLATION_CONNECTION=@OLD_COLLATION_CONNECTION */;
/*!40111 SET SQL_NOTES=@OLD_SQL_NOTES */;

-- Dump completed on 2025-07-09 11:03:23
