-- MySQL dump 10.13  Distrib 8.0.43, for Linux (x86_64)
--
-- Host: localhost    Database: MtG_log
-- ------------------------------------------------------
-- Server version	8.0.43-0ubuntu0.24.04.1

/*!40101 SET @OLD_CHARACTER_SET_CLIENT=@@CHARACTER_SET_CLIENT */;
/*!40101 SET @OLD_CHARACTER_SET_RESULTS=@@CHARACTER_SET_RESULTS */;
/*!40101 SET @OLD_COLLATION_CONNECTION=@@COLLATION_CONNECTION */;
/*!50503 SET NAMES utf8mb4 */;
/*!40103 SET @OLD_TIME_ZONE=@@TIME_ZONE */;
/*!40103 SET TIME_ZONE='+00:00' */;
/*!40014 SET @OLD_UNIQUE_CHECKS=@@UNIQUE_CHECKS, UNIQUE_CHECKS=0 */;
/*!40014 SET @OLD_FOREIGN_KEY_CHECKS=@@FOREIGN_KEY_CHECKS, FOREIGN_KEY_CHECKS=0 */;
/*!40101 SET @OLD_SQL_MODE=@@SQL_MODE, SQL_MODE='NO_AUTO_VALUE_ON_ZERO' */;
/*!40111 SET @OLD_SQL_NOTES=@@SQL_NOTES, SQL_NOTES=0 */;

--
-- Table structure for table `colour_identities`
--

DROP TABLE IF EXISTS `colour_identities`;
/*!40101 SET @saved_cs_client     = @@character_set_client */;
/*!50503 SET character_set_client = utf8mb4 */;
CREATE TABLE `colour_identities` (
  `id` varchar(64) NOT NULL,
  `ci_name` varchar(128) NOT NULL,
  `colours` varchar(128) NOT NULL,
  `num_colours` int NOT NULL,
  PRIMARY KEY (`id`)
) ENGINE=InnoDB DEFAULT CHARSET=utf8mb4 COLLATE=utf8mb4_0900_ai_ci;
/*!40101 SET character_set_client = @saved_cs_client */;

--
-- Dumping data for table `colour_identities`
--

LOCK TABLES `colour_identities` WRITE;
/*!40000 ALTER TABLE `colour_identities` DISABLE KEYS */;
INSERT INTO `colour_identities` VALUES ('018240aa-1533-4c89-9a7e-8f7d57d849a4','Colourless','c',0),('04f42ef3-d4be-45ea-a289-031b7261ab38','Mono-white','w',1),('1447712e-0fb2-4a08-a23e-9345923f3be1','Mono-blue','u',1),('218a0838-cbe1-4308-aabb-8de17cc5873b','Mono-black','b',1),('26842c69-c93d-4ad2-8627-cbe100b600f7','Mono-red','r',1),('302f8628-53b7-44e1-8d77-2aaf65538ba8','Mono-green','g',1),('3256d58c-f465-46ff-94f7-435625da0a3a','Azorius','wu',2),('3b391a97-4c58-4132-8200-68bc2898aef9','Dimir','ub',2),('3de61941-7ac0-4230-aa3b-a8f079e64472','Rakdos','br',2),('532de6fb-59c1-487b-8931-47e70d5cefb2','Gruul','rg',2),('59cb4e07-0520-4b9e-b59c-96088df32978','Selesnya','gw',2),('5d5f6800-e325-4507-a1d5-d8689cd714b9','Orzhov','wb',2),('62eb1f23-0289-46f6-8d3e-ed016a341945','Golgari','bg',2),('702360b8-7181-41a6-b8ac-662eeace3cf2','Simic','gu',2),('71f2e91c-12aa-4358-ae0b-affd4f823cb2','Izzet','ur',2),('7aa24b49-5e15-4fef-8e2a-8f8ee2984cc9','Boros','rw',2),('7c705ad4-f0c3-467e-b480-63a9a809871c','Bant','gwu',3),('7eda5111-5c65-493c-bc32-92a6261ce547','Esper','wub',3),('880393b9-3191-4a6b-a4c5-42f97a659e2c','Grixis','ubr',3),('8a0eed82-6019-46e7-9683-21b622c859b4','Jund','brg',3),('9aa54b57-e5f0-44b6-9c26-09b357a4d54f','Naya','rgw',3),('9fb8539e-2258-4239-bc87-de29d55565e0','Mardu','rwb',3),('a3dec342-cc95-49ec-8dae-4f966da95624','Temur','gur',3),('ad5cec7a-e866-493a-a39c-a0bff8d46eef','Abzan','wbg',3),('b2f7fcf3-ce9f-4898-8d6b-d667de484db2','Jeskai','urw',3),('b5fa6356-25a5-48d5-b2dc-c08a7df6ebe9','Sultai','bgu',3),('b6092dea-04b5-4c40-a089-6d297fb86cfb','Glint-Eye','ubrg',4),('c3daee5a-4ce2-4ccd-bec1-43953ee105c5','Dune-Brood','brgw',4),('cf77b2f2-70ea-432b-8af0-46bfae139e50','Ink-Treader','rgwu',4),('d37e8574-23c4-4dd1-a017-d0b9209bac69','Witch-Maw','gwub',4),('ee1465f8-e828-4a00-baf7-adf39653c678','Yore-Tiller','wubr',4),('ff8bc843-3aa7-4cd4-9db6-c378a69f57b7','Rainbow','wubrg',5);
/*!40000 ALTER TABLE `colour_identities` ENABLE KEYS */;
UNLOCK TABLES;

--
-- Table structure for table `decks`
--

DROP TABLE IF EXISTS `decks`;
/*!40101 SET @saved_cs_client     = @@character_set_client */;
/*!50503 SET character_set_client = utf8mb4 */;
CREATE TABLE `decks` (
  `id` varchar(64) NOT NULL,
  `deck_name` varchar(128) NOT NULL,
  `player_id` varchar(64) NOT NULL,
  `colour_identity_id` varchar(64) NOT NULL,
  `commander_name` varchar(64) DEFAULT NULL,
  `partner_name` varchar(64) DEFAULT NULL,
  `companion_name` varchar(64) DEFAULT NULL,
  `edhrec_num_decks` int DEFAULT NULL,
  `edhrec_popularity` int DEFAULT NULL,
  `last_accessed` datetime DEFAULT NULL,
  PRIMARY KEY (`id`),
  KEY `player_id` (`player_id`),
  KEY `colour_identity_id` (`colour_identity_id`),
  CONSTRAINT `decks_ibfk_1` FOREIGN KEY (`player_id`) REFERENCES `players` (`id`),
  CONSTRAINT `decks_ibfk_2` FOREIGN KEY (`colour_identity_id`) REFERENCES `colour_identities` (`id`)
) ENGINE=InnoDB DEFAULT CHARSET=utf8mb4 COLLATE=utf8mb4_0900_ai_ci;
/*!40101 SET character_set_client = @saved_cs_client */;

--
-- Dumping data for table `decks`
--

LOCK TABLES `decks` WRITE;
/*!40000 ALTER TABLE `decks` DISABLE KEYS */;
INSERT INTO `decks` VALUES ('00946526-be38-4f69-9beb-5f9bef6479ce','Vorinclex, Monstrous Raider','9f16663c-f653-471a-8bb3-b4eb26524b67','302f8628-53b7-44e1-8d77-2aaf65538ba8','Vorinclex, Monstrous Raider','','',4224,513,'2025-11-05 12:02:56'),('01343fa2-c109-4b5e-a947-658d58bbcc07','Arahbo + Kaheera','19dd9903-d999-48c1-b84c-1b0fa33dcd15','59cb4e07-0520-4b9e-b59c-96088df32978','Arahbo, Roar of the World','','Kaheera, the Orphanguard',9152,179,'2025-11-05 12:00:40'),('022b0928-6531-438b-9168-d0b7ab96dfa1','Prismatic Bridge','77b48305-eb0e-4fbb-bf35-db3a086dfac2','ff8bc843-3aa7-4cd4-9db6-c378a69f57b7','Esika, God of the Tree // The Prismatic Bridge','','',21312,24,'2025-11-05 12:02:00'),('024eaa12-d1e4-40fe-a160-f39d522f9a3c','Marneus Calgar','18f2bada-2f3c-419e-921c-0fac96324e41','7eda5111-5c65-493c-bc32-92a6261ce547','Marneus Calgar','','',14146,82,'2025-11-05 12:00:03'),('02765ce8-c668-4774-a319-c99a04ef59ba','Lady Octopus, Inspired Inventor','18f2bada-2f3c-419e-921c-0fac96324e41','1447712e-0fb2-4a08-a23e-9345923f3be1','Lady Octopus, Inspired Inventor','','',1405,1132,'2025-11-05 12:00:04'),('05b50a91-3f44-4e95-a4e8-f2c03f488966','Bruvac the Grandiloquent','494925c2-0147-4381-9b5d-eb1b15622f73','1447712e-0fb2-4a08-a23e-9345923f3be1','Bruvac the Grandiloquent','','',6482,298,'2025-11-05 12:01:12'),('05dabe56-a4d8-4077-bc7c-8b4663062a23','Katilda, Dawnhart Prime','7dc39f94-11cf-46fa-b7fb-6c18b2df12ab','59cb4e07-0520-4b9e-b59c-96088df32978','Katilda, Dawnhart Prime','','',2256,840,'2025-11-05 12:02:45'),('05e26084-ec9a-4d31-bd07-068c014441c9','Lathril, Blade of the Elves','4110d847-bf41-4996-a9f1-2ebe86c69d2f','62eb1f23-0289-46f6-8d3e-ed016a341945','Lathril, Blade of the Elves','','',28282,9,'2025-11-05 12:01:04'),('06560d87-4029-44d8-b0b1-752daa03d6be','Deadpool, Trading Card','7d5d6490-bb57-4a6d-a268-92c6d0fc6d43','3de61941-7ac0-4230-aa3b-a8f079e64472','Deadpool, Trading Card','','',12035,114,'2025-11-05 12:02:27'),('07e23f42-63ec-4c82-9ecf-4cf07ce8c901','Slimefoot & Squee','31c2bb6a-1161-4981-98ef-ca9d4cc302c6','8a0eed82-6019-46e7-9683-21b622c859b4','Slimefoot and Squee','','',8036,218,'2025-11-05 12:00:52'),('0810ddee-2d7f-4367-bbdf-24c94e080ef5','Sauron, the Dark Lord','bcd17dd0-e430-40b5-954f-9a7289a8bac7','880393b9-3191-4a6b-a4c5-42f97a659e2c','Sauron, the Dark Lord','','',29492,7,'2025-11-05 12:03:15'),('08182f9c-814b-47e3-9985-f39c2c48dd23','Bello, Bard of the Brambles','3f4eff16-5caf-45aa-aa83-53bc860668ca','532de6fb-59c1-487b-8931-47e70d5cefb2','Bello, Bard of the Brambles','','',18247,45,'2025-11-05 12:01:03'),('0848d3cd-3296-4aa8-8299-b87f562ab08c','Megatron, Tyrant // Megatron, Destructive Force','9646368a-8b1a-4f69-8744-cb947bbb590c','9fb8539e-2258-4239-bc87-de29d55565e0','Megatron, Tyrant // Megatron, Destructive Force','','',4654,467,'2025-11-05 12:02:52'),('0bef737c-68ef-4f15-81e2-49d0477d7e13','Gut Boned','f73a2cf1-38a2-4ae6-b4d5-ea3c68f10db5','3de61941-7ac0-4230-aa3b-a8f079e64472','Gut, True Soul Zealot','Agent of the Iron Throne','',1027,1334,'2025-11-05 12:04:06'),('0c492525-2e36-423b-a471-ff0c41a96283','Wilhelt, the Rotcleaver','7d5d6490-bb57-4a6d-a268-92c6d0fc6d43','3b391a97-4c58-4132-8200-68bc2898aef9','Wilhelt, the Rotcleaver','','',20475,27,'2025-11-05 12:02:27'),('0d79e631-f0fa-4f96-9b4b-0c6567c41403','Lonis, Cryptozoologist','31c2bb6a-1161-4981-98ef-ca9d4cc302c6','702360b8-7181-41a6-b8ac-662eeace3cf2','Lonis, Cryptozoologist','','',4670,464,'2025-11-05 12:00:53'),('0e3d0f63-83bc-45d6-9a1f-4a16cb97eeed','Eluge','77b48305-eb0e-4fbb-bf35-db3a086dfac2','1447712e-0fb2-4a08-a23e-9345923f3be1','Eluge, the Shoreless Sea','','',10192,152,'2025-11-05 12:02:01'),('100798f6-847e-4f03-8086-076e7b243983','Felothar the Steadfast','18f2bada-2f3c-419e-921c-0fac96324e41','ad5cec7a-e866-493a-a39c-a0bff8d46eef','Felothar the Steadfast','','',10042,157,'2025-11-05 12:00:05'),('12dd34eb-c08f-4f88-8bbf-894e5ca5595c','Talion, the Kindly Lord','7dc39f94-11cf-46fa-b7fb-6c18b2df12ab','3b391a97-4c58-4132-8200-68bc2898aef9','Talion, the Kindly Lord','','',8738,187,'2025-11-05 12:02:45'),('1469980a-927c-43af-bd2f-421f28ba1ecc','Mister Negative','18f2bada-2f3c-419e-921c-0fac96324e41','5d5f6800-e325-4507-a1d5-d8689cd714b9','Mister Negative','','',2640,745,'2025-11-05 12:00:06'),('14af64e7-35fd-4840-99c5-a1394ba6cfe3','Captain N\'ghathrod','18f2bada-2f3c-419e-921c-0fac96324e41','3b391a97-4c58-4132-8200-68bc2898aef9','Captain N\'ghathrod','','',15360,71,'2025-11-05 12:00:07'),('14ff2143-43f2-4e27-90c1-7d8b5849785b','Kona, Rescue Beastie','59a0b9a8-b048-421d-869b-860ab29dc46e','302f8628-53b7-44e1-8d77-2aaf65538ba8','Kona, Rescue Beastie','','',7674,242,'2025-11-05 12:01:53'),('15dec003-5456-43ea-a6da-cf981333f6a5','Xyris, Hedron Grinder','bcdc66af-d20f-42e0-8bc2-21fee1c7ec26','a3dec342-cc95-49ec-8dae-4f966da95624','Xyris, the Writhing Storm','','',16435,58,'2025-11-05 12:03:30'),('165e9bae-ff83-4a36-8c53-fe2648e2b631','Ulalek, Fused Atrocity','18f2bada-2f3c-419e-921c-0fac96324e41','ff8bc843-3aa7-4cd4-9db6-c378a69f57b7','Ulalek, Fused Atrocity','','',22517,19,'2025-11-05 12:00:09'),('18ccf00c-12e1-4c8e-8a98-e468c555614c','Zur the Enchanter','563e304f-11d3-4b7b-b5e3-85c45c362e18','7eda5111-5c65-493c-bc32-92a6261ce547','Zur the Enchanter','','',13535,86,'2025-11-05 12:01:47'),('19d5e2cf-57d7-421a-80d4-93a9705f27ec','The Ur-Dragon','18f2bada-2f3c-419e-921c-0fac96324e41','ff8bc843-3aa7-4cd4-9db6-c378a69f57b7','The Ur-Dragon','','',40493,1,'2025-11-05 12:00:10'),('1bd8261e-664c-48a2-8f1f-52d2ca5590a1','Damia, Sage of Stone','9f16663c-f653-471a-8bb3-b4eb26524b67','b5fa6356-25a5-48d5-b2dc-c08a7df6ebe9','Damia, Sage of Stone','','',3224,637,'2025-11-05 12:02:57'),('1bec9088-c8a0-47e7-922a-1051b6fac8cc','Amy Rose','9f16663c-f653-471a-8bb3-b4eb26524b67','7aa24b49-5e15-4fef-8e2a-8f8ee2984cc9','Amy Rose','','',1394,1139,'2025-11-05 12:02:59'),('1ca58f95-8759-4a6b-818a-89e08763e0cf','The Gitrog, Ravenous Ride','7d5d6490-bb57-4a6d-a268-92c6d0fc6d43','62eb1f23-0289-46f6-8d3e-ed016a341945','The Gitrog, Ravenous Ride','','',7905,226,'2025-11-05 12:02:28'),('1d60ad87-e35e-43b7-8885-21797d13f593','Imskir Iron-Eater','9f16663c-f653-471a-8bb3-b4eb26524b67','3de61941-7ac0-4230-aa3b-a8f079e64472','Imskir Iron-Eater','','',4463,489,'2025-11-05 12:03:00'),('20254e14-02c5-4831-8cd7-c818e8f8aba2','Obeka, Brute Chronologist','18f2bada-2f3c-419e-921c-0fac96324e41','880393b9-3191-4a6b-a4c5-42f97a659e2c','Obeka, Brute Chronologist','','',7780,233,'2025-11-05 12:00:10'),('209f1991-a09e-4566-81aa-888382e7a8b4','Zevlor, Elturel Exile','563e304f-11d3-4b7b-b5e3-85c45c362e18','880393b9-3191-4a6b-a4c5-42f97a659e2c','Zevlor, Elturel Exile','','',4023,533,'2025-11-05 12:01:48'),('21c12c79-ff23-45fc-9a2f-628931c078f7','Zenos yae Galvus // Shinryu, Transcendent Rival','77b48305-eb0e-4fbb-bf35-db3a086dfac2','218a0838-cbe1-4308-aabb-8de17cc5873b','Zenos yae Galvus // Shinryu, Transcendent Rival','','',2299,828,'2025-11-05 12:02:02'),('220d4a83-9cc0-418a-9b38-5f81de40edfb','Omnath, Locus of the Roil','494925c2-0147-4381-9b5d-eb1b15622f73','a3dec342-cc95-49ec-8dae-4f966da95624','Omnath, Locus of the Roil','','',3234,634,'2025-11-05 12:01:13'),('232a10dc-6083-416a-980f-3781d06393d1','Brimaz, Blight of Oreskos','494925c2-0147-4381-9b5d-eb1b15622f73','5d5f6800-e325-4507-a1d5-d8689cd714b9','Brimaz, Blight of Oreskos','','',8398,199,'2025-11-05 12:01:14'),('238370d5-306e-4cde-a891-849b365ee683','Obeka, Brute Chronologist','bcdc66af-d20f-42e0-8bc2-21fee1c7ec26','880393b9-3191-4a6b-a4c5-42f97a659e2c','Obeka, Brute Chronologist','','',7780,233,'2025-11-05 12:03:30'),('23fd7699-5cbd-40cd-87d2-7250a65d87ce','Kona, Rescue Beastie','18f2bada-2f3c-419e-921c-0fac96324e41','302f8628-53b7-44e1-8d77-2aaf65538ba8','Kona, Rescue Beastie','','',7674,242,'2025-11-05 12:00:11'),('23fe3a4f-f9b0-4ad5-b002-cc4ab94d53b0','Tana / Tymna','494925c2-0147-4381-9b5d-eb1b15622f73','c3daee5a-4ce2-4ccd-bec1-43953ee105c5','Tana, the Bloodsower','Tymna the Weaver','',2972,678,'2025-11-05 12:01:15'),('24c080bf-53e1-45b7-aea8-5bc2bbaa3e64','Talion, the Kindly Lord','494925c2-0147-4381-9b5d-eb1b15622f73','3b391a97-4c58-4132-8200-68bc2898aef9','Talion, the Kindly Lord','','',8738,187,'2025-11-05 12:01:16'),('258758eb-a829-4b20-8939-3f6bf8593326','Satya, Aetherflux Genius','494925c2-0147-4381-9b5d-eb1b15622f73','b2f7fcf3-ce9f-4898-8d6b-d667de484db2','Satya, Aetherflux Genius','','',12445,100,'2025-11-05 12:01:17'),('25fa61be-722d-4a60-b7bc-d374310469ac','Kamahl / Bruse Tarl','7c847407-d519-479c-99bd-b57d01a98670','9aa54b57-e5f0-44b6-9c26-09b357a4d54f','Kamahl, Heart of Krosa','Bruse Tarl, Boorish Herder','',373,1968,'2025-11-05 12:02:11'),('262c225b-e217-491d-ad55-a604036f0893','Edgar Markov','7d5d6490-bb57-4a6d-a268-92c6d0fc6d43','9fb8539e-2258-4239-bc87-de29d55565e0','Edgar Markov','','',39166,2,'2025-11-05 12:02:30'),('2763b3f9-089a-44bf-b3f6-9b47fef0e0eb','Zurzoth, Chaos Rider','31c2bb6a-1161-4981-98ef-ca9d4cc302c6','26842c69-c93d-4ad2-8627-cbe100b600f7','Zurzoth, Chaos Rider','','',2976,676,'2025-11-05 12:00:54'),('27c26bc1-fd96-43f9-ba85-a89a67b0f5bf','Yarok, the Desecrated','18f2bada-2f3c-419e-921c-0fac96324e41','b5fa6356-25a5-48d5-b2dc-c08a7df6ebe9','Yarok, the Desecrated','','',11386,124,'2025-11-05 12:00:12'),('290f18f7-7580-433e-bde2-8f424c5ba464','Ghired, Conclave Exile','31c2bb6a-1161-4981-98ef-ca9d4cc302c6','9aa54b57-e5f0-44b6-9c26-09b357a4d54f','Ghired, Conclave Exile','','',3622,589,'2025-11-05 12:00:55'),('2948fbf6-d2d2-4fa2-a2e4-2f1354aa16f3','Glarb, Calamity\'s Augur','f73a2cf1-38a2-4ae6-b4d5-ea3c68f10db5','b5fa6356-25a5-48d5-b2dc-c08a7df6ebe9','Glarb, Calamity\'s Augur','','',16046,64,'2025-11-05 12:04:07'),('2b6062c0-e504-4fde-8c65-a604f50206b8','Nekusar, the Mindrazer','18f2bada-2f3c-419e-921c-0fac96324e41','880393b9-3191-4a6b-a4c5-42f97a659e2c','Nekusar, the Mindrazer','','',24704,15,'2025-11-05 12:00:13'),('2e474150-ffcc-4b73-bc27-aba7c6903a49','Atraxa, Praetors\' Voice','d44edcf1-8e22-428f-895a-fa2c0925dfc2','d37e8574-23c4-4dd1-a017-d0b9209bac69','Atraxa, Praetors\' Voice','','',37890,3,'2025-11-05 12:03:36'),('34a201cc-0fbe-4e41-80d9-2e23cd4b5a77','Cloud Strife','18f2bada-2f3c-419e-921c-0fac96324e41','ff8bc843-3aa7-4cd4-9db6-c378a69f57b7','Najeela, the Blade-Blossom','','',12509,98,'2025-11-05 12:00:14'),('34bc6793-4509-4756-a942-b438c0b09949','Rith, the Awakener','563e304f-11d3-4b7b-b5e3-85c45c362e18','9aa54b57-e5f0-44b6-9c26-09b357a4d54f','Rith, the Awakener','','',1204,1228,'2025-11-05 12:01:49'),('38265ce2-f73d-4d47-bac2-59dd855e3c06','Atraxa, Praetors\' Voice','be1d79dd-b907-4fcc-8ead-1bd50eb01571','d37e8574-23c4-4dd1-a017-d0b9209bac69','Atraxa, Praetors\' Voice','','',37890,3,'2025-11-05 12:03:31'),('39c6e3f8-706a-4599-9119-39d0f2cf9c7f','Lazav, Dimir Mastermind','31c2bb6a-1161-4981-98ef-ca9d4cc302c6','3b391a97-4c58-4132-8200-68bc2898aef9','Lazav, Dimir Mastermind','','',2593,756,'2025-11-05 12:00:57'),('3ac88a17-93b9-4eb5-aab4-6a1ed3f46bc3','Kefka, Court Mage // Kefka, Ruler of Ruin','18f2bada-2f3c-419e-921c-0fac96324e41','880393b9-3191-4a6b-a4c5-42f97a659e2c','Kefka, Court Mage // Kefka, Ruler of Ruin','','',15340,72,'2025-11-05 12:00:15'),('3b76977c-3e34-4db2-95af-f6722a2d7ae3','Muldrotha, the Gravetide','18f2bada-2f3c-419e-921c-0fac96324e41','b5fa6356-25a5-48d5-b2dc-c08a7df6ebe9','Muldrotha, the Gravetide','','',20861,25,'2025-11-05 12:00:16'),('3db1934d-6259-43d8-ab66-69ccd9fc94d9','Ojer Axonil, Deepest Might','494925c2-0147-4381-9b5d-eb1b15622f73','26842c69-c93d-4ad2-8627-cbe100b600f7','Ojer Axonil, Deepest Might // Temple of Power','','',12422,101,'2025-11-05 12:01:18'),('3e6ad6b0-9330-4889-b4ac-d10bdefc618f','Tymna / Tevesh','d85f1c3e-8aad-4978-864e-d801bc912668','5d5f6800-e325-4507-a1d5-d8689cd714b9','Tymna the Weaver','Tevesh Szat, Doom of Fools','',265,2176,'2025-11-05 12:03:46'),('3f64fef1-a96c-4b9b-bf2e-8a5359fcc6aa','Shalai and Hallar','18f2bada-2f3c-419e-921c-0fac96324e41','9aa54b57-e5f0-44b6-9c26-09b357a4d54f','Shalai and Hallar','','',9557,167,'2025-11-05 12:00:18'),('41665427-53e9-41ee-a2be-cda514279e64','Neheb, Dreadhorde Champion','bcd17dd0-e430-40b5-954f-9a7289a8bac7','26842c69-c93d-4ad2-8627-cbe100b600f7','Neheb, Dreadhorde Champion','','',463,1838,'2025-11-05 12:03:16'),('423e23b7-22dc-4557-b1d9-4ee863f996e0','Sonic the Hedgehog','9f16663c-f653-471a-8bb3-b4eb26524b67','b2f7fcf3-ce9f-4898-8d6b-d667de484db2','Sonic the Hedgehog','','',6077,338,'2025-11-05 12:03:01'),('42ab3833-5779-48f4-bff2-1767499f8145','Zinnia, Valley\'s Voice','3f4eff16-5caf-45aa-aa83-53bc860668ca','b2f7fcf3-ce9f-4898-8d6b-d667de484db2','Zinnia, Valley\'s Voice','','',13814,84,'2025-11-05 12:01:04'),('42b3d0e1-81a1-4143-945a-762f24bfeeda','Trostani, Selesnya\'s Voice','494925c2-0147-4381-9b5d-eb1b15622f73','59cb4e07-0520-4b9e-b59c-96088df32978','Trostani, Selesnya\'s Voice','','',5171,419,'2025-11-05 12:01:20'),('42ea8e6e-33e1-4c5c-8477-9b8858c8a560','Saheeli, Radiant Creator','a112df3f-73c0-40f6-bd5c-af4a63ff91bb','a3dec342-cc95-49ec-8dae-4f966da95624','Saheeli, Radiant Creator','','',6580,290,'2025-11-05 12:03:08'),('4325f9e1-8bf8-4c98-a98c-6fb9eb9f4215','Arcades, the Strategist','18f2bada-2f3c-419e-921c-0fac96324e41','7c705ad4-f0c3-467e-b480-63a9a809871c','Arcades, the Strategist','','',19847,33,'2025-11-05 12:00:19'),('43bd311a-790b-4e07-bc1d-c625c4fcaf14','Miles \"Tails\" Prower','9f16663c-f653-471a-8bb3-b4eb26524b67','3256d58c-f465-46ff-94f7-435625da0a3a','Miles \"Tails\" Prower','','',1372,1153,'2025-11-05 12:03:02'),('442a348e-0a25-460e-9b1f-0804fb716f93','Extus, suzerain de l\'Oriq','bcdc66af-d20f-42e0-8bc2-21fee1c7ec26','5d5f6800-e325-4507-a1d5-d8689cd714b9','Extus, Oriq Overlord // Awaken the Blood Avatar','','',6250,315,'2025-11-05 12:03:30'),('44d957db-818c-4434-9444-75cd27a40829','King of the Oathbreakers','494925c2-0147-4381-9b5d-eb1b15622f73','5d5f6800-e325-4507-a1d5-d8689cd714b9','King of the Oathbreakers','','',3919,552,'2025-11-05 12:01:21'),('46de4538-4bde-47b2-a908-4c7aa66198cd','Ojer Pakpatiq, Deepest Epoch','bcd17dd0-e430-40b5-954f-9a7289a8bac7','1447712e-0fb2-4a08-a23e-9345923f3be1','Ojer Pakpatiq, Deepest Epoch // Temple of Cyclical Time','','',1801,979,'2025-11-05 12:03:18'),('46f8fd84-15ba-4cea-98f2-c11992ce8cab','Zurgo Stormrender','d85f1c3e-8aad-4978-864e-d801bc912668','9fb8539e-2258-4239-bc87-de29d55565e0','Zurgo Stormrender','','',12193,109,'2025-11-05 12:03:47'),('4872bbe1-39b7-4b48-b983-bf06f56c660c','Bhaal','7c847407-d519-479c-99bd-b57d01a98670','8a0eed82-6019-46e7-9683-21b622c859b4','Bhaal, Lord of Murder','','',1689,1016,'2025-11-05 12:02:12'),('48991208-3f7e-4821-b37b-ed13839ce3a6','Esika, Tree','bcd17dd0-e430-40b5-954f-9a7289a8bac7','ff8bc843-3aa7-4cd4-9db6-c378a69f57b7','Esika, God of the Tree // The Prismatic Bridge','','',21312,24,'2025-11-05 12:03:18'),('48c2a652-44cc-4ed7-9f14-5ca53609143f','Pako / Haldan','18f2bada-2f3c-419e-921c-0fac96324e41','a3dec342-cc95-49ec-8dae-4f966da95624','Pako, Arcane Retriever','Haldan, Avid Arcanist','',8521,195,'2025-11-05 12:00:21'),('48cc05a4-06d8-4e59-98e0-d38856f268b5','The Wandering Minstrel','18f2bada-2f3c-419e-921c-0fac96324e41','ff8bc843-3aa7-4cd4-9db6-c378a69f57b7','The Wandering Minstrel','','',10043,156,'2025-11-05 12:00:22'),('49f2b076-a321-4123-92b5-ab2e81a5f451','Atraxa, Grand Unifier','18f2bada-2f3c-419e-921c-0fac96324e41','d37e8574-23c4-4dd1-a017-d0b9209bac69','Atraxa, Grand Unifier','','',15847,68,'2025-11-05 12:00:23'),('4a1ada01-bf81-459a-b04b-de1f3e9c8627','Will, Scion of Peace','494925c2-0147-4381-9b5d-eb1b15622f73','3256d58c-f465-46ff-94f7-435625da0a3a','Will, Scion of Peace','','',4970,438,'2025-11-05 12:01:22'),('4ac8c48d-0ac4-449e-a6d2-7961d02caae6','Omo, Queen of Vesuva','bcd17dd0-e430-40b5-954f-9a7289a8bac7','702360b8-7181-41a6-b8ac-662eeace3cf2','Omo, Queen of Vesuva','','',11941,115,'2025-11-05 12:03:19'),('4d8f2865-164f-42ce-bd0a-c0becd03b425','Galazeth','f73a2cf1-38a2-4ae6-b4d5-ea3c68f10db5','71f2e91c-12aa-4358-ae0b-affd4f823cb2','Galazeth Prismari','','',3994,535,'2025-11-05 12:04:08'),('4de45bf1-25ae-4719-ad3b-20dc56b29a62','Shadow the Hedgehog','9f16663c-f653-471a-8bb3-b4eb26524b67','3de61941-7ac0-4230-aa3b-a8f079e64472','Shadow the Hedgehog','','',6800,282,'2025-11-05 12:03:02'),('4e201e62-8211-4a05-8c17-7d007309dc14','Codie, Vociferous Codex','bcd17dd0-e430-40b5-954f-9a7289a8bac7','ff8bc843-3aa7-4cd4-9db6-c378a69f57b7','Codie, Vociferous Codex','','',6721,285,'2025-11-05 12:03:20'),('4e22e336-4859-440b-81ec-9c3da0b5cf0c','Jadar, Ghoulcaller of Nephalia','494925c2-0147-4381-9b5d-eb1b15622f73','218a0838-cbe1-4308-aabb-8de17cc5873b','Jadar, Ghoulcaller of Nephalia','','',571,1701,'2025-11-05 12:01:23'),('4e5b253e-b168-42e9-b8df-420fb7603f1c','Soundwave, Sonic Spy','d85f1c3e-8aad-4978-864e-d801bc912668','7eda5111-5c65-493c-bc32-92a6261ce547','Soundwave, Sonic Spy // Soundwave, Superior Captain','','',1768,992,'2025-11-05 12:03:48'),('506926d2-34e1-4ae2-9b0b-f35c19c2b732','Ral, Monsoon Mage','bcd17dd0-e430-40b5-954f-9a7289a8bac7','71f2e91c-12aa-4358-ae0b-affd4f823cb2','Ral, Monsoon Mage // Ral, Leyline Prodigy','','',3289,626,'2025-11-05 12:03:21'),('51f8ef38-c336-4c58-80de-4c12c5d7f925','Obeka, Splitter of Seconds','77b48305-eb0e-4fbb-bf35-db3a086dfac2','880393b9-3191-4a6b-a4c5-42f97a659e2c','Obeka, Splitter of Seconds','','',17162,53,'2025-11-05 12:02:02'),('537f76f8-21e7-41d4-a735-529c68c47992','Kaust, Eyes of the Glade','7dc39f94-11cf-46fa-b7fb-6c18b2df12ab','9aa54b57-e5f0-44b6-9c26-09b357a4d54f','Kaust, Eyes of the Glade','','',2981,675,'2025-11-05 12:02:46'),('55966c99-36e5-48a1-855c-227d114223b3','Raffine','f73a2cf1-38a2-4ae6-b4d5-ea3c68f10db5','7eda5111-5c65-493c-bc32-92a6261ce547','Raffine, Scheming Seer','','',8582,194,'2025-11-05 12:04:09'),('55f8c418-d5af-47bc-bf5d-1cf1f24dcaa1','Doran, the Siege Tower','494925c2-0147-4381-9b5d-eb1b15622f73','ad5cec7a-e866-493a-a39c-a0bff8d46eef','Doran, the Siege Tower','','',5387,399,'2025-11-05 12:01:24'),('56c97fa8-ab16-42b1-9622-197a64fc5a9b','Tovolar','7dc39f94-11cf-46fa-b7fb-6c18b2df12ab','532de6fb-59c1-487b-8931-47e70d5cefb2','Tovolar, Dire Overlord // Tovolar, the Midnight Scourge','','',13443,88,'2025-11-05 12:02:46'),('57089664-376e-4172-898f-735ad6ab0e04','Aminatou, Veil Piercer','7d5d6490-bb57-4a6d-a268-92c6d0fc6d43','7eda5111-5c65-493c-bc32-92a6261ce547','Aminatou, Veil Piercer','','',13142,90,'2025-11-05 12:02:31'),('5769ecf7-fc16-4ad6-9671-10ca4f71f8d3','Darien, Life Gain','494925c2-0147-4381-9b5d-eb1b15622f73','04f42ef3-d4be-45ea-a289-031b7261ab38','Darien, King of Kjeldor','','',3440,612,'2025-11-05 12:01:25'),('59092118-e5fb-4be2-bfa5-27425ddd2dc7','Cloud, Ex-SOLDIER','7c847407-d519-479c-99bd-b57d01a98670','9aa54b57-e5f0-44b6-9c26-09b357a4d54f','Cloud, Ex-SOLDIER','','',14640,78,'2025-11-05 12:02:13'),('595646ba-1f39-447b-98b4-8481ecda28ec','Shanid, Sleepers\' Scourge','d85f1c3e-8aad-4978-864e-d801bc912668','9fb8539e-2258-4239-bc87-de29d55565e0','Shanid, Sleepers\' Scourge','','',2289,830,'2025-11-05 12:03:49'),('59f538d7-3159-41bf-884a-49010663c67a','Rashmi & Ragavan','7c847407-d519-479c-99bd-b57d01a98670','a3dec342-cc95-49ec-8dae-4f966da95624','Rashmi and Ragavan','','',4594,474,'2025-11-05 12:02:14'),('5a1b10f3-4148-497d-81ea-4ee79acfd581','Liesa, Shroud of Dusk','18f2bada-2f3c-419e-921c-0fac96324e41','5d5f6800-e325-4507-a1d5-d8689cd714b9','Liesa, Shroud of Dusk','','',10915,129,'2025-11-05 12:00:24'),('5adc15b0-8a81-4910-a7ee-2bb372d8947c','The Ur-Dragon','9646368a-8b1a-4f69-8744-cb947bbb590c','ff8bc843-3aa7-4cd4-9db6-c378a69f57b7','The Ur-Dragon','','',40493,1,'2025-11-05 12:02:53'),('5bd08e2f-56a7-4582-bd42-822e2d2dfff7','Borbo','9f16663c-f653-471a-8bb3-b4eb26524b67','532de6fb-59c1-487b-8931-47e70d5cefb2','Borborygmos Enraged','','',3199,640,'2025-11-05 12:03:02'),('5bfad62c-3b51-4a61-afc2-275d78105a3e','Gonti, Night Minister','18f2bada-2f3c-419e-921c-0fac96324e41','218a0838-cbe1-4308-aabb-8de17cc5873b','Gonti, Night Minister','','',3369,620,'2025-11-05 12:00:25'),('5c2ce523-3e36-4d11-819c-0c0d18d6ac6a','Sidar Jabari of Zhalfir','1e2dfc1d-e502-4bc3-9dd0-a64eb21d5522','7eda5111-5c65-493c-bc32-92a6261ce547','Sidar Jabari of Zhalfir','','',16368,59,'2025-11-05 12:00:44'),('5c686164-6008-4aec-bb9a-be4c97b2b225','Gonti, Night Minister','bcd17dd0-e430-40b5-954f-9a7289a8bac7','218a0838-cbe1-4308-aabb-8de17cc5873b','Gonti, Night Minister','','',3369,620,'2025-11-05 12:03:21'),('5c9bca10-b0b9-419a-b676-0b983298e8d7','Rafiq of the Many','494925c2-0147-4381-9b5d-eb1b15622f73','7c705ad4-f0c3-467e-b480-63a9a809871c','Rafiq of the Many','','',4574,477,'2025-11-05 12:01:26'),('5f53af5f-fea0-4c3d-876e-28ab7f89e6e8','Lathril, Blade of the Elves','195f2a7b-e6d2-4d69-a55e-b334f324fb0f','62eb1f23-0289-46f6-8d3e-ed016a341945','Lathril, Blade of the Elves','','',28282,9,'2025-11-05 12:00:36'),('6114bec6-0c17-4174-886e-bdef8ffd9a50','Chatterfang, Squirrel General','d85f1c3e-8aad-4978-864e-d801bc912668','62eb1f23-0289-46f6-8d3e-ed016a341945','Chatterfang, Squirrel General','','',21713,21,'2025-11-05 12:03:49'),('6167b0a6-7666-481b-a076-e4044239c9b1','Marneus Calgar','83c333d4-2546-4b37-b28e-16bebb298bbd','7eda5111-5c65-493c-bc32-92a6261ce547','Marneus Calgar','','',14146,82,'2025-11-05 12:02:51'),('61b525b3-e16a-4011-ae78-d7c3197817c1','Magnus the Red','7d5d6490-bb57-4a6d-a268-92c6d0fc6d43','71f2e91c-12aa-4358-ae0b-affd4f823cb2','Magnus the Red','','',4690,462,'2025-11-05 12:02:32'),('631c4c5d-e0f6-4f2a-879c-2f0b5ed4b19f','Kenrith Pile','7d5d6490-bb57-4a6d-a268-92c6d0fc6d43','ff8bc843-3aa7-4cd4-9db6-c378a69f57b7','Kenrith, the Returned King','','',26887,10,'2025-11-05 12:02:33'),('6408be34-d9f2-45ff-81cf-9c9f97ff16b1','Big Booty Beaches','7d5d6490-bb57-4a6d-a268-92c6d0fc6d43','3256d58c-f465-46ff-94f7-435625da0a3a','Plagon, Lord of the Beach','','',3572,597,'2025-11-05 12:02:34'),('643b247e-c4e5-4f39-8c23-ca9b673aba0d','Hope Estheim','494925c2-0147-4381-9b5d-eb1b15622f73','3256d58c-f465-46ff-94f7-435625da0a3a','Hope Estheim','','',9716,162,'2025-11-05 12:01:28'),('64643a32-3b11-4d3c-9746-1f9d6edab87e','Eligeth / Esior','f73a2cf1-38a2-4ae6-b4d5-ea3c68f10db5','1447712e-0fb2-4a08-a23e-9345923f3be1','Eligeth, Crossroads Augur','Esior, Wardwing Familiar','',263,2178,'2025-11-05 12:04:10'),('649594d5-e479-4984-9c7b-36caf7a81fa6','Seton, Krosan Protector','494925c2-0147-4381-9b5d-eb1b15622f73','302f8628-53b7-44e1-8d77-2aaf65538ba8','Seton, Krosan Protector','','',1116,1275,'2025-11-05 12:01:29'),('669eab52-3382-4787-bbf3-722e57ff53fe','Gluntch, the Bestower','d3233639-8b54-4d6e-953d-6d0701ef1d02','59cb4e07-0520-4b9e-b59c-96088df32978','Gluntch, the Bestower','','',6305,308,'2025-11-05 12:03:35'),('66c75202-6a2b-45cc-b4d4-08585053e0ef','Réveiller l\'Avatar de Blood','bcdc66af-d20f-42e0-8bc2-21fee1c7ec26','3de61941-7ac0-4230-aa3b-a8f079e64472','Extus, Oriq Overlord // Awaken the Blood Avatar','','',6250,315,'2025-11-05 12:03:30'),('68dc4c0e-23fa-4a40-9603-5d2cfb5c8177','Derevi, Empyrial Tactician','494925c2-0147-4381-9b5d-eb1b15622f73','7c705ad4-f0c3-467e-b480-63a9a809871c','Derevi, Empyrial Tactician','','',10192,151,'2025-11-05 12:01:30'),('69393a02-7e5c-499f-8005-108740dee92f','General Ferrous Rokiric','bcdc66af-d20f-42e0-8bc2-21fee1c7ec26','7aa24b49-5e15-4fef-8e2a-8f8ee2984cc9','General Ferrous Rokiric','','',4167,519,'2025-11-05 12:03:30'),('69fd4dc4-83d3-4582-896a-a1583f5d704b','Karazikar, the Eye Tyrant','e8d9d866-ad37-4e72-855a-0adcb829a5c4','3de61941-7ac0-4230-aa3b-a8f079e64472','Karazikar, the Eye Tyrant','','',1937,929,'2025-11-05 12:04:00'),('6b0c8676-a53c-447e-bf48-b97ae63344a7','Ziatora, the Incinerator','18f2bada-2f3c-419e-921c-0fac96324e41','8a0eed82-6019-46e7-9683-21b622c859b4','Ziatora, the Incinerator','','',9307,173,'2025-11-05 12:00:26'),('6b4f3267-d70e-43be-9480-45cfdf1a73b0','Arabella, Abandoned Doll','d85f1c3e-8aad-4978-864e-d801bc912668','7aa24b49-5e15-4fef-8e2a-8f8ee2984cc9','Arabella, Abandoned Doll','','',15025,76,'2025-11-05 12:03:50'),('6b749139-d000-47d8-8e8b-870e5bf1a50a','Shorikai, Genesis Engine','56120e9c-2047-45a3-a9dd-fc68366f6e13','3256d58c-f465-46ff-94f7-435625da0a3a','Shorikai, Genesis Engine','','',19754,35,'2025-11-05 12:01:45'),('6b77ca63-fd12-41f2-a33b-4051b08bfba2','Baylen, the Haymaker','e8d9d866-ad37-4e72-855a-0adcb829a5c4','9aa54b57-e5f0-44b6-9c26-09b357a4d54f','Baylen, the Haymaker','','',21386,23,'2025-11-05 12:04:01'),('6c30333c-1ef4-4a96-9af2-537edfda94b1','Kodama of the West Tree','be1d79dd-b907-4fcc-8ead-1bd50eb01571','302f8628-53b7-44e1-8d77-2aaf65538ba8','Kodama of the West Tree','','',1687,1017,'2025-11-05 12:03:32'),('6c9825d4-f46b-44f3-991a-41df3b437efe','Syrix, Carrier of the Flame','d85f1c3e-8aad-4978-864e-d801bc912668','3de61941-7ac0-4230-aa3b-a8f079e64472','Syrix, Carrier of the Flame','','',2157,865,'2025-11-05 12:03:51'),('6ca20b83-8efa-4a37-92de-86dbd62ef25c','Tiamat','23b601f5-79fb-46f6-af7c-951a78d4e866','ff8bc843-3aa7-4cd4-9db6-c378a69f57b7','Tiamat','','',10249,148,'2025-11-05 12:00:47'),('6ee2997d-28f2-491f-96db-77a30eee335d','Minsc, Beloved Ranger','7d5d6490-bb57-4a6d-a268-92c6d0fc6d43','9aa54b57-e5f0-44b6-9c26-09b357a4d54f','Minsc, Beloved Ranger','','',1217,1223,'2025-11-05 12:02:35'),('70e716a9-a879-4372-8543-a119900ec96c','Zimone, Mystery Unraveler','9f16663c-f653-471a-8bb3-b4eb26524b67','702360b8-7181-41a6-b8ac-662eeace3cf2','Zimone, Mystery Unraveler','','',11335,125,'2025-11-05 12:03:03'),('7165b480-0080-43a9-9b2c-a5b0b0d50b6f','Noyan Dar, Roil Shaper','bcdc66af-d20f-42e0-8bc2-21fee1c7ec26','3256d58c-f465-46ff-94f7-435625da0a3a','Noyan Dar, Roil Shaper','','',1321,1172,'2025-11-05 12:03:30'),('71776176-8ac0-4bc0-afe1-aca778011a89','Sephiroth, Fabled SOLDIER','18f2bada-2f3c-419e-921c-0fac96324e41','218a0838-cbe1-4308-aabb-8de17cc5873b','Sephiroth, Fabled SOLDIER // Sephiroth, One-Winged Angel','','',15259,73,'2025-11-05 12:00:27'),('717cfe45-350c-4e4e-8f7a-91f6e798c3fb','Scion of the Ur-Dragon','77b48305-eb0e-4fbb-bf35-db3a086dfac2','ff8bc843-3aa7-4cd4-9db6-c378a69f57b7','Scion of the Ur-Dragon','','',3936,548,'2025-11-05 12:02:03'),('72487036-ef7a-41a6-8ee0-4a85ae394bba','Velomachus Lorehold','9f16663c-f653-471a-8bb3-b4eb26524b67','7aa24b49-5e15-4fef-8e2a-8f8ee2984cc9','Velomachus Lorehold','','',1377,1149,'2025-11-05 12:03:04'),('7259b00e-4c71-43b3-9dc1-19d386c89e3e','Rionya, Fire Dancer','31c2bb6a-1161-4981-98ef-ca9d4cc302c6','26842c69-c93d-4ad2-8627-cbe100b600f7','Rionya, Fire Dancer','','',3032,661,'2025-11-05 12:00:58'),('7321c2f5-e8cd-4be6-8eb5-ab85098d7f4e','Arcades, the Strategist','d44edcf1-8e22-428f-895a-fa2c0925dfc2','7c705ad4-f0c3-467e-b480-63a9a809871c','Arcades, the Strategist','','',19847,33,'2025-11-05 12:03:36'),('7727335f-5d14-436e-afdd-545b1d713e34','Saskia the Unyielding','494925c2-0147-4381-9b5d-eb1b15622f73','c3daee5a-4ce2-4ccd-bec1-43953ee105c5','Saskia the Unyielding','','',6912,275,'2025-11-05 12:01:31'),('772f1935-8770-467c-a601-029fbba5abcd','Rodolf Duskbringer','77b48305-eb0e-4fbb-bf35-db3a086dfac2','5d5f6800-e325-4507-a1d5-d8689cd714b9','Rodolf Duskbringer','','',1307,1180,'2025-11-05 12:02:04'),('77fc2f5f-4551-484c-9551-e493f4828747','Nethroi, Apex of Death','bcdc66af-d20f-42e0-8bc2-21fee1c7ec26','ad5cec7a-e866-493a-a39c-a0bff8d46eef','Nethroi, Apex of Death','','',6541,293,'2025-11-05 12:03:30'),('786adef8-fff7-441c-a4de-6eab07fdacd7','Belbe, Corrupted Observer','bcd17dd0-e430-40b5-954f-9a7289a8bac7','62eb1f23-0289-46f6-8d3e-ed016a341945','Belbe, Corrupted Observer','','',3810,566,'2025-11-05 12:03:22'),('78ff1c9d-0de4-46d9-a32b-2cb46ba54036','Tamiyo, Inquisitive Student','bcd17dd0-e430-40b5-954f-9a7289a8bac7','702360b8-7181-41a6-b8ac-662eeace3cf2','Tamiyo, Inquisitive Student // Tamiyo, Seasoned Scholar','','',4153,521,'2025-11-05 12:03:22'),('79d5ffe5-764d-41d3-8c97-f6137027ced6','Lathril, Blade of the Elves','bcd17dd0-e430-40b5-954f-9a7289a8bac7','62eb1f23-0289-46f6-8d3e-ed016a341945','Lathril, Blade of the Elves','','',28282,9,'2025-11-05 12:03:22'),('79da1fb8-b343-4c91-a564-bdfc9952cabc','Gishath, Sun\'s Avatar','d44edcf1-8e22-428f-895a-fa2c0925dfc2','9aa54b57-e5f0-44b6-9c26-09b357a4d54f','Gishath, Sun\'s Avatar','','',21599,22,'2025-11-05 12:03:37'),('7a4d4c3c-a348-4159-94fe-a137bb3c9137','Vazi','7c847407-d519-479c-99bd-b57d01a98670','8a0eed82-6019-46e7-9683-21b622c859b4','Vazi, Keen Negotiator','','',3762,572,'2025-11-05 12:02:15'),('7a52ab2f-ef0e-49df-9bee-d60076950b72','Malcolm / Breeches','18f2bada-2f3c-419e-921c-0fac96324e41','71f2e91c-12aa-4358-ae0b-affd4f823cb2','Malcolm, Keen-Eyed Navigator','Breeches, Brazen Plunderer','',3816,565,'2025-11-05 12:00:29'),('7b7c673f-413c-4e3e-ae12-449a2aa56d31','Pantlaza, Sun-Favored','7dc39f94-11cf-46fa-b7fb-6c18b2df12ab','9aa54b57-e5f0-44b6-9c26-09b357a4d54f','Pantlaza, Sun-Favored','','',30318,6,'2025-11-05 12:02:47'),('7c5959a5-8f85-4129-ae6a-0ee107aa0d22','Katilda, Dawnhart Prime','7c847407-d519-479c-99bd-b57d01a98670','59cb4e07-0520-4b9e-b59c-96088df32978','Katilda, Dawnhart Prime','','',2256,840,'2025-11-05 12:02:16'),('7c5d0ced-829c-452e-b55f-816276ac1dab','Myra the Magnificent','563e304f-11d3-4b7b-b5e3-85c45c362e18','71f2e91c-12aa-4358-ae0b-affd4f823cb2','Myra the Magnificent','','',3103,652,'2025-11-05 12:01:50'),('7df079e3-e5ec-4632-b6f0-c4a3cb09f3f7','Yorion','bcd17dd0-e430-40b5-954f-9a7289a8bac7','3256d58c-f465-46ff-94f7-435625da0a3a','Yorion, Sky Nomad','','',2314,821,'2025-11-05 12:03:23'),('7f330a3d-caff-41cb-9233-a1751e4819ac','Goro-Goro and Satoru','b66ca294-dea8-4ebd-bbec-3452a1dd66de','880393b9-3191-4a6b-a4c5-42f97a659e2c','Goro-Goro and Satoru','','',8059,214,'2025-11-05 12:03:12'),('8254135d-febd-483a-80a6-41f7bbb48c7c','Bonny Pall / Bruse Tarl','7c847407-d519-479c-99bd-b57d01a98670','cf77b2f2-70ea-432b-8af0-46bfae139e50','Bonny Pall, Clearcutter','Bruse Tarl, Roving Rancher','',NULL,NULL,NULL),('839b690f-adcf-4901-92d1-1e87ea6393cc','Myrel, Shield of Argive','18f2bada-2f3c-419e-921c-0fac96324e41','04f42ef3-d4be-45ea-a289-031b7261ab38','Myrel, Shield of Argive','','',7003,271,'2025-11-05 12:00:30'),('8409dc18-df07-45ec-b0b4-2643cf1b6905','Yurlok of Scorch Thrash','494925c2-0147-4381-9b5d-eb1b15622f73','8a0eed82-6019-46e7-9683-21b622c859b4','Yurlok of Scorch Thrash','','',9127,180,'2025-11-05 12:01:32'),('84b7fcad-411a-491e-a131-51dc21ae15bd','Elsha, Threefold Master','7d5d6490-bb57-4a6d-a268-92c6d0fc6d43','b2f7fcf3-ce9f-4898-8d6b-d667de484db2','Elsha, Threefold Master','','',5508,388,'2025-11-05 12:02:36'),('85014cca-001f-438b-932f-25edf4f8b507','Shadow the Hedgehog','7d5d6490-bb57-4a6d-a268-92c6d0fc6d43','3de61941-7ac0-4230-aa3b-a8f079e64472','Shadow the Hedgehog','','',6800,282,'2025-11-05 12:02:38'),('852f00c6-8302-4ff0-8a4b-4d4cf3ee3dbd','Brago, King Eternal','b66ca294-dea8-4ebd-bbec-3452a1dd66de','3256d58c-f465-46ff-94f7-435625da0a3a','Brago, King Eternal','','',11552,121,'2025-11-05 12:03:13'),('860914e0-cf4f-4f3c-968b-c609f6d2606f','Borborygmos Enraged','9646368a-8b1a-4f69-8744-cb947bbb590c','532de6fb-59c1-487b-8931-47e70d5cefb2','Borborygmos Enraged','','',3199,640,'2025-11-05 12:02:54'),('86653a1f-6c3d-4add-aecb-5c71942a288f','Giada','59a0b9a8-b048-421d-869b-860ab29dc46e','04f42ef3-d4be-45ea-a289-031b7261ab38','Giada, Font of Hope','','',26132,11,'2025-11-05 12:01:54'),('87e1cac4-46fc-4668-8865-7846ca14de06','Queza, Augur of Agonies','76eea069-4e23-49ef-aaf0-13cee1f5dda7','7eda5111-5c65-493c-bc32-92a6261ce547','Queza, Augur of Agonies','','',7852,230,'2025-11-05 12:01:58'),('8a6f29dc-7363-40e6-b6e5-c6d1bfb43d1d','Sab-Sunen, Luxa Embodied','7a56904c-b702-45d2-b59c-1314f1ce7415','702360b8-7181-41a6-b8ac-662eeace3cf2','Sab-Sunen, Luxa Embodied','','',2615,750,'2025-11-05 12:02:07'),('8ad26608-ed95-4b9e-ab80-e8b2b1a5ed11','Ratadrabik of Urborg','bcdc66af-d20f-42e0-8bc2-21fee1c7ec26','5d5f6800-e325-4507-a1d5-d8689cd714b9','Ratadrabik of Urborg','','',5952,350,'2025-11-05 12:03:30'),('8cb77251-543b-4bb5-89dd-4d199950aced','Tovolar','4110d847-bf41-4996-a9f1-2ebe86c69d2f','532de6fb-59c1-487b-8931-47e70d5cefb2','Tovolar, Dire Overlord // Tovolar, the Midnight Scourge','','',13443,88,'2025-11-05 12:01:06'),('8dc419b5-234c-4f0a-abbb-8486d57789d6','Lumra, Bellow of the Woods','1e2dfc1d-e502-4bc3-9dd0-a64eb21d5522','302f8628-53b7-44e1-8d77-2aaf65538ba8','Lumra, Bellow of the Woods','','',4528,481,'2025-11-05 12:00:46'),('8eb54151-0939-43e5-a433-defea8048355','Zur, Eternal Schemer','494925c2-0147-4381-9b5d-eb1b15622f73','7eda5111-5c65-493c-bc32-92a6261ce547','Zur, Eternal Schemer','','',5273,413,'2025-11-05 12:01:33'),('8fa9c10a-9a9a-4c75-bdd7-cc95d9591850','Michael, Bone Manager','7c847407-d519-479c-99bd-b57d01a98670','ad5cec7a-e866-493a-a39c-a0bff8d46eef','Myrkul, Lord of Bones','','',7190,261,'2025-11-05 12:02:19'),('906b4c5d-123c-428b-a7e2-91c75f731d75','Ojer Kaslem, Deepest Growth','f73a2cf1-38a2-4ae6-b4d5-ea3c68f10db5','302f8628-53b7-44e1-8d77-2aaf65538ba8','Ojer Kaslem, Deepest Growth // Temple of Cultivation','','',1821,971,'2025-11-05 12:04:12'),('913ce649-0495-4197-9aa4-aeb49bfa25d4','Kozilek, Butcher of Truth','be1d79dd-b907-4fcc-8ead-1bd50eb01571','018240aa-1533-4c89-9a7e-8f7d57d849a4','Kozilek, Butcher of Truth','','',891,1410,'2025-11-05 12:03:33'),('91a6af90-4b3e-4bfa-9702-cd456024dc7f','Hogaak, Arisen Necropolis','d85f1c3e-8aad-4978-864e-d801bc912668','62eb1f23-0289-46f6-8d3e-ed016a341945','Hogaak, Arisen Necropolis','','',2382,806,'2025-11-05 12:03:52'),('9271332a-3773-4dd4-9714-8d84479eefb7','Yoshimaru, Ever Faithful / Jeska, Thrice Reborn','4110d847-bf41-4996-a9f1-2ebe86c69d2f','7aa24b49-5e15-4fef-8e2a-8f8ee2984cc9','Yoshimaru, Ever Faithful','Jeska, Thrice Reborn','',750,1527,'2025-11-05 12:01:07'),('932f1a05-cce0-4e50-92c8-b18cae892930','Talion, the Kindly Lord','bcd17dd0-e430-40b5-954f-9a7289a8bac7','3b391a97-4c58-4132-8200-68bc2898aef9','Talion, the Kindly Lord','','',8738,187,'2025-11-05 12:03:24'),('93b07d57-1b74-49b1-8112-0a8aa4aac7fd','Galadriel, Light of Valinor','b66ca294-dea8-4ebd-bbec-3452a1dd66de','7c705ad4-f0c3-467e-b480-63a9a809871c','Galadriel, Light of Valinor','','',14321,80,'2025-11-05 12:03:14'),('96ab08e8-30b2-4252-afac-8192840aa7fa','Zedruü au Grandcœur','bcdc66af-d20f-42e0-8bc2-21fee1c7ec26','b2f7fcf3-ce9f-4898-8d6b-d667de484db2','Zedruu the Greathearted','','',9880,160,'2025-11-05 12:03:30'),('97ec6a47-7528-45b9-9e5d-eba779521a65','Toski, Bearer of Secrets','195f2a7b-e6d2-4d69-a55e-b334f324fb0f','302f8628-53b7-44e1-8d77-2aaf65538ba8','Toski, Bearer of Secrets','','',2284,831,'2025-11-05 12:00:38'),('98c9ab78-540c-4f5d-87dd-682e3e2ec760','Karametra, God of Harvests','9f16663c-f653-471a-8bb3-b4eb26524b67','59cb4e07-0520-4b9e-b59c-96088df32978','Karametra, God of Harvests','','',5528,387,'2025-11-05 12:03:05'),('99f7b39c-f26a-4f68-8b65-9849565a594d','Baba Lysaga, Night Witch','7c847407-d519-479c-99bd-b57d01a98670','62eb1f23-0289-46f6-8d3e-ed016a341945','Baba Lysaga, Night Witch','','',5278,412,'2025-11-05 12:02:20'),('9a5cc41b-8fef-4599-8ce4-04f5011df4d7','Kibo, Uktabi Prince','7d5d6490-bb57-4a6d-a268-92c6d0fc6d43','532de6fb-59c1-487b-8931-47e70d5cefb2','Kibo, Uktabi Prince','','',11412,123,'2025-11-05 12:02:39'),('9b53e34d-5231-4b0c-a318-671fee9e48d5','Magda, Brazen Outlaw','18f2bada-2f3c-419e-921c-0fac96324e41','26842c69-c93d-4ad2-8627-cbe100b600f7','Magda, Brazen Outlaw','','',14771,77,'2025-11-05 12:00:32'),('9dd035b8-9ec5-4a35-8d9f-d6d9d8251c9e','Muldrotha','23b601f5-79fb-46f6-af7c-951a78d4e866','b5fa6356-25a5-48d5-b2dc-c08a7df6ebe9','Muldrotha, the Gravetide','','',20861,25,'2025-11-05 12:00:47'),('9f7e5654-f890-4cf7-8d2b-413f2fa8ba2a','Tatyova, Benthic Druid','59a0b9a8-b048-421d-869b-860ab29dc46e','702360b8-7181-41a6-b8ac-662eeace3cf2','Tatyova, Benthic Druid','','',7748,234,'2025-11-05 12:01:55'),('a0223918-8904-4dcc-8edb-614a2ac4cddd','Be\'lakor, the Dark Master','d44edcf1-8e22-428f-895a-fa2c0925dfc2','880393b9-3191-4a6b-a4c5-42f97a659e2c','Be\'lakor, the Dark Master','','',13424,89,'2025-11-05 12:03:39'),('a373b649-9675-4ca0-a3a8-99faf1f92cc1','Tannuk, Steadfast Second','18f2bada-2f3c-419e-921c-0fac96324e41','26842c69-c93d-4ad2-8627-cbe100b600f7','Tannuk, Steadfast Second','','',5432,393,'2025-11-05 00:00:32'),('a3ac0239-2fce-4b85-a250-deec075f1342','Tidus, Yuna\'s Guardian','7c847407-d519-479c-99bd-b57d01a98670','7c705ad4-f0c3-467e-b480-63a9a809871c','Tidus, Yuna\'s Guardian','','',9687,163,'2025-11-05 12:02:21'),('a3ae0828-fb65-4d95-b540-6627ce9d01ed','Squall, SeeD Mercenary','18f2bada-2f3c-419e-921c-0fac96324e41','5d5f6800-e325-4507-a1d5-d8689cd714b9','Squall, SeeD Mercenary','','',3974,536,'2025-11-04 18:00:23'),('a4fdd7cd-d345-41c7-adb5-b7385290325a','G\'raha Tia, Scion Reborn','6662efd1-9b1c-4d2a-92d9-03609fb9fc8d','7eda5111-5c65-493c-bc32-92a6261ce547','G\'raha Tia, Scion Reborn','','',2399,802,'2025-11-05 12:01:57'),('a662a5a8-9fdc-4ede-ab06-1294442411f6','Tamiyo, Inquisitive Student','563e304f-11d3-4b7b-b5e3-85c45c362e18','702360b8-7181-41a6-b8ac-662eeace3cf2','Tamiyo, Inquisitive Student // Tamiyo, Seasoned Scholar','','',4153,521,'2025-11-05 12:01:51'),('a674ee22-1596-49c1-b951-779db6510c1e','The Gitrog Monster','f73a2cf1-38a2-4ae6-b4d5-ea3c68f10db5','62eb1f23-0289-46f6-8d3e-ed016a341945','The Gitrog Monster','','',7891,228,'2025-11-05 12:04:13'),('a77d6052-a2fa-455e-9091-b495afab210c','Sephiroth, Fabled SOLDIER','f73a2cf1-38a2-4ae6-b4d5-ea3c68f10db5','218a0838-cbe1-4308-aabb-8de17cc5873b','Sephiroth, Fabled SOLDIER // Sephiroth, One-Winged Angel','','',15259,73,'2025-11-05 12:04:13'),('a8155b8d-4ec4-403f-b6d0-08464fe9d51e','Isshin, Two Heavens as One','494925c2-0147-4381-9b5d-eb1b15622f73','9fb8539e-2258-4239-bc87-de29d55565e0','Isshin, Two Heavens as One','','',24212,16,'2025-11-05 12:01:35'),('a86e51f7-3362-4398-8e39-7b84776379af','Bilbo B\'day','7d5d6490-bb57-4a6d-a268-92c6d0fc6d43','ad5cec7a-e866-493a-a39c-a0bff8d46eef','Bilbo, Birthday Celebrant','','',6145,328,'2025-11-05 12:02:40'),('a96e2dc3-a1c3-4d0a-86dc-b6add998a6ac','Chatterfang, Squirrel General','23b601f5-79fb-46f6-af7c-951a78d4e866','62eb1f23-0289-46f6-8d3e-ed016a341945','Chatterfang, Squirrel General','','',21713,21,'2025-11-05 12:00:48'),('a9822743-a72d-45a4-af32-5603756b27d8','Cloud, Ex-SOLDIER','7dc39f94-11cf-46fa-b7fb-6c18b2df12ab','9aa54b57-e5f0-44b6-9c26-09b357a4d54f','Cloud, Ex-SOLDIER','','',14640,78,'2025-11-05 12:02:47'),('aa452e24-87f9-4533-96de-81112fc5adfc','Gylwain, Casting Director','bcd17dd0-e430-40b5-954f-9a7289a8bac7','59cb4e07-0520-4b9e-b59c-96088df32978','Gylwain, Casting Director','','',2302,826,'2025-11-05 12:03:25'),('ab71cf77-6266-437b-8209-96c43fce1ae2','Hashaton, Scarab\'s Fist','18f2bada-2f3c-419e-921c-0fac96324e41','7eda5111-5c65-493c-bc32-92a6261ce547','Hashaton, Scarab\'s Fist','','',18114,46,'2025-11-04 18:00:24'),('ab8ddaf2-7cdd-4287-85b8-9470ba8a4f42','Szarel, Genesis Shepherd','7d5d6490-bb57-4a6d-a268-92c6d0fc6d43','8a0eed82-6019-46e7-9683-21b622c859b4','Szarel, Genesis Shepherd','','',4180,518,'2025-11-05 12:02:41'),('abe30b6a-a079-453d-a23f-2e3416afdc76','Delney','7d5d6490-bb57-4a6d-a268-92c6d0fc6d43','04f42ef3-d4be-45ea-a289-031b7261ab38','Delney, Streetwise Lookout','','',5605,378,'2025-11-05 12:02:42'),('ac734230-b3dc-4fee-b833-02a571d3e8cd','Teysa, Orzhov Scion','19dd9903-d999-48c1-b84c-1b0fa33dcd15','5d5f6800-e325-4507-a1d5-d8689cd714b9','Teysa, Orzhov Scion','','',3883,556,'2025-11-05 12:00:42'),('ad8f10ea-aba0-4cf4-9bf4-8f9aaff60bd3','The Necrobloom','bcd17dd0-e430-40b5-954f-9a7289a8bac7','ad5cec7a-e866-493a-a39c-a0bff8d46eef','The Necrobloom','','',19702,36,'2025-11-05 12:03:26'),('ae41fe73-216c-48f7-902c-dc1d7a411cb0','Tifa, Martial Artist','7c847407-d519-479c-99bd-b57d01a98670','9aa54b57-e5f0-44b6-9c26-09b357a4d54f','Tifa, Martial Artist','','',3723,578,'2025-11-05 12:02:22'),('b008d2cb-fd63-4530-bab9-e4944bfae79f','Valgavoth, Harrower','18f2bada-2f3c-419e-921c-0fac96324e41','3de61941-7ac0-4230-aa3b-a8f079e64472','Valgavoth, Harrower of Souls','','',19824,32,'2025-11-04 18:00:25'),('b05190f1-846f-42db-aa67-844530c29f9c','Kruphix, God of Horizons','23b601f5-79fb-46f6-af7c-951a78d4e866','702360b8-7181-41a6-b8ac-662eeace3cf2','Kruphix, God of Horizons','','',3767,570,'2025-11-05 12:00:49'),('b068dd04-c755-4ed8-ba47-e9ce6a1bf9fc','King Darien XLVIII','f73a2cf1-38a2-4ae6-b4d5-ea3c68f10db5','59cb4e07-0520-4b9e-b59c-96088df32978','King Darien XLVIII','','',562,1713,'2025-11-05 12:04:14'),('b1258ee1-fd42-4100-8dbe-911669dee69b','Soul of Lord Windgrace','bcdc66af-d20f-42e0-8bc2-21fee1c7ec26','8a0eed82-6019-46e7-9683-21b622c859b4','Soul of Windgrace','','',2750,720,'2025-11-05 12:03:30'),('b3d362cf-bf31-4826-8056-adfec5fac8a4','Giada','f73a2cf1-38a2-4ae6-b4d5-ea3c68f10db5','04f42ef3-d4be-45ea-a289-031b7261ab38','Giada, Font of Hope','','',26132,11,'2025-11-05 12:04:14'),('b4ca3969-1344-441a-8951-f922588ec2ce','Strefan, Maurer Progenitor','7dc39f94-11cf-46fa-b7fb-6c18b2df12ab','3de61941-7ac0-4230-aa3b-a8f079e64472','Strefan, Maurer Progenitor','','',6261,314,'2025-11-05 12:02:48'),('b5e5b070-57f0-4644-a60e-3b40e68af507','BW Partner','77b48305-eb0e-4fbb-bf35-db3a086dfac2','5d5f6800-e325-4507-a1d5-d8689cd714b9','Regna, the Redeemer','Krav, the Unredeemed','',1443,1118,'2025-11-05 12:02:06'),('b6b1cfef-78e4-4fff-a30a-15bad0280f2b','Isshin','18f2bada-2f3c-419e-921c-0fac96324e41','9fb8539e-2258-4239-bc87-de29d55565e0','Isshin, Two Heavens as One','','',24184,16,'2025-11-04 18:00:25'),('b7eebdbf-6687-46b5-877e-db9365f0bd5d','Niv-Mizzet revenu à la vie','bcdc66af-d20f-42e0-8bc2-21fee1c7ec26','ff8bc843-3aa7-4cd4-9db6-c378a69f57b7','Niv-Mizzet Reborn','','',4186,517,'2025-11-05 12:03:30'),('b8472b31-2112-4a45-a65a-db34e707b714','Adrix and Nev, Twincasters','d44edcf1-8e22-428f-895a-fa2c0925dfc2','702360b8-7181-41a6-b8ac-662eeace3cf2','Adrix and Nev, Twincasters','','',7668,243,'2025-11-05 12:03:40'),('b8f53693-b499-45ae-99ba-af038f7f0652','Rabbit','f73a2cf1-38a2-4ae6-b4d5-ea3c68f10db5','3256d58c-f465-46ff-94f7-435625da0a3a','Kwain, Itinerant Meddler','','',6156,326,'2025-11-05 12:04:15'),('b908ec91-2033-45fd-9eb7-38fc5faed190','Ayara, First of Locthwain','f73a2cf1-38a2-4ae6-b4d5-ea3c68f10db5','218a0838-cbe1-4308-aabb-8de17cc5873b','Ayara, First of Locthwain','','',5939,352,'2025-11-05 12:04:16'),('bac9501f-6359-45d4-ab26-9e160188cbd6','Tivit, Seller of Secrets','1b167c6f-8dff-4ad9-a5c7-4c42d288e9e9','7eda5111-5c65-493c-bc32-92a6261ce547','Tivit, Seller of Secrets','','',12403,102,'2025-11-05 12:00:43'),('badbc1cf-ac60-4c25-9210-3bdd8caddca4','Ghyrson Starn, Kelermorph','494925c2-0147-4381-9b5d-eb1b15622f73','71f2e91c-12aa-4358-ae0b-affd4f823cb2','Ghyrson Starn, Kelermorph','','',18269,44,'2025-11-05 12:01:36'),('bbaba534-e89c-449a-bf9e-9e205f41e65c','Kellan, the Kid','d85f1c3e-8aad-4978-864e-d801bc912668','7c705ad4-f0c3-467e-b480-63a9a809871c','Kellan, the Kid','','',6546,292,'2025-11-05 12:03:54'),('bc5bc0b0-9a3c-4276-9b90-9e774d7bdfee','Jirina Kudro','3b184dac-b916-4e8a-b918-14845b26953a','9fb8539e-2258-4239-bc87-de29d55565e0','Jirina Kudro','','',1322,1171,'2025-11-05 12:01:02'),('bd278c78-f307-44b5-a230-fb2e040cfd16','Valgavoth, Terror Eater','9f16663c-f653-471a-8bb3-b4eb26524b67','218a0838-cbe1-4308-aabb-8de17cc5873b','Valgavoth, Terror Eater','','',3226,636,'2025-11-05 12:03:07'),('bd2f151e-719d-40ff-bd13-d7703812f204','Brabraz','7c847407-d519-479c-99bd-b57d01a98670','b2f7fcf3-ce9f-4898-8d6b-d667de484db2','Brallin, Skyshark Rider','Shabraz, the Skyshark','',3512,602,'2025-11-05 12:02:24'),('be4f8b84-66ba-48f2-8127-c33d11a8ee3f','Amber Gristle O\'Maul / Agent of the Shadow Thieves','d58dd8c4-664c-4afc-b2f7-a62b2c737325','3de61941-7ac0-4230-aa3b-a8f079e64472','Amber Gristle O\'Maul','Agent of the Shadow Thieves','',88,2871,'2025-11-05 12:03:42'),('be76f907-25f4-4745-ac8c-93b62d50b6ed','Saruman, the White Hand','446bbf78-3c3a-4105-8740-c5b4368655a9','880393b9-3191-4a6b-a4c5-42f97a659e2c','Saruman, the White Hand','','',8313,201,'2025-11-05 12:01:10'),('becdf6ca-5c98-4143-9cbf-403bb4d191db','Takeno, Samurai General','494925c2-0147-4381-9b5d-eb1b15622f73','04f42ef3-d4be-45ea-a289-031b7261ab38','Takeno, Samurai General','','',391,1942,'2025-11-05 12:01:37'),('bee882b3-8bbc-472d-80fa-d683adc8468c','K\'rrik, Son of Yawgmoth','18f2bada-2f3c-419e-921c-0fac96324e41','218a0838-cbe1-4308-aabb-8de17cc5873b','K\'rrik, Son of Yawgmoth','','',17651,48,'2025-11-04 18:00:26'),('c1c7dc9b-4223-4172-a82f-1fe434305cf8','Lord of the Nazgûl','f73a2cf1-38a2-4ae6-b4d5-ea3c68f10db5','3b391a97-4c58-4132-8200-68bc2898aef9','Lord of the Nazgûl','','',12388,103,'2025-11-05 12:04:18'),('c2ab92ea-67c0-4232-ad1d-095b1fdf0be5','Lurrus of the Dream-Den','d85f1c3e-8aad-4978-864e-d801bc912668','5d5f6800-e325-4507-a1d5-d8689cd714b9','Lurrus of the Dream-Den','','',2630,747,'2025-11-05 12:03:55'),('c4e39395-aac5-4e0f-98e9-c1c2806823a6','Samut, the Driving Force','9f16663c-f653-471a-8bb3-b4eb26524b67','9aa54b57-e5f0-44b6-9c26-09b357a4d54f','Samut, the Driving Force','','',3268,631,'2025-11-05 12:03:07'),('c783e60d-098e-4ca2-a796-34b70b585a8e','Felothar the Steadfast','56120e9c-2047-45a3-a9dd-fc68366f6e13','ad5cec7a-e866-493a-a39c-a0bff8d46eef','Felothar the Steadfast','','',10042,157,'2025-11-05 12:01:45'),('c7c1919f-83e3-4477-b40a-afbc61d34c7e','Ardyn, the Usurper','494925c2-0147-4381-9b5d-eb1b15622f73','218a0838-cbe1-4308-aabb-8de17cc5873b','Ardyn, the Usurper','','',1839,965,'2025-11-05 12:01:38'),('c8114f49-4b6a-4226-8c1c-bebda97b36ec','Zimone, Mystery Unraveler','18f2bada-2f3c-419e-921c-0fac96324e41','702360b8-7181-41a6-b8ac-662eeace3cf2','Zimone, Mystery Unraveler','','',11313,125,'2025-11-04 18:00:26'),('ca12ce09-d714-44dd-82c1-89dc2de5e9c1','Atraxa, voix des praetors','bcdc66af-d20f-42e0-8bc2-21fee1c7ec26','d37e8574-23c4-4dd1-a017-d0b9209bac69','Atraxa, Praetors\' Voice','','',37890,3,'2025-11-05 12:03:31'),('ca9b784d-3d39-49dd-80a0-08ea10ab0008','Kona, Rescue Beastie','7d5d6490-bb57-4a6d-a268-92c6d0fc6d43','302f8628-53b7-44e1-8d77-2aaf65538ba8','Kona, Rescue Beastie','','',7674,242,'2025-11-05 12:02:42'),('cc69760a-8a3b-4262-9ea1-0d93882bac56','The Ur-Dragon','d44edcf1-8e22-428f-895a-fa2c0925dfc2','ff8bc843-3aa7-4cd4-9db6-c378a69f57b7','The Ur-Dragon','','',40493,1,'2025-11-05 12:03:40'),('cd799e44-78ea-4646-a733-ccef1e6e5f88','Flamewar, Brash Veteran','d58dd8c4-664c-4afc-b2f7-a62b2c737325','3de61941-7ac0-4230-aa3b-a8f079e64472','Flamewar, Brash Veteran // Flamewar, Streetwise Operative','','',1312,1176,'2025-11-05 12:03:43'),('cdca7e7b-7671-4c7a-bb0a-ed24151528e6','Terra, Magical Adept','18f2bada-2f3c-419e-921c-0fac96324e41','ff8bc843-3aa7-4cd4-9db6-c378a69f57b7','Terra, Magical Adept // Esper Terra','','',10237,148,'2025-11-04 18:00:27'),('ce3adffa-6113-48f4-baa2-ade8b4f312bf','Lotho','f73a2cf1-38a2-4ae6-b4d5-ea3c68f10db5','5d5f6800-e325-4507-a1d5-d8689cd714b9','Lotho, Corrupt Shirriff','','',1573,1057,'2025-11-05 12:04:19'),('cf2838e6-2cde-46aa-af42-847283c3a3e3','Y\'shtola, Night\'s Blessed','18f2bada-2f3c-419e-921c-0fac96324e41','7eda5111-5c65-493c-bc32-92a6261ce547','Y\'shtola, Night\'s Blessed','','',23880,17,'2025-11-04 18:00:28'),('cf9a7ad7-abae-4b90-9496-26c882024bef','Arrrrrrgh','d85f1c3e-8aad-4978-864e-d801bc912668','880393b9-3191-4a6b-a4c5-42f97a659e2c','Edward Kenway','','',10509,140,'2025-11-05 12:03:56'),('d0b7e74f-4075-4f3f-b9c0-9a3794a671f7','Mendicant Core, Guidelight','18f2bada-2f3c-419e-921c-0fac96324e41','3256d58c-f465-46ff-94f7-435625da0a3a','Mendicant Core, Guidelight','','',10629,136,'2025-11-04 18:00:29'),('d12ac641-ebbd-4132-9cf4-58e40f6b455c','Hazel of the Rootbloom','7dc39f94-11cf-46fa-b7fb-6c18b2df12ab','62eb1f23-0289-46f6-8d3e-ed016a341945','Hazel of the Rootbloom','','',9317,172,'2025-11-05 12:02:50'),('d166c651-2f14-4c54-a28d-bcb6990f8772','Imodane','f73a2cf1-38a2-4ae6-b4d5-ea3c68f10db5','26842c69-c93d-4ad2-8627-cbe100b600f7','Imodane, the Pyrohammer','','',7082,269,'2025-11-05 12:04:20'),('d26fe4b7-f7ef-4f2e-9593-01790fdd384e','Jodah, the Unifier','a1addae5-39b8-44ec-b343-ae3d8c495df4','ff8bc843-3aa7-4cd4-9db6-c378a69f57b7','Jodah, the Unifier','','',25930,12,'2025-11-05 12:03:10'),('d2ffa687-7f8d-4767-98b3-385a9993a185','Kess, Dissident Mage','bcd17dd0-e430-40b5-954f-9a7289a8bac7','880393b9-3191-4a6b-a4c5-42f97a659e2c','Kess, Dissident Mage','','',7682,241,'2025-11-05 12:03:27'),('d3d37755-b2d6-44f3-8e13-91d3931e45e6','Ulalek, Fused Atrocity','446bbf78-3c3a-4105-8740-c5b4368655a9','ff8bc843-3aa7-4cd4-9db6-c378a69f57b7','Ulalek, Fused Atrocity','','',22517,19,'2025-11-05 12:01:10'),('d4a48080-dad4-4f12-abd6-12b28484851c','Kambal, Profiteering Mayor','7a56904c-b702-45d2-b59c-1314f1ce7415','5d5f6800-e325-4507-a1d5-d8689cd714b9','Kambal, Profiteering Mayor','','',5499,389,'2025-11-05 12:02:09'),('d56c2f91-c1d8-4863-9c55-c441632a2b38','Braids, Arisen Nightmare','bcd17dd0-e430-40b5-954f-9a7289a8bac7','218a0838-cbe1-4308-aabb-8de17cc5873b','Braids, Arisen Nightmare','','',7822,232,'2025-11-05 12:03:28'),('d64b913c-21f7-4fee-952b-0039213ffd39','Eriette, the Beguiler','e8d9d866-ad37-4e72-855a-0adcb829a5c4','7eda5111-5c65-493c-bc32-92a6261ce547','Eriette, the Beguiler','','',4400,495,'2025-11-05 12:04:02'),('d7e2186e-e226-4162-a626-e997c1230ad0','Wilhelt, the Rotcleaver','7c847407-d519-479c-99bd-b57d01a98670','3b391a97-4c58-4132-8200-68bc2898aef9','Wilhelt, the Rotcleaver','','',20475,27,'2025-11-05 12:02:25'),('d8416609-6ecc-4cfc-b5c4-3abbb14cae08','Disa the Restless','195f2a7b-e6d2-4d69-a55e-b334f324fb0f','8a0eed82-6019-46e7-9683-21b622c859b4','Disa the Restless','','',10888,130,'2025-11-05 12:00:39'),('d8812af8-6d6f-45e5-bc68-923f27eb82d6','Prosper, Tome-Bound','494925c2-0147-4381-9b5d-eb1b15622f73','3de61941-7ac0-4230-aa3b-a8f079e64472','Prosper, Tome-Bound','','',12809,92,'2025-11-05 12:01:39'),('d9247883-d3f8-49d2-a867-b25342ecb7a9','Flubs, the Fool','d44edcf1-8e22-428f-895a-fa2c0925dfc2','a3dec342-cc95-49ec-8dae-4f966da95624','Flubs, the Fool','','',17564,49,'2025-11-05 12:03:41'),('d9e2a41f-6f60-4ec0-a45a-9595cc725536','Yawgmoth, Thran Physician','7d5d6490-bb57-4a6d-a268-92c6d0fc6d43','218a0838-cbe1-4308-aabb-8de17cc5873b','Yawgmoth, Thran Physician','','',6211,317,'2025-11-05 12:02:43'),('daf2e4e3-af66-493e-be3e-2683ca366f49','Inspirit, Drydock','f73a2cf1-38a2-4ae6-b4d5-ea3c68f10db5','b2f7fcf3-ce9f-4898-8d6b-d667de484db2','Inspirit, Flagship Vessel','','',5638,372,'2025-11-05 12:04:21'),('dbae1f2f-5f69-4d16-9e29-b2d9d51009f5','Ureni of the Unwritten','7dc39f94-11cf-46fa-b7fb-6c18b2df12ab','a3dec342-cc95-49ec-8dae-4f966da95624','Ureni of the Unwritten','','',11173,127,'2025-11-05 12:02:51'),('dbed4a03-ecb7-4f4d-918a-8c65af3e8968','Nine-Fingers Keene','494925c2-0147-4381-9b5d-eb1b15622f73','b5fa6356-25a5-48d5-b2dc-c08a7df6ebe9','Nine-Fingers Keene','','',6201,319,'2025-11-05 06:01:39'),('dbfe8aa0-c25c-4792-82cc-3e267c77cca7','Gix, Yawgmoth Praetor','4110d847-bf41-4996-a9f1-2ebe86c69d2f','218a0838-cbe1-4308-aabb-8de17cc5873b','Gix, Yawgmoth Praetor','','',3147,649,'2025-11-05 12:01:09'),('dc68c6a5-8f46-47f6-86d2-c85c6ae06dd9','Hashaton, Scarab\'s Fist','55508317-abd0-4b59-a7c5-e029dd97c314','7eda5111-5c65-493c-bc32-92a6261ce547','Hashaton, Scarab\'s Fist','','',18139,46,'2025-11-05 12:01:44'),('dd1000dc-c7a7-4c91-8b22-9ad3dfeffa7f','Obeka, Splitter of Seconds','563e304f-11d3-4b7b-b5e3-85c45c362e18','880393b9-3191-4a6b-a4c5-42f97a659e2c','Obeka, Splitter of Seconds','','',17162,53,'2025-11-05 12:01:53'),('de22dcce-529b-405e-9315-e8c1b3e5cc41','Godzilla','494925c2-0147-4381-9b5d-eb1b15622f73','532de6fb-59c1-487b-8931-47e70d5cefb2','Zilortha, Strength Incarnate','','',3141,650,'2025-11-05 00:01:10'),('de371ab6-9405-44c3-ad46-283a8d2ef61c','Ardenn / Kediss','f73a2cf1-38a2-4ae6-b4d5-ea3c68f10db5','7aa24b49-5e15-4fef-8e2a-8f8ee2984cc9','Ardenn, Intrepid Archaeologist','Kediss, Emberclaw Familiar','',579,1691,'2025-11-05 12:04:22'),('de4339fc-995c-47b3-ac03-78ea1127f612','General Kreat, the Boltbringer','7d5d6490-bb57-4a6d-a268-92c6d0fc6d43','26842c69-c93d-4ad2-8627-cbe100b600f7','General Kreat, the Boltbringer','','',1636,1034,'2025-11-05 12:02:44'),('e17b86a1-3438-4b49-8200-5e2425938ac0','Camellia, the Seedmiser','d85f1c3e-8aad-4978-864e-d801bc912668','62eb1f23-0289-46f6-8d3e-ed016a341945','Camellia, the Seedmiser','','',4352,500,'2025-11-05 12:03:57'),('e3f0f406-d3af-4367-889e-e762ce0f13a2','Hans Eriksson','31c2bb6a-1161-4981-98ef-ca9d4cc302c6','532de6fb-59c1-487b-8931-47e70d5cefb2','Hans Eriksson','','',997,1348,'2025-11-05 12:00:59'),('e464e664-b784-4cce-b74b-74e54a7ce34a','Lathril, Blade of the Elves','56120e9c-2047-45a3-a9dd-fc68366f6e13','62eb1f23-0289-46f6-8d3e-ed016a341945','Lathril, Blade of the Elves','','',28282,9,'2025-11-05 12:01:45'),('e4724d28-0c10-4fa4-a7de-4b19a8ec2006','Massacre Girl, Known Killer','e8d9d866-ad37-4e72-855a-0adcb829a5c4','218a0838-cbe1-4308-aabb-8de17cc5873b','Massacre Girl, Known Killer','','',6800,281,'2025-11-05 12:04:03'),('e4f93f3f-c63c-498b-b034-9322e87d21fa','Cosmic Spider-Man','18f2bada-2f3c-419e-921c-0fac96324e41','ff8bc843-3aa7-4cd4-9db6-c378a69f57b7','Cosmic Spider-Man','','',5024,433,'2025-11-04 18:00:31'),('e527deb5-3666-4385-a3ef-f3ae959e20ea','Nekusar, the Mindrazer','494925c2-0147-4381-9b5d-eb1b15622f73','880393b9-3191-4a6b-a4c5-42f97a659e2c','Nekusar, the Mindrazer','','',24704,15,'2025-11-05 06:01:40'),('e78b51b9-b24c-4e45-af5f-3f7cada7d940','Karn, Legacy Reforged','494925c2-0147-4381-9b5d-eb1b15622f73','018240aa-1533-4c89-9a7e-8f7d57d849a4','Karn, Legacy Reforged','','',5360,405,'2025-11-05 00:01:10'),('e88afa70-b261-4c26-8191-6244d33572ca','Mendicant Core, Guidelight','494925c2-0147-4381-9b5d-eb1b15622f73','3256d58c-f465-46ff-94f7-435625da0a3a','Mendicant Core, Guidelight','','',10629,136,'2025-11-05 00:01:10'),('e8c4d1cd-1942-48a6-8753-d0a4ddb11eed','Toluz, Clever Conductor','bcd17dd0-e430-40b5-954f-9a7289a8bac7','7eda5111-5c65-493c-bc32-92a6261ce547','Toluz, Clever Conductor','','',1340,1166,'2025-11-05 12:03:30'),('eb4da95a-3502-41dd-86eb-e19c9991cf5e','Jhoira, Weatherlight Captain','23b601f5-79fb-46f6-af7c-951a78d4e866','71f2e91c-12aa-4358-ae0b-affd4f823cb2','Jhoira, Weatherlight Captain','','',6417,300,'2025-11-05 12:00:51'),('eba29714-2b90-46df-bedb-03208008e068','Atraxa, Praetors\' Voice','18f2bada-2f3c-419e-921c-0fac96324e41','d37e8574-23c4-4dd1-a017-d0b9209bac69','Atraxa, Praetors\' Voice','','',37859,3,'2025-11-04 18:00:31'),('ef08081a-0051-42bb-8aa6-3d0f29c4f9e3','Merry / Pippin','f73a2cf1-38a2-4ae6-b4d5-ea3c68f10db5','ad5cec7a-e866-493a-a39c-a0bff8d46eef','Merry, Warden of Isengard','Pippin, Warden of Isengard','',3932,549,'2025-11-05 12:04:23'),('f00886fd-4b70-49cc-ae8c-559771faa840','Atraxa, Praetors\' Voice','77b48305-eb0e-4fbb-bf35-db3a086dfac2','d37e8574-23c4-4dd1-a017-d0b9209bac69','Atraxa, Praetors\' Voice','','',37890,3,'2025-11-05 12:02:06'),('f448e18a-c2fd-470f-ae6e-ddfd9989ed46','Ulalek, Fused Atrocity','77b48305-eb0e-4fbb-bf35-db3a086dfac2','ff8bc843-3aa7-4cd4-9db6-c378a69f57b7','Ulalek, Fused Atrocity','','',22517,19,'2025-11-05 12:02:06'),('f4f18bd4-14cb-4afb-abf4-620c0d35aa5d','Lagrella, the Magpie','31c2bb6a-1161-4981-98ef-ca9d4cc302c6','7c705ad4-f0c3-467e-b480-63a9a809871c','Lagrella, the Magpie','','',1752,998,'2025-11-05 12:01:00'),('f52e8e9d-cb1e-45fe-bd4b-8f95dc217e6c','Aesi','7c847407-d519-479c-99bd-b57d01a98670','702360b8-7181-41a6-b8ac-662eeace3cf2','Aesi, Tyrant of Gyre Strait','','',13596,85,'2025-11-05 12:02:26'),('f52fc067-9d67-4276-a812-ecc0378f849a','Captain Howler, Sea Scourge','494925c2-0147-4381-9b5d-eb1b15622f73','71f2e91c-12aa-4358-ae0b-affd4f823cb2','Captain Howler, Sea Scourge','','',7848,231,'2025-11-05 00:01:10'),('f591b97b-d4c2-42f6-b7d0-689e9ce6c8d0','Pako / Haldan','b1c07638-7936-4452-a0eb-90f7ff1958e8','a3dec342-cc95-49ec-8dae-4f966da95624','Pako, Arcane Retriever','Haldan, Avid Arcanist','',8521,195,'2025-11-05 12:03:10'),('f7547774-5f5a-4ffe-ab70-c63e31f81fa5','Yuriko, the Tiger\'s Shadow','d85f1c3e-8aad-4978-864e-d801bc912668','3b391a97-4c58-4132-8200-68bc2898aef9','Yuriko, the Tiger\'s Shadow','','',28961,8,'2025-11-05 12:03:58'),('f76b4c40-3f06-4638-8053-5f1d96517fe7','Zaxara, the Exemplary','bcdc66af-d20f-42e0-8bc2-21fee1c7ec26','b5fa6356-25a5-48d5-b2dc-c08a7df6ebe9','Zaxara, the Exemplary','','',16042,65,'2025-11-05 12:03:31'),('f7ce0b25-a6ad-4a49-9f29-8b87080d8221','Mirko, Obsessive Theorist','e8d9d866-ad37-4e72-855a-0adcb829a5c4','3b391a97-4c58-4132-8200-68bc2898aef9','Mirko, Obsessive Theorist','','',9254,175,'2025-11-05 12:04:04'),('f80a4b47-bbad-4129-b37f-5aa21696d47b','Shitterfang','d85f1c3e-8aad-4978-864e-d801bc912668','62eb1f23-0289-46f6-8d3e-ed016a341945','Chatterfang, Squirrel General','','',21713,21,'2025-11-05 12:03:58'),('f85e81b1-e5b8-4d04-9d82-0b593c39fdf3','Obeka, Splitter of Seconds','18f2bada-2f3c-419e-921c-0fac96324e41','880393b9-3191-4a6b-a4c5-42f97a659e2c','Obeka, Splitter of Seconds','','',17137,53,'2025-11-04 18:00:31'),('f90c00a7-9941-4679-8897-29194e5e644e','Basim Ibn Ishaq','d3233639-8b54-4d6e-953d-6d0701ef1d02','3b391a97-4c58-4132-8200-68bc2898aef9','Basim Ibn Ishaq','','',1905,941,'2025-11-05 12:03:36'),('fc4036f2-e8b9-412a-a393-365916e8feed','Daretti, Scrap Savant','9646368a-8b1a-4f69-8744-cb947bbb590c','26842c69-c93d-4ad2-8627-cbe100b600f7','Daretti, Scrap Savant','','',3029,663,'2025-11-05 12:02:55');
/*!40000 ALTER TABLE `decks` ENABLE KEYS */;
UNLOCK TABLES;

--
-- Table structure for table `games`
--

DROP TABLE IF EXISTS `games`;
/*!40101 SET @saved_cs_client     = @@character_set_client */;
/*!50503 SET character_set_client = utf8mb4 */;
CREATE TABLE `games` (
  `id` varchar(64) NOT NULL,
  `game_name` varchar(1024) DEFAULT NULL,
  `start_time` datetime DEFAULT NULL,
  `end_time` datetime DEFAULT NULL,
  PRIMARY KEY (`id`)
) ENGINE=InnoDB DEFAULT CHARSET=utf8mb4 COLLATE=utf8mb4_0900_ai_ci;
/*!40101 SET character_set_client = @saved_cs_client */;

--
-- Dumping data for table `games`
--

LOCK TABLES `games` WRITE;
/*!40000 ALTER TABLE `games` DISABLE KEYS */;
INSERT INTO `games` VALUES ('0029c023-f693-4213-b028-74a9a3f56d99','2025-09-12 18:30 - 19:33','2025-09-12 18:30:00','2025-09-12 19:33:00'),('002ae332-cfd4-4436-9dca-b3e461c4a8f9','2025-09-26 19:55 - 20:56','2025-09-26 19:55:00','2025-09-26 20:56:00'),('023456f8-7aa3-4cd8-b7c0-ad29913f84c5','2025-08-25 17:13 - 17:56','2025-08-25 17:13:00','2025-08-25 17:56:00'),('0306af1a-2006-4fc1-a678-9e1d300e6ed1','2025-08-22 21:35 - 21:59','2025-08-22 21:35:00','2025-08-22 21:59:00'),('0649271b-e024-4e6a-83a2-2a92a019f2f6','2025-03-08 16:04 - 17:55','2025-03-08 16:04:00','2025-03-08 17:55:00'),('074eeee9-5aab-46e9-ad3e-5e403b4e71d9','2025-08-15 17:10 - 17:48','2025-08-15 17:10:00','2025-08-15 17:48:00'),('07fe3853-8261-4f31-8a4c-b776c6840a61','2025-01-13 19:05 - 20:08','2025-01-13 19:05:00','2025-01-13 20:08:00'),('0f334929-595b-430a-bb32-5f7366e50466','2025-06-27 18:55 - 21:07','2025-06-27 18:55:00','2025-06-27 21:07:00'),('0f69f73c-fb2c-4218-bf53-3b5ec846adae','2025-03-07 17:00 - 17:30','2025-03-07 17:00:00','2025-03-07 17:30:00'),('1050194c-a955-45e7-938b-363caece8886','2025-04-21 17:09 - 18:34','2025-04-21 17:09:00','2025-04-21 18:34:00'),('11225d16-7186-4f51-87c2-3b21f20c585a','2025-05-19 17:48 - 19:48','2025-05-19 17:48:00','2025-05-19 19:48:00'),('11e45865-09b3-4c32-aafe-18caaaed35cb','2025-06-02 17:29 - 19:29','2025-06-02 17:29:00','2025-06-02 19:29:00'),('1217acdf-69eb-4639-bf41-cff417438ac0','2025-02-22 20:34 - 22:23','2025-02-22 20:34:00','2025-02-22 22:23:00'),('13720487-1a8f-45a7-89f0-83459ae89cb0','2025-03-14 19:10 - 20:02','2025-03-14 19:10:00','2025-03-14 20:02:00'),('13c8bf4b-5656-41dc-af81-993f83998a88','2025-10-31 21:20 - 22:04','2025-10-31 21:20:00','2025-10-31 22:04:00'),('1401e542-06db-4309-8adb-4868b2cad571','2025-10-10 19:35 - 21:27','2025-10-10 19:35:00','2025-10-10 21:27:00'),('151da2de-5755-4c77-9f1c-cbf96dd83388','2025-02-14 17:13 - 18:41','2025-02-14 17:13:00','2025-02-14 18:41:00'),('159eeae0-46ad-4798-b679-caeb0b72fdba','2025-09-29 18:20 - 19:25','2025-09-29 18:20:00','2025-09-29 19:25:00'),('162cb95b-accf-4ed8-a25c-833db7546804','2025-03-31 17:10 - 18:25','2025-03-31 17:10:00','2025-03-31 18:25:00'),('1761381f-ba54-43aa-979e-4187af9cc36a','2025-10-13 18:31 - 20:05','2025-10-13 18:31:00','2025-10-13 20:05:00'),('17b8e125-5da2-48bf-b5d9-557ae13f91fd','2025-07-12 21:08 - 21:41','2025-07-12 21:08:00','2025-07-12 21:41:00'),('17f0affa-c4d6-47ec-9e89-c2f093a58679','2025-08-15 17:55 - 19:40','2025-08-15 17:55:00','2025-08-15 19:40:00'),('18ec56ff-d16b-4bf6-874a-bd4e41dc6148','2025-11-03 17:23 - 18:45','2025-11-03 17:23:00','2025-11-03 18:45:00'),('197015dd-ae91-41a3-9be5-34bfdfc802e1','2025-03-21 20:57 - 21:19','2025-03-21 20:57:00','2025-03-21 21:19:00'),('19e5981b-8000-4e64-b2f7-c4d1322b2c20','2025-10-31 18:12 - 19:41','2025-10-31 18:12:00','2025-10-31 19:41:00'),('19eb3519-36b6-408d-9eec-1cd7a9f75c74','2025-02-03 17:39 - 18:40','2025-02-03 17:39:00','2025-02-03 18:40:00'),('1a190b4a-ae3c-48e4-ba2d-7a9d2e9b9494','2025-10-27 20:03 - 21:20','2025-10-27 20:03:00','2025-10-27 21:20:00'),('1a6d0aaa-0ea6-486f-9ba8-da981fddbc1a','2025-06-23 20:03 - 21:20','2025-06-23 20:03:00','2025-06-23 21:20:00'),('1b117a04-2c93-43f6-9c32-682fca6d683e','2025-05-23 19:51 - 20:45','2025-05-23 19:51:00','2025-05-23 20:45:00'),('1b5e09ee-691b-433c-a62e-3b1fc8103e7b','2025-08-29 20:49 - 21:45','2025-08-29 20:49:00','2025-08-29 21:45:00'),('1c18e8ca-5fe4-4f06-be98-8172064a65ac','2025-08-22 18:04 - 19:10','2025-08-22 18:04:00','2025-08-22 19:10:00'),('1cacea59-3e9f-4d22-9cb8-f93ef07f87a1','2025-04-23 17:52 - 18:41','2025-04-23 17:52:00','2025-04-23 18:41:00'),('1d421e68-5f02-4c25-9ed9-e44f9a366905','2025-06-16 20:10 - 20:39','2025-06-16 20:10:00','2025-06-16 20:39:00'),('1dfc4fba-91fe-4208-b23b-7de92d4e05ba','2025-01-31 22:53 - 23:43','2025-01-31 22:53:00','2025-01-31 23:43:00'),('1e95168a-8c66-494f-aec1-239ee8cc45f9','2025-09-05 19:00 - 20:30','2025-09-05 19:00:00','2025-09-05 20:30:00'),('1f3e1099-c1bc-4145-aee1-67a21f488f01','2025-01-20 19:31 - 19:57','2025-01-20 19:31:00','2025-01-20 19:57:00'),('22b0b412-00a4-4119-ad1a-e3def403141e','2025-03-31 20:15 - 20:50','2025-03-31 20:15:00','2025-03-31 20:50:00'),('2332ba9a-fef0-4d43-b36e-8d76ce0e3363','2025-03-31 19:30 - 20:15','2025-03-31 19:30:00','2025-03-31 20:15:00'),('24974fa0-0ae7-4ed2-8d18-89ee4b381a89','2025-04-30 21:05 - 21:26','2025-04-30 21:05:00','2025-04-30 21:26:00'),('24ad4f17-d4ee-4928-8012-8ed61aa1eace','2025-08-15 19:49 - 21:42','2025-08-15 19:49:00','2025-08-15 21:42:00'),('2625085c-df07-47d6-b548-d5ba49c788f0','2025-01-17 19:42 - 20:33','2025-01-17 19:42:00','2025-01-17 20:33:00'),('262d050a-4ce3-4fa3-b8d9-34137450c7a7','2025-06-16 18:40 - 19:32','2025-06-16 18:40:00','2025-06-16 19:32:00'),('267c58ab-2fe6-45d7-be33-e540bfad3cb0','2025-07-21 17:20 - 18:24','2025-07-21 17:20:00','2025-07-21 18:24:00'),('27ff2a95-6669-4d26-a0c2-82c6afcd8227','2025-01-17 20:43 - 21:32','2025-01-17 20:43:00','2025-01-17 21:32:00'),('28c2ae2e-33e3-44df-a1bf-7bdf13e421a8','2025-06-10 19:57 - 20:57','2025-06-10 19:57:00','2025-06-10 20:57:00'),('28f6560b-4123-4fe4-bfc4-45dc14229b28','2025-03-24 17:16 - 18:01','2025-03-24 17:16:00','2025-03-24 18:01:00'),('2910eaa1-db01-4f12-b193-b936b18be4d7','2025-04-30 19:50 - 20:57','2025-04-30 19:50:00','2025-04-30 20:57:00'),('2914ca56-f25a-48ac-9102-c314ac7576e7','2025-08-01 17:16 - 19:07','2025-08-01 17:16:00','2025-08-01 19:07:00'),('2958db33-5778-41dd-a466-a35a449e9fc3','2025-09-08 18:58 - 20:27','2025-09-08 18:58:00','2025-09-08 20:27:00'),('2a42a89e-6127-47a2-91b9-8225f9c1a24e','2025-06-27 21:12 - 21:50','2025-06-27 21:12:00','2025-06-27 21:50:00'),('2a557f47-2907-46e0-ac00-5d1c4f249214','2025-04-25 21:11 - 21:52','2025-04-25 21:11:00','2025-04-25 21:52:00'),('2c250a82-c806-4f94-95e1-942e6d773667','2025-01-31 16:53 - 17:55','2025-01-31 16:53:00','2025-01-31 17:55:00'),('2cb4f0ab-53fc-4c48-bb6c-0d34faa4bab0','2025-01-27 18:46 - 19:25','2025-01-27 18:46:00','2025-01-27 19:25:00'),('2d177c56-a274-4b7d-ad8f-4af8abf1f7ae','2025-08-25 19:23 - 20:47','2025-08-25 19:23:00','2025-08-25 20:47:00'),('2ed46b9a-8036-4d83-9454-a5c1f2275600','2025-01-27 19:32 - 20:25','2025-01-27 19:32:00','2025-01-27 20:25:00'),('2f540bd1-183e-44fe-aad9-633e4d319d8d','2025-02-14 21:00 - 21:32','2025-02-14 21:00:00','2025-02-14 21:32:00'),('301eca31-132d-4ab0-aa2b-029896448f95','2025-10-17 17:38 - 19:19','2025-10-17 17:38:00','2025-10-17 19:19:00'),('316663b5-a610-409b-a276-5ccb9b7e2315','2025-11-04 16:38 - 16:58','2025-11-04 16:38:00','2025-11-04 16:58:00'),('3287a41e-23ee-46ae-822d-eb4cc35f8753','2025-02-17 17:33 - 19:30','2025-02-17 17:33:00','2025-02-17 19:30:00'),('32d2b229-667e-4452-a69a-e9b108bfa5d0','2025-05-05 20:10 - 21:19','2025-05-05 20:10:00','2025-05-05 21:19:00'),('33c11c8e-0601-4c52-9183-3c286a43dbd2','2025-03-03 18:12 - 19:24','2025-03-03 18:12:00','2025-03-03 19:24:00'),('3500afc5-55b7-449e-9612-87d0a40eb956','2025-08-11 17:20 - 18:56','2025-08-11 17:20:00','2025-08-11 18:56:00'),('35a93605-3f7d-4c32-9881-3627c21fa7ea','2025-01-27 20:41 - N','2025-01-27 20:41:00',NULL),('368fac58-28d5-4520-86e7-b13e88b62d81','2025-09-01 19:05 - 20:13','2025-09-01 19:05:00','2025-09-01 20:13:00'),('3693f366-3547-4d70-9813-54a39e63dc81','2025-08-01 21:30 - N','2025-08-01 21:30:00',NULL),('36c6c1ff-562d-4ad7-b894-6019142bfebd','2025-06-30 19:54 - 20:28','2025-06-30 19:54:00','2025-06-30 20:28:00'),('37fb6141-8c5a-4b74-831f-6d2cf19c662e','2025-10-17 21:04 - 22:35','2025-10-17 21:04:00','2025-10-17 22:35:00'),('387b256d-5a06-46ec-8cce-e8fac43d8181','2025-02-03 18:50 - 19:38','2025-02-03 18:50:00','2025-02-03 19:38:00'),('391fe186-fbcb-4419-8f1f-9d16de14cf92','2025-06-13 17:07 - 18:37','2025-06-13 17:07:00','2025-06-13 18:37:00'),('392d0a3f-46bd-4e71-ab0f-171aa1ad3758','2025-10-24 17:06 - 18:08','2025-10-24 17:06:00','2025-10-24 18:08:00'),('3a5d8ced-9f86-4805-ad70-bfcf97ba0d9f','2025-05-16 21:25 - 22:07','2025-05-16 21:25:00','2025-05-16 22:07:00'),('3ad1c79b-ad9e-490d-8954-8ac69fe45e4c','2025-10-27 18:02 - 19:02','2025-10-27 18:02:00','2025-10-27 19:02:00'),('3bef1983-376b-441e-a824-e80562c9d50a','2025-03-08 20:00 - 21:00','2025-03-08 20:00:00','2025-03-08 21:00:00'),('3c277f68-dd05-40fd-bfbc-578a527ad91d','2025-08-04 18:33 - 19:30','2025-08-04 18:33:00','2025-08-04 19:30:00'),('3c848d70-ca59-4866-a3c9-6050c55d2a7b','2025-09-08 17:23 - 18:48','2025-09-08 17:23:00','2025-09-08 18:48:00'),('3d6b678f-ceb8-4b53-9141-16b657b8fe35','2025-10-31 19:45 - 21:14','2025-10-31 19:45:00','2025-10-31 21:14:00'),('3f542fa2-9ae7-4b8c-aa07-e236613584c9','2025-06-30 17:33 - 19:28','2025-06-30 17:33:00','2025-06-30 19:28:00'),('4093f31c-6122-4f82-bd5d-40140ffc585b','2025-03-17 19:35 - 20:48','2025-03-17 19:35:00','2025-03-17 20:48:00'),('40e6e255-028a-433f-a3f6-2f5898899415','2025-06-16 20:44 - 21:16','2025-06-16 20:44:00','2025-06-16 21:16:00'),('410b833c-c338-4ef9-aca4-d193d2874496','2025-02-24 18:00 - 18:51','2025-02-24 18:00:00','2025-02-24 18:51:00'),('41c44c99-2b8e-4205-8a5b-0be1ce8353e0','2025-04-23 21:19 - N','2025-04-23 21:19:00',NULL),('42478984-e68c-418f-aee4-2a7d24383ad4','2025-05-19 19:56 - 21:14','2025-05-19 19:56:00','2025-05-19 21:14:00'),('4268ae6b-a6b8-4f1e-a0bf-e03c1784d397','2025-08-24 14:01 - 15:15','2025-08-24 14:01:00','2025-08-24 15:15:00'),('4414f4d8-2f9a-4ed1-a871-fe1d5b3deb22','2025-04-07 19:15 - 20:46','2025-04-07 19:15:00','2025-04-07 20:46:00'),('446a5383-7e94-4069-81fb-558ab92b1f73','2025-10-20 20:34 - 21:46','2025-10-20 20:34:00','2025-10-20 21:46:00'),('4490d384-78a0-42b3-b884-c367fd5606a8','2025-09-05 20:40 - 21:30','2025-09-05 20:40:00','2025-09-05 21:30:00'),('4551e1c1-3403-4ad8-9f22-003406c33892','2025-02-24 19:57 - 21:15','2025-02-24 19:57:00','2025-02-24 21:15:00'),('45df0fc8-1600-46ec-82e0-67269254561d','2025-04-02 20:08 - 21:11','2025-04-02 20:08:00','2025-04-02 21:11:00'),('46153da3-8539-40ef-9b32-ff7e02c6aaaf','2025-05-23 18:01 - 19:48','2025-05-23 18:01:00','2025-05-23 19:48:00'),('46dab3ef-9a4d-40ea-98c1-a6304b8cda10','2025-04-07 18:09 - 19:01','2025-04-07 18:09:00','2025-04-07 19:01:00'),('4756d912-0e6b-4a57-b343-335d0485d640','2025-07-21 20:11 - 20:44','2025-07-21 20:11:00','2025-07-21 20:44:00'),('4b22cc3c-bb52-49fc-975d-03c30d69513e','2025-07-28 17:20 - 18:59','2025-07-28 17:20:00','2025-07-28 18:59:00'),('4b3c2726-fa39-4538-b4e3-df2fa55a2108','2025-03-08 21:02 - 21:41','2025-03-08 21:02:00','2025-03-08 21:41:00'),('4d5985be-84c0-4be0-9115-2d9f43a837e7','2025-04-02 17:58 - 19:10','2025-04-02 17:58:00','2025-04-02 19:10:00'),('4d97ab1c-4d1e-4979-b25b-aa50326b7db2','2025-07-12 17:18 - 18:34','2025-07-12 17:18:00','2025-07-12 18:34:00'),('4d9ec2e0-a9f6-4ffa-88ed-656e9226b670','2025-06-13 20:52 - 21:24','2025-06-13 20:52:00','2025-06-13 21:24:00'),('4ee93313-97d2-45ec-9ad9-d68497e1bc9a','2025-07-07 17:28 - 18:26','2025-07-07 17:28:00','2025-07-07 18:26:00'),('515f21dc-c3b5-4271-9121-ff9b8177592b','2025-06-13 20:28 - 20:48','2025-06-13 20:28:00','2025-06-13 20:48:00'),('526f7687-e572-4276-8044-ebb83169890d','2025-07-07 20:19 - 21:24','2025-07-07 20:19:00','2025-07-07 21:24:00'),('53e74747-ef90-4538-83b0-ef4c568ef521','2025-08-22 20:09 - 21:33','2025-08-22 20:09:00','2025-08-22 21:33:00'),('55746c92-45c2-47b6-a184-ee7b4b6f762c','2025-06-13 18:42 - 19:24','2025-06-13 18:42:00','2025-06-13 19:24:00'),('55b0d15a-4e0f-458d-b3cb-1082b94fb435','2025-06-27 17:15 - 18:45','2025-06-27 17:15:00','2025-06-27 18:45:00'),('56df0d56-56b5-4a77-a4ed-c5b43ce83610','2025-11-02 19:30 - 20:27','2025-11-02 19:30:00','2025-11-02 20:27:00'),('59307db1-4de0-43d9-89c7-1bbf3efeaa8e','2025-09-26 21:01 - 22:05','2025-09-26 21:01:00','2025-09-26 22:05:00'),('5db609fc-19fc-4cf6-8729-4540815d6a35','2025-04-23 18:45 - 20:26','2025-04-23 18:45:00','2025-04-23 20:26:00'),('5dcefba3-3460-4707-aa4a-f3ec9f653a83','2025-05-12 17:19 - 19:00','2025-05-12 17:19:00','2025-05-12 19:00:00'),('5e4ac305-c8f7-4b83-bc4e-4b9efea1deb3','2025-03-17 17:12 - 18:20','2025-03-17 17:12:00','2025-03-17 18:20:00'),('5ee9ff0d-4d4e-4280-913c-84a2ddfbbda3','2025-03-08 15:14 - 15:59','2025-03-08 15:14:00','2025-03-08 15:59:00'),('5f1a9384-e8da-4b8f-8097-cdc84aa92730','2025-05-05 17:47 - 18:24','2025-05-05 17:47:00','2025-05-05 18:24:00'),('5f7ba1b5-350d-4fd6-ac52-ea7e23fcd5c8','2025-06-13 19:29 - 20:21','2025-06-13 19:29:00','2025-06-13 20:21:00'),('5fc29f98-808e-480e-b1ef-96df1d6db81c','2025-03-07 18:47 - 20:02','2025-03-07 18:47:00','2025-03-07 20:02:00'),('60ac7628-bae3-40c6-9f9e-f9994a2eae8c','2025-08-25 18:07 - 19:17','2025-08-25 18:07:00','2025-08-25 19:17:00'),('63e5e599-38a6-46b4-9ead-874536fc949e','2025-08-18 17:11 - 18:46','2025-08-18 17:11:00','2025-08-18 18:46:00'),('65a8c206-ebaf-451b-b733-184c41bd2b67','2025-08-22 19:15 - 20:02','2025-08-22 19:15:00','2025-08-22 20:02:00'),('65fe1346-3dab-44ed-a835-75a11472a87c','2025-10-27 17:11 - 17:54','2025-10-27 17:11:00','2025-10-27 17:54:00'),('661f60f7-5ab9-4d7d-bfe0-e0fd5b2de27c','2025-04-23 20:29 - 21:12','2025-04-23 20:29:00','2025-04-23 21:12:00'),('6726f203-f0a3-46fc-8a26-b73160d4c85c','2025-03-08 18:10 - 18:52','2025-03-08 18:10:00','2025-03-08 18:52:00'),('68e726a3-089a-4cee-a768-a972178c6e22','2025-04-25 18:25 - 19:40','2025-04-25 18:25:00','2025-04-25 19:40:00'),('6b0a594c-62aa-45d3-ab02-1732d4d51d99','2025-03-10 20:24 - 21:05','2025-03-10 20:24:00','2025-03-10 21:05:00'),('6cbbcb7d-12bf-4b21-8ae8-8d640af0d5a9','2025-01-20 17:20 - 18:09','2025-01-20 17:20:00','2025-01-20 18:09:00'),('6d5da372-d6f6-4aaa-b89f-dc6675efe12a','2025-03-07 20:10 - 20:48','2025-03-07 20:10:00','2025-03-07 20:48:00'),('6ed4c6d0-e01f-4f84-b32a-6083cc6e2ea6','2025-01-17 17:33 - 18:21','2025-01-17 17:33:00','2025-01-17 18:21:00'),('6fc557b6-b0ee-4b63-88cf-3fec2289a9e5','2025-03-24 19:47 - 20:58','2025-03-24 19:47:00','2025-03-24 20:58:00'),('704e495c-a14c-45ad-a940-189f5413a9e6','2025-03-14 20:09 - 20:40','2025-03-14 20:09:00','2025-03-14 20:40:00'),('70ad315b-f595-4230-a76f-d56009c99815','2025-10-10 18:41 - 19:31','2025-10-10 18:41:00','2025-10-10 19:31:00'),('70eaf108-8ebe-48c3-a948-7113d120a2e6','2025-06-10 18:44 - 19:52','2025-06-10 18:44:00','2025-06-10 19:52:00'),('71d68224-1de8-4a99-8d1d-406da35715b4','2025-11-02 15:29 - 17:00','2025-11-02 15:29:00','2025-11-02 17:00:00'),('726dc4ad-1a5d-49c3-aead-244d164796c7','2025-09-26 18:09 - 19:16','2025-09-26 18:09:00','2025-09-26 19:16:00'),('737a8c1b-12b9-458c-90f6-19855e49e183','2025-11-04 14:55 - 16:32','2025-11-04 14:55:00','2025-11-04 16:32:00'),('747c40c9-350c-4226-ade7-b9c749d0d2c6','2025-05-16 19:54 - 21:15','2025-05-16 19:54:00','2025-05-16 21:15:00'),('75201f30-8d50-48d6-838c-caede37ae2e5','2025-01-31 21:24 - 22:24','2025-01-31 21:24:00','2025-01-31 22:24:00'),('7692248d-5d16-4e16-8686-cdee99b24d8c','2025-03-07 17:33 - 18:41','2025-03-07 17:33:00','2025-03-07 18:41:00'),('77c73709-065e-4133-924d-7b398999a633','2025-11-04 11:49 - 13:37','2025-11-04 11:49:00','2025-11-04 13:37:00'),('78042619-988d-467b-8b26-be348dd4282b','2025-03-21 21:22 - 22:20','2025-03-21 21:22:00','2025-03-21 22:20:00'),('7bfbd046-9ea4-44fb-85d3-d12653d7d4a1','2025-06-16 17:15 - 18:33','2025-06-16 17:15:00','2025-06-16 18:33:00'),('7c860660-2aa4-41e3-a4bb-9066d632ba27','2025-04-07 20:56 - 21:49','2025-04-07 20:56:00','2025-04-07 21:49:00'),('7cf26c56-e846-435a-8f1e-d155723db433','2025-06-16 19:40 - 20:07','2025-06-16 19:40:00','2025-06-16 20:07:00'),('7dcf0edd-beee-4687-b2ec-778f0ba9cc38','2025-05-12 19:07 - 20:23','2025-05-12 19:07:00','2025-05-12 20:23:00'),('7df08761-37bf-47fd-8ef1-2da78e3cb040','2025-04-30 17:20 - 19:38','2025-04-30 17:20:00','2025-04-30 19:38:00'),('7ebd627e-19f0-4ec5-b0f7-c9dcb892a771','2025-03-03 19:33 - 20:55','2025-03-03 19:33:00','2025-03-03 20:55:00'),('815f4404-cebc-4885-9222-6d1d4784f8c2','2025-05-30 19:35 - 20:14','2025-05-30 19:35:00','2025-05-30 20:14:00'),('82cfe886-8c2f-4de0-a487-185a6fe4524f','2025-11-02 17:07 - 19:25','2025-11-02 17:07:00','2025-11-02 19:25:00'),('82ee9b27-db2d-4238-a328-a8337acd958d','2025-01-25 19:41 - 21:05','2025-01-25 19:41:00','2025-01-25 21:05:00'),('84ad2168-82dd-470e-a55b-7b3e0bd8f0d1','2025-05-02 19:33 - 20:35','2025-05-02 19:33:00','2025-05-02 20:35:00'),('85701c81-e739-4d05-bd37-6d53740a17bf','2025-01-20 20:02 - 21:39','2025-01-20 20:02:00','2025-01-20 21:39:00'),('85a359df-361f-4493-a22a-4b2bfe009fa6','2025-07-18 19:00 - 20:04','2025-07-18 19:00:00','2025-07-18 20:04:00'),('87d6e73d-15e8-48a3-8528-c69fda7075ff','2025-08-29 20:01 - 20:42','2025-08-29 20:01:00','2025-08-29 20:42:00'),('884137f6-25d2-4885-8c51-f4bf964bf6ff','2025-03-08 13:40 - 15:10','2025-03-08 13:40:00','2025-03-08 15:10:00'),('890e8dd6-5a75-4b66-ab49-773488bdd579','2025-09-26 15:54 - 17:23','2025-09-26 15:54:00','2025-09-26 17:23:00'),('893c5cbe-3df6-4458-bcba-1361826acff4','2025-05-02 20:42 - 21:54','2025-05-02 20:42:00','2025-05-02 21:54:00'),('89dc81a4-9213-45d2-a3a2-5aebfc6d9fdd','2025-04-25 16:44 - 17:50','2025-04-25 16:44:00','2025-04-25 17:50:00'),('8a3e3469-5c7d-4918-a1b4-6afe7ca9b102','2025-07-12 18:38 - 20:22','2025-07-12 18:38:00','2025-07-12 20:22:00'),('8a83c44d-7540-49c5-bc90-5809b1edfc26','2025-07-05 00:44 - 02:17','2025-07-05 00:44:00','2025-07-05 02:17:00'),('8b352d29-2153-4c61-a74e-f359c1d2828d','2025-11-03 20:39 - 21:54','2025-11-03 20:39:00','2025-11-03 21:54:00'),('8b9c1db5-2379-4549-b551-135bd888ed9f','2025-08-24 15:25 - N','2025-08-24 15:25:00',NULL),('8bb41d6f-8fa4-4da1-badb-6f882706c3f5','2025-10-17 23:02 - 00:43','2025-10-17 23:02:00','2025-10-18 00:43:00'),('8bf0544f-169b-49bd-b1df-e89163e2c220','2025-04-21 20:08 - 21:05','2025-04-21 20:08:00','2025-04-21 21:05:00'),('8bf2ac32-8c8f-49f4-93e3-f04e06331fb8','2025-10-03 18:24 - 18:58','2025-10-03 18:24:00','2025-10-03 18:58:00'),('8d02c22e-9a52-4d6f-9fc2-738873790654','2025-09-01 17:20 - 18:55','2025-09-01 17:20:00','2025-09-01 18:55:00'),('8e074221-52f9-4ed7-99b7-1d30b111755b','2025-01-13 17:54 - 18:58','2025-01-13 17:54:00','2025-01-13 18:58:00'),('8ee9183f-4d5b-40fe-968e-ecde824482d0','2025-04-25 17:57 - 18:23','2025-04-25 17:57:00','2025-04-25 18:23:00'),('8f4cf8e7-0b0f-42a7-8f06-1eac617c423f','2025-02-17 19:37 - 20:45','2025-02-17 19:37:00','2025-02-17 20:45:00'),('9185bdcd-5c1f-46dd-9db2-614c8f8ec940','2025-09-29 19:32 - 21:24','2025-09-29 19:32:00','2025-09-29 21:24:00'),('934079b6-286a-43c2-9087-724a36eee6d5','2025-10-10 17:10 - 18:38','2025-10-10 17:10:00','2025-10-10 18:38:00'),('95c7306f-e0f2-4f04-8af8-f3423c434315','2025-08-11 19:00 - 19:51','2025-08-11 19:00:00','2025-08-11 19:51:00'),('96b55efb-9da0-4b1c-8598-4260797ca992','2025-02-14 21:35 - 21:55','2025-02-14 21:35:00','2025-02-14 21:55:00'),('97bd4d7b-10f9-45c2-8ac1-5a8768fab56a','2025-06-10 17:19 - 18:35','2025-06-10 17:19:00','2025-06-10 18:35:00'),('991e0ee3-c5fa-4cc5-943b-4de3e6ed8505','2025-05-30 18:51 - 19:28','2025-05-30 18:51:00','2025-05-30 19:28:00'),('99ed0ba4-4f57-4589-bcda-90c4648e4ecb','2025-02-03 17:04 - 17:30','2025-02-03 17:04:00','2025-02-03 17:30:00'),('9badbe22-577f-443b-a52a-e4e968ae6859','2025-01-31 18:00 - 19:29','2025-01-31 18:00:00','2025-01-31 19:29:00'),('9c40cf5c-5c94-4b5e-94ce-9bf566dc9952','2025-08-06 19:58 - 21:05','2025-08-06 19:58:00','2025-08-06 21:05:00'),('9c9e53f8-2487-4605-915f-e1525464f581','2025-08-11 19:55 - 21:04','2025-08-11 19:55:00','2025-08-11 21:04:00'),('9d01a369-6ed8-4378-824d-a4130b8d92e5','2025-08-24 12:32 - 13:35','2025-08-24 12:32:00','2025-08-24 13:35:00'),('9e3abc15-006e-433a-8c21-140e5d87ab03','2025-04-25 20:33 - 21:06','2025-04-25 20:33:00','2025-04-25 21:06:00'),('9f06f05b-214e-4d06-9dfc-5b4bb8b0e80c','2025-05-23 16:59 - 17:29','2025-05-23 16:59:00','2025-05-23 17:29:00'),('a26c2b1e-17c6-43ed-a1cb-f751410f3eb0','2025-09-12 17:07 - 18:21','2025-09-12 17:07:00','2025-09-12 18:21:00'),('a33ab1b4-4f48-484d-a3ce-1ae33113de55','2025-10-10 21:31 - 22:22','2025-10-10 21:31:00','2025-10-10 22:22:00'),('a49a4acb-d01a-443e-b957-3754dfc81694','2025-06-23 18:09 - 19:56','2025-06-23 18:09:00','2025-06-23 19:56:00'),('a67559af-6fb9-4c76-9355-d687f027ab71','2025-07-21 18:37 - 20:00','2025-07-21 18:37:00','2025-07-21 20:00:00'),('a7149a37-0014-45fc-a81f-264c1ed93503','2025-01-13 20:16 - 21:28','2025-01-13 20:16:00','2025-01-13 21:28:00'),('a87ac547-bca0-4bf8-95ed-22114002a8d1','2025-08-04 16:58 - 18:23','2025-08-04 16:58:00','2025-08-04 18:23:00'),('a8b5a939-8e4e-465d-8be5-220dd9b2303a','2025-10-03 17:15 - 18:19','2025-10-03 17:15:00','2025-10-03 18:19:00'),('a9cf966c-2fae-45f8-92be-696e13e61d41','2025-11-04 13:41 - 14:48','2025-11-04 13:41:00','2025-11-04 14:48:00'),('aa908cfb-a059-4a4f-ba3e-731bb490e57a','2025-09-08 20:32 - 21:32','2025-09-08 20:32:00','2025-09-08 21:32:00'),('ae521a8e-517d-43ed-b14a-a23ca70270a4','2025-10-24 18:13 - 19:49','2025-10-24 18:13:00','2025-10-24 19:49:00'),('afce1573-0548-452f-833b-c01cac8f6432','2025-09-22 17:17 - 18:23','2025-09-22 17:17:00','2025-09-22 18:23:00'),('b056ff01-f10b-4f78-92ac-b44a67a0badf','2025-02-14 18:58 - 19:40','2025-02-14 18:58:00','2025-02-14 19:40:00'),('b0947f69-f401-42b0-93d6-951dab5c6e84','2025-05-30 21:13 - 22:13','2025-05-30 21:13:00','2025-05-30 22:13:00'),('b0c2475c-c594-4468-8a87-297f2e216215','2025-02-14 19:45 - 20:53','2025-02-14 19:45:00','2025-02-14 20:53:00'),('b2c836a0-e4bf-4dd4-8ab2-1687e6331be8','2025-01-31 19:41 - 21:17','2025-01-31 19:41:00','2025-01-31 21:17:00'),('b39577f2-5db7-4f17-b798-aef73faff52a','2025-08-01 19:13 - 20:45','2025-08-01 19:13:00','2025-08-01 20:45:00'),('b3bd9ecb-428b-43d4-a79b-5f67328d8a6a','2025-04-02 19:15 - 20:05','2025-04-02 19:15:00','2025-04-02 20:05:00'),('b5150222-181b-4981-a06f-60159583c035','2025-01-25 21:11 - 21:50','2025-01-25 21:11:00','2025-01-25 21:50:00'),('b54498c8-0766-4c5d-8d77-770faae72b1d','2025-06-30 19:32 - 19:50','2025-06-30 19:32:00','2025-06-30 19:50:00'),('b5c86dd4-b568-4bf2-b27f-64480d4fdb96','2025-10-03 21:05 - 22:00','2025-10-03 21:05:00','2025-10-03 22:00:00'),('b5ee3445-4497-4987-8c59-788b0610390c','2025-08-01 20:50 - 21:26','2025-08-01 20:50:00','2025-08-01 21:26:00'),('b74993d3-c579-497f-a825-63268092e3b1','2025-05-02 17:34 - 19:25','2025-05-02 17:34:00','2025-05-02 19:25:00'),('b8431b4a-610b-46ff-84d9-f1f6e789f0da','2025-09-29 17:23 - 18:14','2025-09-29 17:23:00','2025-09-29 18:14:00'),('b84efa39-b4a2-4668-8ea0-807b717c5581','2025-09-22 18:24 - 21:30','2025-09-22 18:24:00','2025-09-22 21:30:00'),('b8589a34-bbf8-47de-99fe-16d5c8259cf5','2025-07-18 20:11 - 21:10','2025-07-18 20:11:00','2025-07-18 21:10:00'),('bc3bdfcc-52ac-493d-9e1c-0c17efe18d0e','2025-08-29 17:45 - 18:29','2025-08-29 17:45:00','2025-08-29 18:29:00'),('bd39df4b-917d-4ab3-9676-0d947172fa2b','2025-09-12 21:00 - 21:35','2025-09-12 21:00:00','2025-09-12 21:35:00'),('bd8cc506-fa30-4fd5-9e7f-f8d1b3d20d1d','2025-07-12 16:10 - 17:12','2025-07-12 16:10:00','2025-07-12 17:12:00'),('bdcb8cc9-fb3e-49a9-96aa-fc4e497106bd','2025-10-24 19:54 - 21:18','2025-10-24 19:54:00','2025-10-24 21:18:00'),('c059d3ab-c284-4087-b4ba-c66f460697fe','2025-08-18 18:54 - 19:57','2025-08-18 18:54:00','2025-08-18 19:57:00'),('c0ee1066-9c77-4d08-a075-837707115dc3','2025-03-31 18:34 - 19:25','2025-03-31 18:34:00','2025-03-31 19:25:00'),('c2e24f65-635e-4991-8389-90d7f4426ca9','2025-02-22 19:13 - 20:09','2025-02-22 19:13:00','2025-02-22 20:09:00'),('c3e08670-62da-4717-9cec-ae22f8b96ec4','2025-11-04 17:05 - 17:50','2025-11-04 17:05:00','2025-11-04 17:50:00'),('c5a15ef3-5a41-488b-a44e-1c5a59dd7812','2025-08-22 17:11 - 17:55','2025-08-22 17:11:00','2025-08-22 17:55:00'),('c69924de-1980-4051-b08d-efac76a579d8','2025-07-12 22:49 - 23:32','2025-07-12 22:49:00','2025-07-12 23:32:00'),('c6af1fa9-becc-484b-9416-1544ad2e7435','2025-09-26 14:21 - 15:47','2025-09-26 14:21:00','2025-09-26 15:47:00'),('c77386c5-2394-4f3c-a8c5-890afccc2e6a','2025-01-31 23:49 - 00:46','2025-01-31 23:49:00','2025-02-01 00:46:00'),('c9924d51-69e4-4ad8-8d2c-491f5b039fbb','2025-05-30 17:36 - 18:41','2025-05-30 17:36:00','2025-05-30 18:41:00'),('ca15c41e-d626-4925-8d76-2137a2071815','2025-07-28 19:06 - 19:51','2025-07-28 19:06:00','2025-07-28 19:51:00'),('ca2c495b-176f-44cf-b9ae-69d92d6b153f','2025-07-12 23:39 - 00:15','2025-07-12 23:39:00','2025-07-13 00:15:00'),('ca60e20a-15f0-4be2-86b4-8cffaeb212d1','2025-05-12 20:30 - N','2025-05-12 20:30:00',NULL),('caebaaac-2a1c-4623-9f6f-177385ba9f6c','2025-08-06 17:15 - 18:42','2025-08-06 17:15:00','2025-08-06 18:42:00'),('cb62d32a-cbc8-41b2-8fa7-269198bd1e5a','2025-06-02 19:37 - 20:22','2025-06-02 19:37:00','2025-06-02 20:22:00'),('cb69f758-7524-4e2c-9e24-a3162ec65626','2025-08-04 19:41 - 20:27','2025-08-04 19:41:00','2025-08-04 20:27:00'),('cb73f24f-9097-48e0-b733-a86e26903fd8','2025-10-13 17:30 - 18:24','2025-10-13 17:30:00','2025-10-13 18:24:00'),('cbcc80c1-b880-4c0d-b92e-88f53fb66b4b','2025-02-03 19:48 - 21:33','2025-02-03 19:48:00','2025-02-03 21:33:00'),('cd44b903-9faf-4497-b101-5e4ee1eb8737','2025-09-05 17:11 - 18:55','2025-09-05 17:11:00','2025-09-05 18:55:00'),('cdbd4358-0857-427e-9487-1629bb325a82','2025-08-24 11:15 - 12:27','2025-08-24 11:15:00','2025-08-24 12:27:00'),('d0de4506-85c9-470e-8962-143be4145640','2025-04-25 19:48 - 20:30','2025-04-25 19:48:00','2025-04-25 20:30:00'),('d0eb425a-682f-4bd4-807e-82d064ad9364','2025-03-17 18:26 - 19:31','2025-03-17 18:26:00','2025-03-17 19:31:00'),('d123da58-b45f-4ffb-b277-98c419c895a2','2025-07-18 18:18 - 18:52','2025-07-18 18:18:00','2025-07-18 18:52:00'),('d2337ac2-c7b1-4ad5-bcec-2dd7cb60fe86','2025-07-07 18:33 - 20:14','2025-07-07 18:33:00','2025-07-07 20:14:00'),('d3af15ac-17c4-4b27-8c7a-34dd95559071','2025-07-12 15:08 - 16:03','2025-07-12 15:08:00','2025-07-12 16:03:00'),('d4b236fa-2f9a-463b-9990-f1263aa5d95b','2025-01-27 16:21 - 17:17','2025-01-27 16:21:00','2025-01-27 17:17:00'),('d4cda912-6ca4-4fbd-82ee-41fcb40281b9','2025-03-24 18:07 - 19:39','2025-03-24 18:07:00','2025-03-24 19:39:00'),('d601f6fd-7ba5-4e5f-9eb3-30cf2d785813','2025-06-30 20:35 - N','2025-06-30 20:35:00',NULL),('d6277b28-9cd8-4d11-a1ac-aaf88b200946','2025-09-01 20:17 - 21:30','2025-09-01 20:17:00','2025-09-01 21:30:00'),('d66b35b6-67ec-403c-9661-1e53cf30130b','2025-02-24 19:00 - 19:47','2025-02-24 19:00:00','2025-02-24 19:47:00'),('d7e1e7a1-4657-4551-8d7d-98f98d45eedd','2025-03-08 21:47 - 23:01','2025-03-08 21:47:00','2025-03-08 23:01:00'),('d878cd1a-c7a0-41e5-ab08-52727e25a65c','2025-07-18 17:13 - 18:12','2025-07-18 17:13:00','2025-07-18 18:12:00'),('dad7aa01-c747-42bb-b2ef-cf4943d182cf','2025-03-10 18:43 - 20:17','2025-03-10 18:43:00','2025-03-10 20:17:00'),('dc1fc92d-e1e8-49ab-b439-5235e724fc84','2025-03-08 19:12 - 19:52','2025-03-08 19:12:00','2025-03-08 19:52:00'),('dd6ece3e-2a02-4d26-bc86-006274e2e0f7','2025-05-05 17:15 - 17:41','2025-05-05 17:15:00','2025-05-05 17:41:00'),('e00c28fd-aaf6-43a7-87ad-15dc61f93cec','2025-10-13 20:08 - 21:38','2025-10-13 20:08:00','2025-10-13 21:38:00'),('e0568032-5641-49f5-bcca-a3188216cc82','2025-05-23 17:33 - 17:57','2025-05-23 17:33:00','2025-05-23 17:57:00'),('e083001f-09fe-4bfd-a12c-5b8487be9e67','2025-10-03 19:02 - 19:33','2025-10-03 19:02:00','2025-10-03 19:33:00'),('e0e538d4-89a6-4008-832a-477f18da1d66','2025-02-24 17:13 - 17:57','2025-02-24 17:13:00','2025-02-24 17:57:00'),('e18a82c3-066e-4331-bdea-28def62e31ac','2025-05-23 20:48 - 21:28','2025-05-23 20:48:00','2025-05-23 21:28:00'),('e1caed43-1bfa-4fce-b776-d3cd89898081','2025-10-20 17:22 - 19:06','2025-10-20 17:22:00','2025-10-20 19:06:00'),('e216bf3b-1fa8-48dd-8a6e-9120bb10b317','2025-01-31 22:35 - 22:51','2025-01-31 22:35:00','2025-01-31 22:51:00'),('e2bd56ab-2765-48ec-b975-7b87e2f43428','2025-10-17 19:30 - 20:46','2025-10-17 19:30:00','2025-10-17 20:46:00'),('e31db551-5a83-4ab7-8321-5106a214b604','2025-03-14 17:17 - 19:05','2025-03-14 17:17:00','2025-03-14 19:05:00'),('e5140169-6d6b-4fc9-8973-cab330ec9fe6','2025-04-21 18:41 - 20:01','2025-04-21 18:41:00','2025-04-21 20:01:00'),('e548acf0-a7b0-4867-9685-959eba852742','2025-08-29 18:34 - 19:49','2025-08-29 18:34:00','2025-08-29 19:49:00'),('e5802fe0-ed1e-4e96-b72f-1db54d9e0718','2025-08-18 20:04 - 21:50','2025-08-18 20:04:00','2025-08-18 21:50:00'),('e673e082-7e12-4358-bbc4-3960b1bba40e','2025-01-17 18:26 - 19:31','2025-01-17 18:26:00','2025-01-17 19:31:00'),('e77c5af0-e104-40a4-9e5a-2fee9135adbd','2025-08-06 21:10 - 22:00','2025-08-06 21:10:00','2025-08-06 22:00:00'),('e7946fb1-68e5-4756-8aba-446ade4922a6','2025-05-05 18:32 - 20:05','2025-05-05 18:32:00','2025-05-05 20:05:00'),('e90f23ed-1390-4582-8126-f74cb2c80d64','2025-11-03 16:13 - 17:15','2025-11-03 16:13:00','2025-11-03 17:15:00'),('ef04729f-14bb-4779-ba7a-7cb40c1c1a46','2025-09-26 19:22 - 19:49','2025-09-26 19:22:00','2025-09-26 19:49:00'),('f00616c7-c061-4662-b96d-b572dcd70daf','2025-03-14 20:45 - 22:02','2025-03-14 20:45:00','2025-03-14 22:02:00'),('f0d079ed-2710-482c-9846-26ab04fea8b2','2025-09-12 19:41 - 20:50','2025-09-12 19:41:00','2025-09-12 20:50:00'),('f10b392f-5a16-4f29-a13a-5df4f520b412','2025-10-27 19:08 - 19:58','2025-10-27 19:08:00','2025-10-27 19:58:00'),('f113cd3f-56d6-44e8-88e9-968c397dbea8','2025-06-13 21:30 - 22:29','2025-06-13 21:30:00','2025-06-13 22:29:00'),('f1d864a7-c3d6-4535-a1a8-b6af9eeca4d4','2025-05-16 17:24 - 19:50','2025-05-16 17:24:00','2025-05-16 19:50:00'),('f21e15e5-6eef-4df8-865d-0fc931d04e1b','2025-10-03 19:42 - 20:59','2025-10-03 19:42:00','2025-10-03 20:59:00'),('f28610b6-f1b6-4efa-ab11-175f60e5df64','2025-03-07 00:00 - N','2025-03-07 00:00:00',NULL),('f386989b-90a3-499c-9ae6-17806b4a87d4','2025-10-31 17:02 - 18:05','2025-10-31 17:02:00','2025-10-31 18:05:00'),('f38caf99-7df4-4adf-b9cb-9c71fb69fd4f','2025-10-24 21:23 - 22:06','2025-10-24 21:23:00','2025-10-24 22:06:00'),('f4159621-b239-44e2-83bb-9040fbf08e84','2025-03-21 17:25 - 19:01','2025-03-21 17:25:00','2025-03-21 19:01:00'),('f4e18e8d-ea90-4c58-b615-8be6f46d6b30','2025-07-04 23:04 - 00:35','2025-07-04 23:04:00','2025-07-05 00:35:00'),('f4e82690-9dd5-4db9-93ee-3f69da9e49d8','2025-04-08 20:43 - 22:01','2025-04-08 20:43:00','2025-04-08 22:01:00'),('f4ffc17c-16eb-4644-8461-7ccbad0770a0','2025-11-03 18:50 - 20:31','2025-11-03 18:50:00','2025-11-03 20:31:00'),('f5b33d63-65ac-4f2b-a673-bd8d8ff04569','2025-01-20 18:13 - 19:24','2025-01-20 18:13:00','2025-01-20 19:24:00'),('f74183f5-f95a-4f5a-9738-3e5054b3aeda','2025-10-20 19:14 - 20:28','2025-10-20 19:14:00','2025-10-20 20:28:00'),('f76d6564-36ac-46fe-a0e1-efb0d81236f3','2025-03-21 19:10 - 20:50','2025-03-21 19:10:00','2025-03-21 20:50:00'),('f7ea64eb-aab0-4037-92b5-59f9815b822f','2025-01-25 21:58 - 23:03','2025-01-25 21:58:00','2025-01-25 23:03:00'),('fd0a1582-ef87-4a4c-9530-7dfa8f6237f5','2025-05-30 20:20 - 21:07','2025-05-30 20:20:00','2025-05-30 21:07:00'),('fd716105-e2e7-450b-b36b-9c583af97775','2025-07-12 21:46 - 22:43','2025-07-12 21:46:00','2025-07-12 22:43:00'),('fd79e451-0830-48d6-b6e3-a8def160915e','2025-03-10 17:51 - 18:35','2025-03-10 17:51:00','2025-03-10 18:35:00'),('fe12811b-7e5e-4827-abd0-f8e333933fd0','2025-01-27 17:21 - 18:39','2025-01-27 17:21:00','2025-01-27 18:39:00');
/*!40000 ALTER TABLE `games` ENABLE KEYS */;
UNLOCK TABLES;

--
-- Table structure for table `players`
--

DROP TABLE IF EXISTS `players`;
/*!40101 SET @saved_cs_client     = @@character_set_client */;
/*!50503 SET character_set_client = utf8mb4 */;
CREATE TABLE `players` (
  `id` varchar(64) NOT NULL,
  `player_name` varchar(128) NOT NULL,
  PRIMARY KEY (`id`)
) ENGINE=InnoDB DEFAULT CHARSET=utf8mb4 COLLATE=utf8mb4_0900_ai_ci;
/*!40101 SET character_set_client = @saved_cs_client */;

--
-- Dumping data for table `players`
--

LOCK TABLES `players` WRITE;
/*!40000 ALTER TABLE `players` DISABLE KEYS */;
INSERT INTO `players` VALUES ('18f2bada-2f3c-419e-921c-0fac96324e41','Jay F'),('195f2a7b-e6d2-4d69-a55e-b334f324fb0f','Julian S'),('19dd9903-d999-48c1-b84c-1b0fa33dcd15','Daniel S'),('1b167c6f-8dff-4ad9-a5c7-4c42d288e9e9','Josh Sm'),('1e2dfc1d-e502-4bc3-9dd0-a64eb21d5522','Angus'),('23b601f5-79fb-46f6-af7c-951a78d4e866','Adrian H'),('31c2bb6a-1161-4981-98ef-ca9d4cc302c6','Bailey M'),('3b184dac-b916-4e8a-b918-14845b26953a','Ellyett'),('3f4eff16-5caf-45aa-aa83-53bc860668ca','Stuart'),('4110d847-bf41-4996-a9f1-2ebe86c69d2f','Maciej'),('446bbf78-3c3a-4105-8740-c5b4368655a9','Marios'),('494925c2-0147-4381-9b5d-eb1b15622f73','Liam R'),('55508317-abd0-4b59-a7c5-e029dd97c314','Connor'),('56120e9c-2047-45a3-a9dd-fc68366f6e13','John'),('563e304f-11d3-4b7b-b5e3-85c45c362e18','Josh St'),('59a0b9a8-b048-421d-869b-860ab29dc46e','Tammy C'),('6662efd1-9b1c-4d2a-92d9-03609fb9fc8d','Nate'),('76eea069-4e23-49ef-aaf0-13cee1f5dda7','Alon L'),('77b48305-eb0e-4fbb-bf35-db3a086dfac2','Cody M'),('7a56904c-b702-45d2-b59c-1314f1ce7415','Greg L'),('7c847407-d519-479c-99bd-b57d01a98670','Arik H'),('7d5d6490-bb57-4a6d-a268-92c6d0fc6d43','Zoltán M'),('7dc39f94-11cf-46fa-b7fb-6c18b2df12ab','Harrison P'),('83c333d4-2546-4b37-b28e-16bebb298bbd','Raph'),('9646368a-8b1a-4f69-8744-cb947bbb590c','Vincent C'),('9f16663c-f653-471a-8bb3-b4eb26524b67','Dean P'),('a112df3f-73c0-40f6-bd5c-af4a63ff91bb','Max'),('a1addae5-39b8-44ec-b343-ae3d8c495df4','Glenn D'),('b1c07638-7936-4452-a0eb-90f7ff1958e8','Mike M'),('b66ca294-dea8-4ebd-bbec-3452a1dd66de','Ang C'),('bcd17dd0-e430-40b5-954f-9a7289a8bac7','Dan F'),('bcdc66af-d20f-42e0-8bc2-21fee1c7ec26','Kieran H'),('be1d79dd-b907-4fcc-8ead-1bd50eb01571','Brayden M'),('d3233639-8b54-4d6e-953d-6d0701ef1d02','Savva'),('d44edcf1-8e22-428f-895a-fa2c0925dfc2','Rylan P'),('d58dd8c4-664c-4afc-b2f7-a62b2c737325','William'),('d85f1c3e-8aad-4978-864e-d801bc912668','Matt A'),('e8d9d866-ad37-4e72-855a-0adcb829a5c4','Eve'),('f73a2cf1-38a2-4ae6-b4d5-ea3c68f10db5','Cyrus T');
/*!40000 ALTER TABLE `players` ENABLE KEYS */;
UNLOCK TABLES;

--
-- Table structure for table `seats`
--

DROP TABLE IF EXISTS `seats`;
/*!40101 SET @saved_cs_client     = @@character_set_client */;
/*!50503 SET character_set_client = utf8mb4 */;
CREATE TABLE `seats` (
  `id` varchar(64) NOT NULL,
  `seat_no` int NOT NULL,
  `ko_turn` int DEFAULT NULL,
  `deck_id` varchar(64) NOT NULL,
  `game_id` varchar(64) NOT NULL,
  `player_id` varchar(64) NOT NULL,
  PRIMARY KEY (`id`),
  KEY `deck_id` (`deck_id`),
  KEY `game_id` (`game_id`),
  KEY `player_id` (`player_id`),
  CONSTRAINT `seats_ibfk_1` FOREIGN KEY (`deck_id`) REFERENCES `decks` (`id`),
  CONSTRAINT `seats_ibfk_2` FOREIGN KEY (`game_id`) REFERENCES `games` (`id`),
  CONSTRAINT `seats_ibfk_3` FOREIGN KEY (`player_id`) REFERENCES `players` (`id`)
) ENGINE=InnoDB DEFAULT CHARSET=utf8mb4 COLLATE=utf8mb4_0900_ai_ci;
/*!40101 SET character_set_client = @saved_cs_client */;

--
-- Dumping data for table `seats`
--

LOCK TABLES `seats` WRITE;
/*!40000 ALTER TABLE `seats` DISABLE KEYS */;
INSERT INTO `seats` VALUES ('009f3648-46dd-441e-af2a-a15621575146',1,9,'4e5b253e-b168-42e9-b8df-420fb7603f1c','b3bd9ecb-428b-43d4-a79b-5f67328d8a6a','d85f1c3e-8aad-4978-864e-d801bc912668'),('00e108ba-256c-4bbc-b2b1-8f1004de09dd',4,NULL,'100798f6-847e-4f03-8086-076e7b243983','1cacea59-3e9f-4d22-9cb8-f93ef07f87a1','18f2bada-2f3c-419e-921c-0fac96324e41'),('013ea0a0-a42f-4664-bc8c-f03f0471d1ed',4,NULL,'0e3d0f63-83bc-45d6-9a1f-4a16cb97eeed','4b3c2726-fa39-4538-b4e3-df2fa55a2108','77b48305-eb0e-4fbb-bf35-db3a086dfac2'),('01677825-2b8f-4376-ad37-c7a8a7aee76b',3,NULL,'ef08081a-0051-42bb-8aa6-3d0f29c4f9e3','d4cda912-6ca4-4fbd-82ee-41fcb40281b9','f73a2cf1-38a2-4ae6-b4d5-ea3c68f10db5'),('01bc24ef-ec7e-46dd-818a-3a8188642e68',4,7,'b8f53693-b499-45ae-99ba-af038f7f0652','a9cf966c-2fae-45f8-92be-696e13e61d41','f73a2cf1-38a2-4ae6-b4d5-ea3c68f10db5'),('021159af-314a-4f55-b00a-2030f3b260a5',4,7,'0bef737c-68ef-4f15-81e2-49d0477d7e13','9d01a369-6ed8-4378-824d-a4130b8d92e5','f73a2cf1-38a2-4ae6-b4d5-ea3c68f10db5'),('025f8b72-40ff-4f95-a7c9-ccc8ddc20795',1,8,'d8812af8-6d6f-45e5-bc68-923f27eb82d6','ca60e20a-15f0-4be2-86b4-8cffaeb212d1','494925c2-0147-4381-9b5d-eb1b15622f73'),('02660f1a-e5e9-423f-9ea8-21d74342c8a4',2,13,'932f1a05-cce0-4e50-92c8-b18cae892930','cbcc80c1-b880-4c0d-b92e-88f53fb66b4b','bcd17dd0-e430-40b5-954f-9a7289a8bac7'),('0266a664-f479-43bd-9e3a-bfa9de65ce53',2,8,'46f8fd84-15ba-4cea-98f2-c11992ce8cab','1cacea59-3e9f-4d22-9cb8-f93ef07f87a1','d85f1c3e-8aad-4978-864e-d801bc912668'),('026d420c-0cf8-4dbf-8db8-c2ee08e8cf0f',1,7,'b068dd04-c755-4ed8-ba47-e9ce6a1bf9fc','1cacea59-3e9f-4d22-9cb8-f93ef07f87a1','f73a2cf1-38a2-4ae6-b4d5-ea3c68f10db5'),('02988ec6-8e3f-49c6-a050-e0bf6705d5b8',2,10,'906b4c5d-123c-428b-a7e2-91c75f731d75','3ad1c79b-ad9e-490d-8954-8ac69fe45e4c','f73a2cf1-38a2-4ae6-b4d5-ea3c68f10db5'),('02dc59b6-f17c-4de7-bc50-3dd299eb8246',1,NULL,'b1258ee1-fd42-4100-8dbe-911669dee69b','ae521a8e-517d-43ed-b14a-a23ca70270a4','bcdc66af-d20f-42e0-8bc2-21fee1c7ec26'),('02de406f-653c-4e90-b1c8-2f044993e0fe',3,9,'906b4c5d-123c-428b-a7e2-91c75f731d75','3d6b678f-ceb8-4b53-9141-16b657b8fe35','f73a2cf1-38a2-4ae6-b4d5-ea3c68f10db5'),('02ef6f3b-901f-4291-892f-34cecad271c0',4,NULL,'15dec003-5456-43ea-a6da-cf981333f6a5','2c250a82-c806-4f94-95e1-942e6d773667','bcdc66af-d20f-42e0-8bc2-21fee1c7ec26'),('033cc581-8e59-472a-b84c-77b583449a99',2,9,'8ad26608-ed95-4b9e-ab80-e8b2b1a5ed11','3d6b678f-ceb8-4b53-9141-16b657b8fe35','bcdc66af-d20f-42e0-8bc2-21fee1c7ec26'),('03570603-fafd-4b23-ba21-f6bdbe90213f',1,10,'79da1fb8-b343-4c91-a564-bdfc9952cabc','0f334929-595b-430a-bb32-5f7366e50466','d44edcf1-8e22-428f-895a-fa2c0925dfc2'),('035f3d3e-b73a-4c75-8604-2b09aff44766',3,9,'4e22e336-4859-440b-81ec-9c3da0b5cf0c','7dcf0edd-beee-4687-b2ec-778f0ba9cc38','494925c2-0147-4381-9b5d-eb1b15622f73'),('0390d0d9-1362-4543-9686-74b228d8e969',3,NULL,'8a6f29dc-7363-40e6-b6e5-c6d1bfb43d1d','3a5d8ced-9f86-4805-ad70-bfcf97ba0d9f','7a56904c-b702-45d2-b59c-1314f1ce7415'),('039563b7-7145-4200-adbd-4493f50cb224',4,8,'77fc2f5f-4551-484c-9551-e493f4828747','13c8bf4b-5656-41dc-af81-993f83998a88','bcdc66af-d20f-42e0-8bc2-21fee1c7ec26'),('03ac45d3-09c7-4cc6-8cb5-468fe302c506',2,11,'0bef737c-68ef-4f15-81e2-49d0477d7e13','dad7aa01-c747-42bb-b2ef-cf4943d182cf','f73a2cf1-38a2-4ae6-b4d5-ea3c68f10db5'),('041e06ad-fc00-4f6f-9b5c-3353e294ff5c',3,6,'77fc2f5f-4551-484c-9551-e493f4828747','4b3c2726-fa39-4538-b4e3-df2fa55a2108','bcdc66af-d20f-42e0-8bc2-21fee1c7ec26'),('04aafabd-7009-4787-b4d1-aae2cf7be61b',4,7,'72487036-ef7a-41a6-8ee0-4a85ae394bba','2ed46b9a-8036-4d83-9454-a5c1f2275600','9f16663c-f653-471a-8bb3-b4eb26524b67'),('04b4b81b-3b25-4cfa-aa80-bc5ba0d036c6',4,12,'d0b7e74f-4075-4f3f-b9c0-9a3794a671f7','7692248d-5d16-4e16-8686-cdee99b24d8c','18f2bada-2f3c-419e-921c-0fac96324e41'),('05134083-ccb7-4554-9af9-13fc8c82e1a6',2,NULL,'34a201cc-0fbe-4e41-80d9-2e23cd4b5a77','c69924de-1980-4051-b08d-efac76a579d8','18f2bada-2f3c-419e-921c-0fac96324e41'),('053eb22d-a1e5-4023-ad6c-0bcb065fcf49',3,7,'b4ca3969-1344-441a-8951-f922588ec2ce','5ee9ff0d-4d4e-4280-913c-84a2ddfbbda3','7dc39f94-11cf-46fa-b7fb-6c18b2df12ab'),('060708aa-114a-4b43-b159-deaf52e64c1e',2,9,'d26fe4b7-f7ef-4f2e-9593-01790fdd384e','c6af1fa9-becc-484b-9416-1544ad2e7435','a1addae5-39b8-44ec-b343-ae3d8c495df4'),('06610c08-37ac-407e-8ab0-9a5cb8765f1a',4,NULL,'de371ab6-9405-44c3-ad46-283a8d2ef61c','884137f6-25d2-4885-8c51-f4bf964bf6ff','f73a2cf1-38a2-4ae6-b4d5-ea3c68f10db5'),('066997ce-f684-4817-a2f7-314e95a4f731',4,9,'4e5b253e-b168-42e9-b8df-420fb7603f1c','d878cd1a-c7a0-41e5-ab08-52727e25a65c','d85f1c3e-8aad-4978-864e-d801bc912668'),('066e5b3d-ac6c-4998-941f-35331d3250f2',4,14,'57089664-376e-4172-898f-735ad6ab0e04','9c40cf5c-5c94-4b5e-94ce-9bf566dc9952','7d5d6490-bb57-4a6d-a268-92c6d0fc6d43'),('06a8d86f-1130-4c76-83fd-7a1f28aa08f3',1,7,'de371ab6-9405-44c3-ad46-283a8d2ef61c','d3af15ac-17c4-4b27-8c7a-34dd95559071','f73a2cf1-38a2-4ae6-b4d5-ea3c68f10db5'),('06d5fb4d-3a63-4d66-83ae-cb5e2b3bb5b8',2,NULL,'d7e2186e-e226-4162-a626-e997c1230ad0','301eca31-132d-4ab0-aa2b-029896448f95','7c847407-d519-479c-99bd-b57d01a98670'),('0761a3ef-fba2-45e2-a0f5-67b7031849dc',4,NULL,'ce3adffa-6113-48f4-baa2-ade8b4f312bf','815f4404-cebc-4885-9222-6d1d4784f8c2','f73a2cf1-38a2-4ae6-b4d5-ea3c68f10db5'),('079b43fe-809e-4da8-86c9-53f81560cde4',2,NULL,'7df079e3-e5ec-4632-b6f0-c4a3cb09f3f7','8b352d29-2153-4c61-a74e-f359c1d2828d','bcd17dd0-e430-40b5-954f-9a7289a8bac7'),('07aedc32-8442-496f-951d-14f74da89520',1,8,'f76b4c40-3f06-4638-8053-5f1d96517fe7','2cb4f0ab-53fc-4c48-bb6c-0d34faa4bab0','bcdc66af-d20f-42e0-8bc2-21fee1c7ec26'),('07ecdd46-47bd-4cb0-b8ba-cafed7b0d769',4,11,'d8416609-6ecc-4cfc-b5c4-3abbb14cae08','8bf0544f-169b-49bd-b1df-e89163e2c220','195f2a7b-e6d2-4d69-a55e-b334f324fb0f'),('08442dd8-2f54-4394-a5c7-cc31897ac6a8',2,9,'ca12ce09-d714-44dd-82c1-89dc2de5e9c1','526f7687-e572-4276-8044-ebb83169890d','bcdc66af-d20f-42e0-8bc2-21fee1c7ec26'),('0895deb1-02b3-47bc-b762-fcf2cf4e4a8c',4,10,'4e5b253e-b168-42e9-b8df-420fb7603f1c','5db609fc-19fc-4cf6-8729-4540815d6a35','d85f1c3e-8aad-4978-864e-d801bc912668'),('08a7311f-bc9c-47d0-9a4c-b18477f8f654',3,NULL,'8ad26608-ed95-4b9e-ab80-e8b2b1a5ed11','c77386c5-2394-4f3c-a8c5-890afccc2e6a','bcdc66af-d20f-42e0-8bc2-21fee1c7ec26'),('08af9328-b2ae-45c4-88fa-adfded682d96',4,8,'21c12c79-ff23-45fc-9a2f-628931c078f7','87d6e73d-15e8-48a3-8528-c69fda7075ff','77b48305-eb0e-4fbb-bf35-db3a086dfac2'),('08cb431d-d1a8-4df8-8454-a07457c74293',3,6,'ca12ce09-d714-44dd-82c1-89dc2de5e9c1','36c6c1ff-562d-4ad7-b894-6019142bfebd','bcdc66af-d20f-42e0-8bc2-21fee1c7ec26'),('092e9fd5-6168-4662-8d59-8a62c14da7b6',1,6,'2e474150-ffcc-4b73-bc27-aba7c6903a49','2a557f47-2907-46e0-ac00-5d1c4f249214','d44edcf1-8e22-428f-895a-fa2c0925dfc2'),('0944bd32-b1f0-4251-b4ba-dcc76d26f8b8',3,6,'5a1b10f3-4148-497d-81ea-4ee79acfd581','9f06f05b-214e-4d06-9dfc-5b4bb8b0e80c','18f2bada-2f3c-419e-921c-0fac96324e41'),('096621ed-94a3-4b93-a8de-4f39d7ba0773',4,7,'69393a02-7e5c-499f-8005-108740dee92f','3693f366-3547-4d70-9813-54a39e63dc81','bcdc66af-d20f-42e0-8bc2-21fee1c7ec26'),('097aaf74-766f-4ba7-b257-b50b5520cdb4',4,NULL,'64643a32-3b11-4d3c-9746-1f9d6edab87e','1761381f-ba54-43aa-979e-4187af9cc36a','f73a2cf1-38a2-4ae6-b4d5-ea3c68f10db5'),('099d9a32-69fe-47bd-80ae-adac09ee0920',3,10,'d56c2f91-c1d8-4863-9c55-c441632a2b38','2958db33-5778-41dd-a466-a35a449e9fc3','bcd17dd0-e430-40b5-954f-9a7289a8bac7'),('0a4b005c-f3d3-438d-aaa4-6147e527bb45',2,12,'f52fc067-9d67-4276-a812-ecc0378f849a','3500afc5-55b7-449e-9612-87d0a40eb956','494925c2-0147-4381-9b5d-eb1b15622f73'),('0a75c6dc-572e-4241-9ab2-6269e38ab749',4,NULL,'a77d6052-a2fa-455e-9091-b495afab210c','2a42a89e-6127-47a2-91b9-8225f9c1a24e','f73a2cf1-38a2-4ae6-b4d5-ea3c68f10db5'),('0abd18b8-e4d9-449b-8900-4b22036d5d1d',4,9,'6167b0a6-7666-481b-a076-e4044239c9b1','33c11c8e-0601-4c52-9183-3c286a43dbd2','83c333d4-2546-4b37-b28e-16bebb298bbd'),('0ac8b5b3-9f56-4978-9531-716f585901a0',1,9,'b1258ee1-fd42-4100-8dbe-911669dee69b','6fc557b6-b0ee-4b63-88cf-3fec2289a9e5','bcdc66af-d20f-42e0-8bc2-21fee1c7ec26'),('0acc8710-a290-4c93-8523-024bbee813be',3,9,'56c97fa8-ab16-42b1-9622-197a64fc5a9b','27ff2a95-6669-4d26-a0c2-82c6afcd8227','7dc39f94-11cf-46fa-b7fb-6c18b2df12ab'),('0adca606-80e7-4934-a9ec-234ac51425e2',1,8,'23fd7699-5cbd-40cd-87d2-7250a65d87ce','ef04729f-14bb-4779-ba7a-7cb40c1c1a46','18f2bada-2f3c-419e-921c-0fac96324e41'),('0afeb365-0451-49c9-af50-ed8d1ca89104',1,NULL,'906b4c5d-123c-428b-a7e2-91c75f731d75','e216bf3b-1fa8-48dd-8a6e-9120bb10b317','f73a2cf1-38a2-4ae6-b4d5-ea3c68f10db5'),('0b033cd7-b69c-41dd-9201-9f3fb66c6d5d',1,6,'e8c4d1cd-1942-48a6-8753-d0a4ddb11eed','32d2b229-667e-4452-a69a-e9b108bfa5d0','bcd17dd0-e430-40b5-954f-9a7289a8bac7'),('0b1e0cd7-c08a-4fca-a1f3-6151880b3ab4',4,6,'66c75202-6a2b-45cc-b4d4-08585053e0ef','2625085c-df07-47d6-b548-d5ba49c788f0','bcdc66af-d20f-42e0-8bc2-21fee1c7ec26'),('0c197873-96eb-4166-ad63-685f9f608504',2,9,'96ab08e8-30b2-4252-afac-8192840aa7fa','4d5985be-84c0-4be0-9115-2d9f43a837e7','bcdc66af-d20f-42e0-8bc2-21fee1c7ec26'),('0c1d1ce1-dce4-4ddf-b9fa-c0b7b6ed189d',2,11,'66c75202-6a2b-45cc-b4d4-08585053e0ef','410b833c-c338-4ef9-aca4-d193d2874496','bcdc66af-d20f-42e0-8bc2-21fee1c7ec26'),('0c56318d-7fd1-4340-b806-9a6b1f5f629d',3,12,'b3d362cf-bf31-4826-8056-adfec5fac8a4','4268ae6b-a6b8-4f1e-a0bf-e03c1784d397','f73a2cf1-38a2-4ae6-b4d5-ea3c68f10db5'),('0c8c9fc5-4811-4d99-a6a4-7721f42b2692',4,NULL,'ce3adffa-6113-48f4-baa2-ade8b4f312bf','1dfc4fba-91fe-4208-b23b-7de92d4e05ba','f73a2cf1-38a2-4ae6-b4d5-ea3c68f10db5'),('0c8e7f0c-cd01-4f87-af29-1bb44a91b947',4,10,'0bef737c-68ef-4f15-81e2-49d0477d7e13','002ae332-cfd4-4436-9dca-b3e461c4a8f9','f73a2cf1-38a2-4ae6-b4d5-ea3c68f10db5'),('0d27131f-8809-4a25-92b8-233899a22e6d',3,NULL,'61b525b3-e16a-4011-ae78-d7c3197817c1','151da2de-5755-4c77-9f1c-cbf96dd83388','7d5d6490-bb57-4a6d-a268-92c6d0fc6d43'),('0da96102-3adc-43a3-b79c-d417b16876fd',3,NULL,'15dec003-5456-43ea-a6da-cf981333f6a5','661f60f7-5ab9-4d7d-bfe0-e0fd5b2de27c','bcdc66af-d20f-42e0-8bc2-21fee1c7ec26'),('0e188df9-ee82-4ecd-ba31-c05c4aa240ef',4,NULL,'46f8fd84-15ba-4cea-98f2-c11992ce8cab','55746c92-45c2-47b6-a184-ee7b4b6f762c','d85f1c3e-8aad-4978-864e-d801bc912668'),('0e1d2536-2843-41f2-a1b4-2cbf3ad708d0',4,NULL,'1ca58f95-8759-4a6b-818a-89e08763e0cf','d3af15ac-17c4-4b27-8c7a-34dd95559071','7d5d6490-bb57-4a6d-a268-92c6d0fc6d43'),('0e267ec6-da44-4324-a866-f5552b42d053',1,6,'cc69760a-8a3b-4262-9ea1-0d93882bac56','2a42a89e-6127-47a2-91b9-8225f9c1a24e','d44edcf1-8e22-428f-895a-fa2c0925dfc2'),('0e4d3afc-ae48-40b0-8b56-15e38289a829',4,8,'0bef737c-68ef-4f15-81e2-49d0477d7e13','f4e82690-9dd5-4db9-93ee-3f69da9e49d8','f73a2cf1-38a2-4ae6-b4d5-ea3c68f10db5'),('0eb432ee-a9e2-485c-8ee2-88b9a8da9a8a',3,9,'7df079e3-e5ec-4632-b6f0-c4a3cb09f3f7','d6277b28-9cd8-4d11-a1ac-aaf88b200946','bcd17dd0-e430-40b5-954f-9a7289a8bac7'),('0ec7313b-870f-487d-b8f5-1a53d29449cf',1,6,'66c75202-6a2b-45cc-b4d4-08585053e0ef','9f06f05b-214e-4d06-9dfc-5b4bb8b0e80c','bcdc66af-d20f-42e0-8bc2-21fee1c7ec26'),('0efa4a63-0d30-4fc9-8bbe-74170ddafea4',2,NULL,'ce3adffa-6113-48f4-baa2-ade8b4f312bf','704e495c-a14c-45ad-a940-189f5413a9e6','f73a2cf1-38a2-4ae6-b4d5-ea3c68f10db5'),('0f0ed1cf-0db8-4fd9-8b33-cc81d7abc849',1,6,'66c75202-6a2b-45cc-b4d4-08585053e0ef','56df0d56-56b5-4a77-a4ed-c5b43ce83610','bcdc66af-d20f-42e0-8bc2-21fee1c7ec26'),('0f226db1-173d-41e9-a3b8-a17f072834f7',2,8,'bd2f151e-719d-40ff-bd13-d7703812f204','e2bd56ab-2765-48ec-b975-7b87e2f43428','7c847407-d519-479c-99bd-b57d01a98670'),('0f366216-8b92-44bb-be59-5140574eea00',3,7,'3e6ad6b0-9330-4889-b4ac-d10bdefc618f','704e495c-a14c-45ad-a940-189f5413a9e6','d85f1c3e-8aad-4978-864e-d801bc912668'),('0fc7b326-862b-4c78-b47d-2e5d37018fc1',1,8,'48c2a652-44cc-4ed7-9f14-5ca53609143f','4d5985be-84c0-4be0-9115-2d9f43a837e7','18f2bada-2f3c-419e-921c-0fac96324e41'),('0fda85da-9451-4666-a219-8018fe37b8d4',3,NULL,'b7eebdbf-6687-46b5-877e-db9365f0bd5d','f1d864a7-c3d6-4535-a1a8-b6af9eeca4d4','bcdc66af-d20f-42e0-8bc2-21fee1c7ec26'),('102973b2-cfe2-4b13-b6b5-84b4ba323cf2',4,6,'8ad26608-ed95-4b9e-ab80-e8b2b1a5ed11','9c9e53f8-2487-4605-915f-e1525464f581','bcdc66af-d20f-42e0-8bc2-21fee1c7ec26'),('10374810-d86e-4f9b-8f12-0e53902d5cb5',1,7,'69393a02-7e5c-499f-8005-108740dee92f','96b55efb-9da0-4b1c-8598-4260797ca992','bcdc66af-d20f-42e0-8bc2-21fee1c7ec26'),('1040eac1-4433-4361-a769-d98c4709758b',1,NULL,'77fc2f5f-4551-484c-9551-e493f4828747','f38caf99-7df4-4adf-b9cb-9c71fb69fd4f','bcdc66af-d20f-42e0-8bc2-21fee1c7ec26'),('104361e2-82a2-4335-858e-be17d6ee6e64',1,NULL,'a0223918-8904-4dcc-8edb-614a2ac4cddd','f113cd3f-56d6-44e8-88e9-968c397dbea8','d44edcf1-8e22-428f-895a-fa2c0925dfc2'),('1045ce1d-1b26-433b-99e9-5ed03e7dd959',3,NULL,'b8f53693-b499-45ae-99ba-af038f7f0652','1e95168a-8c66-494f-aec1-239ee8cc45f9','f73a2cf1-38a2-4ae6-b4d5-ea3c68f10db5'),('1061221f-f49c-4401-9964-142969e15860',3,11,'bac9501f-6359-45d4-ab26-9e160188cbd6','a67559af-6fb9-4c76-9355-d687f027ab71','1b167c6f-8dff-4ad9-a5c7-4c42d288e9e9'),('108a1fc5-5a5f-46c0-a125-9b17ce205bd6',3,8,'b908ec91-2033-45fd-9eb7-38fc5faed190','6b0a594c-62aa-45d3-ab02-1732d4d51d99','f73a2cf1-38a2-4ae6-b4d5-ea3c68f10db5'),('11613b9d-43a5-4b4b-a489-c8fb22bf50aa',1,11,'7165b480-0080-43a9-9b2c-a5b0b0d50b6f','19e5981b-8000-4e64-b2f7-c4d1322b2c20','bcdc66af-d20f-42e0-8bc2-21fee1c7ec26'),('119d95af-5e80-4343-8c8e-1542ae92e468',1,8,'69393a02-7e5c-499f-8005-108740dee92f','1a190b4a-ae3c-48e4-ba2d-7a9d2e9b9494','bcdc66af-d20f-42e0-8bc2-21fee1c7ec26'),('1212c033-4610-4016-99f6-05fce13ccc77',2,NULL,'96ab08e8-30b2-4252-afac-8192840aa7fa','4268ae6b-a6b8-4f1e-a0bf-e03c1784d397','bcdc66af-d20f-42e0-8bc2-21fee1c7ec26'),('123d665a-f534-4648-b1e8-ab21a4af7f37',1,NULL,'4e22e336-4859-440b-81ec-9c3da0b5cf0c','97bd4d7b-10f9-45c2-8ac1-5a8768fab56a','494925c2-0147-4381-9b5d-eb1b15622f73'),('124ae800-fa29-4c59-a042-d970c119c34a',1,12,'8a6f29dc-7363-40e6-b6e5-c6d1bfb43d1d','f1d864a7-c3d6-4535-a1a8-b6af9eeca4d4','7a56904c-b702-45d2-b59c-1314f1ce7415'),('12a043d0-fcae-4286-b9df-a43303689ada',1,NULL,'ca12ce09-d714-44dd-82c1-89dc2de5e9c1','ca2c495b-176f-44cf-b9ae-69d92d6b153f','bcdc66af-d20f-42e0-8bc2-21fee1c7ec26'),('12e47baf-0f52-41be-abab-656e03e788b4',1,11,'46f8fd84-15ba-4cea-98f2-c11992ce8cab','893c5cbe-3df6-4458-bcba-1361826acff4','d85f1c3e-8aad-4978-864e-d801bc912668'),('130249a8-52a5-466d-9867-91204705bd96',3,9,'b1258ee1-fd42-4100-8dbe-911669dee69b','a26c2b1e-17c6-43ed-a1cb-f751410f3eb0','bcdc66af-d20f-42e0-8bc2-21fee1c7ec26'),('134b963f-3004-4006-b035-5adee8a1b8bd',1,6,'0bef737c-68ef-4f15-81e2-49d0477d7e13','2625085c-df07-47d6-b548-d5ba49c788f0','f73a2cf1-38a2-4ae6-b4d5-ea3c68f10db5'),('13754694-dc99-44e0-ab61-ea20b6956204',2,9,'96ab08e8-30b2-4252-afac-8192840aa7fa','7dcf0edd-beee-4687-b2ec-778f0ba9cc38','bcdc66af-d20f-42e0-8bc2-21fee1c7ec26'),('13dbebcd-267a-442b-9b7a-ca2a53bf8524',1,5,'eba29714-2b90-46df-bedb-03208008e068','b5ee3445-4497-4987-8c59-788b0610390c','18f2bada-2f3c-419e-921c-0fac96324e41'),('14258b58-68c3-48c5-8920-edf4d74fc2f7',3,9,'abe30b6a-a079-453d-a23f-2e3416afdc76','4d97ab1c-4d1e-4979-b25b-aa50326b7db2','7d5d6490-bb57-4a6d-a268-92c6d0fc6d43'),('14276c1d-44e2-4266-bc40-cccee6ba3434',4,11,'258758eb-a829-4b20-8939-3f6bf8593326','3287a41e-23ee-46ae-822d-eb4cc35f8753','494925c2-0147-4381-9b5d-eb1b15622f73'),('14394085-ff8f-457b-ab2d-0e63dfde0502',1,8,'7165b480-0080-43a9-9b2c-a5b0b0d50b6f','b8431b4a-610b-46ff-84d9-f1f6e789f0da','bcdc66af-d20f-42e0-8bc2-21fee1c7ec26'),('1454bcba-0dde-4e09-9d4a-90d9e69cc9b7',1,7,'4d8f2865-164f-42ce-bd0a-c0becd03b425','3c848d70-ca59-4866-a3c9-6050c55d2a7b','f73a2cf1-38a2-4ae6-b4d5-ea3c68f10db5'),('148ea0b0-1775-40c2-9405-f93b5baff972',2,NULL,'dd1000dc-c7a7-4c91-8b22-9ad3dfeffa7f','e77c5af0-e104-40a4-9e5a-2fee9135adbd','563e304f-11d3-4b7b-b5e3-85c45c362e18'),('14966e31-478b-4493-bab0-57f3c929c6e9',3,12,'05dabe56-a4d8-4077-bc7c-8b4663062a23','f4159621-b239-44e2-83bb-9040fbf08e84','7dc39f94-11cf-46fa-b7fb-6c18b2df12ab'),('14b63224-f8fe-4d0c-a857-f5be540e5f3c',4,NULL,'d9e2a41f-6f60-4ec0-a45a-9595cc725536','4093f31c-6122-4f82-bd5d-40140ffc585b','7d5d6490-bb57-4a6d-a268-92c6d0fc6d43'),('14c5059b-0bda-4480-a96e-628e7fe51a54',4,8,'57089664-376e-4172-898f-735ad6ab0e04','e0568032-5641-49f5-bcca-a3188216cc82','7d5d6490-bb57-4a6d-a268-92c6d0fc6d43'),('14dc249b-e324-4337-977f-a120a1e22001',3,NULL,'4ac8c48d-0ac4-449e-a6d2-7961d02caae6','e1caed43-1bfa-4fce-b776-d3cd89898081','bcd17dd0-e430-40b5-954f-9a7289a8bac7'),('14dc97b8-638a-46fe-a675-05fcb64ee31e',1,NULL,'48c2a652-44cc-4ed7-9f14-5ca53609143f','002ae332-cfd4-4436-9dca-b3e461c4a8f9','18f2bada-2f3c-419e-921c-0fac96324e41'),('14ef2866-b0eb-4325-8c57-4f9dc0ed6f29',2,7,'238370d5-306e-4cde-a891-849b365ee683','a33ab1b4-4f48-484d-a3ce-1ae33113de55','bcdc66af-d20f-42e0-8bc2-21fee1c7ec26'),('14f850b3-0981-4360-95f3-9a894bd24176',2,10,'b1258ee1-fd42-4100-8dbe-911669dee69b','a49a4acb-d01a-443e-b957-3754dfc81694','bcdc66af-d20f-42e0-8bc2-21fee1c7ec26'),('15007a5c-d8be-4bf9-b2dc-dec7337315ea',2,6,'a8155b8d-4ec4-403f-b6d0-08464fe9d51e','19eb3519-36b6-408d-9eec-1cd7a9f75c74','494925c2-0147-4381-9b5d-eb1b15622f73'),('152e8afe-c76f-4adb-8007-a541c435cc98',1,8,'b6b1cfef-78e4-4fff-a30a-15bad0280f2b','41c44c99-2b8e-4205-8a5b-0be1ce8353e0','18f2bada-2f3c-419e-921c-0fac96324e41'),('1590efdf-a338-4f3c-b4c8-928fcc721935',4,11,'0d79e631-f0fa-4f96-9b4b-0c6567c41403','e5802fe0-ed1e-4e96-b72f-1db54d9e0718','31c2bb6a-1161-4981-98ef-ca9d4cc302c6'),('164e724f-6001-4c09-99b8-94bbe67e4659',4,7,'66c75202-6a2b-45cc-b4d4-08585053e0ef','fd0a1582-ef87-4a4c-9530-7dfa8f6237f5','bcdc66af-d20f-42e0-8bc2-21fee1c7ec26'),('1659d987-8b06-4341-a175-62e138c5298e',1,13,'55966c99-36e5-48a1-855c-227d114223b3','17f0affa-c4d6-47ec-9e89-c2f093a58679','f73a2cf1-38a2-4ae6-b4d5-ea3c68f10db5'),('16bc029d-1fdb-4187-9a68-5759f31746b5',4,7,'2948fbf6-d2d2-4fa2-a2e4-2f1354aa16f3','bd39df4b-917d-4ab3-9676-0d947172fa2b','f73a2cf1-38a2-4ae6-b4d5-ea3c68f10db5'),('16beed06-26aa-457f-a5b2-9bbbc9c17143',2,7,'77fc2f5f-4551-484c-9551-e493f4828747','35a93605-3f7d-4c32-9881-3627c21fa7ea','bcdc66af-d20f-42e0-8bc2-21fee1c7ec26'),('16ed334d-5751-4cdd-85e4-55bebde8d550',2,12,'f80a4b47-bbad-4129-b37f-5aa21696d47b','b74993d3-c579-497f-a825-63268092e3b1','d85f1c3e-8aad-4978-864e-d801bc912668'),('16f84f54-5cdd-4228-ab12-33b3d540b22a',3,9,'b1258ee1-fd42-4100-8dbe-911669dee69b','45df0fc8-1600-46ec-82e0-67269254561d','bcdc66af-d20f-42e0-8bc2-21fee1c7ec26'),('172fc23e-4254-42ef-9f0a-d8bf32bb2f23',2,NULL,'d0b7e74f-4075-4f3f-b9c0-9a3794a671f7','5db609fc-19fc-4cf6-8729-4540815d6a35','18f2bada-2f3c-419e-921c-0fac96324e41'),('173b0959-7633-46f6-b576-e08a51c2eb2a',1,11,'7c5959a5-8f85-4129-ae6a-0ee107aa0d22','890e8dd6-5a75-4b66-ab49-773488bdd579','7c847407-d519-479c-99bd-b57d01a98670'),('17696be1-8d01-4eac-bd36-916f2d2f8afd',4,6,'f52e8e9d-cb1e-45fe-bd4b-8f95dc217e6c','316663b5-a610-409b-a276-5ccb9b7e2315','7c847407-d519-479c-99bd-b57d01a98670'),('177facaa-b99c-4269-af76-52739abecbb0',4,10,'ce3adffa-6113-48f4-baa2-ade8b4f312bf','8bb41d6f-8fa4-4da1-badb-6f882706c3f5','f73a2cf1-38a2-4ae6-b4d5-ea3c68f10db5'),('17821bce-c4d6-43b4-a11e-5eaefc521dbf',4,13,'442a348e-0a25-460e-9b1f-0804fb716f93','b8589a34-bbf8-47de-99fe-16d5c8259cf5','bcdc66af-d20f-42e0-8bc2-21fee1c7ec26'),('1797560f-77bd-49a6-9f16-587dbff7765c',3,10,'b3d362cf-bf31-4826-8056-adfec5fac8a4','d4b236fa-2f9a-463b-9990-f1263aa5d95b','f73a2cf1-38a2-4ae6-b4d5-ea3c68f10db5'),('17cab197-7dc2-4a19-9e0b-d17394a4281d',1,NULL,'48991208-3f7e-4821-b37b-ed13839ce3a6','65fe1346-3dab-44ed-a835-75a11472a87c','bcd17dd0-e430-40b5-954f-9a7289a8bac7'),('180af31e-7e11-48c3-92e3-be83e0ea99c9',1,9,'6b0c8676-a53c-447e-bf48-b97ae63344a7','1e95168a-8c66-494f-aec1-239ee8cc45f9','18f2bada-2f3c-419e-921c-0fac96324e41'),('18bd6a75-facf-466f-ae99-922b45612c1d',2,11,'b8472b31-2112-4a45-a65a-db34e707b714','55b0d15a-4e0f-458d-b3cb-1082b94fb435','d44edcf1-8e22-428f-895a-fa2c0925dfc2'),('18c283fa-e726-4fdd-8333-c7d99e1cd700',3,8,'238370d5-306e-4cde-a891-849b365ee683','59307db1-4de0-43d9-89c7-1bbf3efeaa8e','bcdc66af-d20f-42e0-8bc2-21fee1c7ec26'),('1915fbc6-f03b-4385-a036-64222c0a57ce',4,8,'d8812af8-6d6f-45e5-bc68-923f27eb82d6','c0ee1066-9c77-4d08-a075-837707115dc3','494925c2-0147-4381-9b5d-eb1b15622f73'),('192afa4c-d742-452c-9813-33ffd1ebfdef',3,NULL,'b1258ee1-fd42-4100-8dbe-911669dee69b','8bf0544f-169b-49bd-b1df-e89163e2c220','bcdc66af-d20f-42e0-8bc2-21fee1c7ec26'),('19569c9c-5798-434c-b38f-94e550003c67',4,NULL,'6c30333c-1ef4-4a96-9af2-537edfda94b1','5e4ac305-c8f7-4b83-bc4e-4b9efea1deb3','be1d79dd-b907-4fcc-8ead-1bd50eb01571'),('19ce1d28-f8f6-424d-baf2-6ee5cbdf94b0',3,11,'0bef737c-68ef-4f15-81e2-49d0477d7e13','f21e15e5-6eef-4df8-865d-0fc931d04e1b','f73a2cf1-38a2-4ae6-b4d5-ea3c68f10db5'),('19d9adf0-6394-4948-ac3a-10a62e2dab9e',4,8,'6114bec6-0c17-4174-886e-bdef8ffd9a50','f00616c7-c061-4662-b96d-b572dcd70daf','d85f1c3e-8aad-4978-864e-d801bc912668'),('1a2b2e1d-3253-43d0-a291-632c89847af4',1,8,'a674ee22-1596-49c1-b951-779db6510c1e','e1caed43-1bfa-4fce-b776-d3cd89898081','f73a2cf1-38a2-4ae6-b4d5-ea3c68f10db5'),('1a3c78ec-7589-482e-8563-b87265e20608',3,NULL,'8ad26608-ed95-4b9e-ab80-e8b2b1a5ed11','46dab3ef-9a4d-40ea-98c1-a6304b8cda10','bcdc66af-d20f-42e0-8bc2-21fee1c7ec26'),('1a5ed353-4cd5-4017-919d-06f7e07ad006',2,5,'69393a02-7e5c-499f-8005-108740dee92f','d601f6fd-7ba5-4e5f-9eb3-30cf2d785813','bcdc66af-d20f-42e0-8bc2-21fee1c7ec26'),('1a98e330-14f7-4806-9358-cd3fd14ee450',2,11,'9a5cc41b-8fef-4599-8ce4-04f5011df4d7','f4159621-b239-44e2-83bb-9040fbf08e84','7d5d6490-bb57-4a6d-a268-92c6d0fc6d43'),('1c427cd8-8236-4eaa-b11e-4172d32f4abd',3,7,'ca12ce09-d714-44dd-82c1-89dc2de5e9c1','17b8e125-5da2-48bf-b5d9-557ae13f91fd','bcdc66af-d20f-42e0-8bc2-21fee1c7ec26'),('1c575180-7bd5-42af-bd6b-3e24a142c6dd',3,10,'d166c651-2f14-4c54-a28d-bcb6990f8772','63e5e599-38a6-46b4-9ead-874536fc949e','f73a2cf1-38a2-4ae6-b4d5-ea3c68f10db5'),('1c7f6822-5dfe-4cbd-8339-47f0e38eeff8',3,7,'6114bec6-0c17-4174-886e-bdef8ffd9a50','0306af1a-2006-4fc1-a678-9e1d300e6ed1','d85f1c3e-8aad-4978-864e-d801bc912668'),('1c85b59e-95b5-47e9-9cbc-c6e9737e9d9c',3,8,'a86e51f7-3362-4398-8e39-7b84776379af','e18a82c3-066e-4331-bdea-28def62e31ac','7d5d6490-bb57-4a6d-a268-92c6d0fc6d43'),('1cc55533-ba84-45bb-ac80-c1220a5cf006',4,15,'d166c651-2f14-4c54-a28d-bcb6990f8772','c059d3ab-c284-4087-b4ba-c66f460697fe','f73a2cf1-38a2-4ae6-b4d5-ea3c68f10db5'),('1cc67746-fead-4b64-9775-5da0e4ca3a8f',2,11,'59f538d7-3159-41bf-884a-49010663c67a','afce1573-0548-452f-833b-c01cac8f6432','7c847407-d519-479c-99bd-b57d01a98670'),('1d69de81-14e4-45cf-b8bf-0726ce7f50d1',2,10,'4d8f2865-164f-42ce-bd0a-c0becd03b425','f0d079ed-2710-482c-9846-26ab04fea8b2','f73a2cf1-38a2-4ae6-b4d5-ea3c68f10db5'),('1d7733b3-2df6-4e9b-b6ad-5f20aff74f66',2,10,'b1258ee1-fd42-4100-8dbe-911669dee69b','9badbe22-577f-443b-a52a-e4e968ae6859','bcdc66af-d20f-42e0-8bc2-21fee1c7ec26'),('1d87dac8-ca0b-4ee7-ba2a-f0bc88a78389',2,12,'631c4c5d-e0f6-4f2a-879c-2f0b5ed4b19f','f4e18e8d-ea90-4c58-b615-8be6f46d6b30','7d5d6490-bb57-4a6d-a268-92c6d0fc6d43'),('1dc2431b-4259-480b-8419-659baec960e4',4,8,'b1258ee1-fd42-4100-8dbe-911669dee69b','e2bd56ab-2765-48ec-b975-7b87e2f43428','bcdc66af-d20f-42e0-8bc2-21fee1c7ec26'),('1dc49ec0-ffc4-4590-bfbf-ec855ca139d2',1,NULL,'b1258ee1-fd42-4100-8dbe-911669dee69b','8bf2ac32-8c8f-49f4-93e3-f04e06331fb8','bcdc66af-d20f-42e0-8bc2-21fee1c7ec26'),('1dc8a2a6-8a66-4616-9ca7-8638ec62785b',2,7,'77fc2f5f-4551-484c-9551-e493f4828747','f28610b6-f1b6-4efa-ab11-175f60e5df64','bcdc66af-d20f-42e0-8bc2-21fee1c7ec26'),('1e03a452-8b14-42c3-9a7a-a3e09dfa080b',2,NULL,'e8c4d1cd-1942-48a6-8753-d0a4ddb11eed','f10b392f-5a16-4f29-a13a-5df4f520b412','bcd17dd0-e430-40b5-954f-9a7289a8bac7'),('1e2608c0-3ab6-485a-815b-ce5d1871713d',2,9,'a674ee22-1596-49c1-b951-779db6510c1e','8b9c1db5-2379-4549-b551-135bd888ed9f','f73a2cf1-38a2-4ae6-b4d5-ea3c68f10db5'),('1e30cef6-2241-40cd-8527-ead6acf3a963',3,7,'0bef737c-68ef-4f15-81e2-49d0477d7e13','2f540bd1-183e-44fe-aad9-633e4d319d8d','f73a2cf1-38a2-4ae6-b4d5-ea3c68f10db5'),('1e47c8e7-843b-4e4d-8e22-9603bf9efcad',4,10,'8ad26608-ed95-4b9e-ab80-e8b2b1a5ed11','55b0d15a-4e0f-458d-b3cb-1082b94fb435','bcdc66af-d20f-42e0-8bc2-21fee1c7ec26'),('1ed6c126-8239-4b25-9aa2-82f1000c9295',2,NULL,'913ce649-0495-4197-9aa4-aeb49bfa25d4','d0eb425a-682f-4bd4-807e-82d064ad9364','be1d79dd-b907-4fcc-8ead-1bd50eb01571'),('1f0e2643-eac6-43ec-aa11-4aa8b9a33efe',4,9,'ab71cf77-6266-437b-8209-96c43fce1ae2','85a359df-361f-4493-a22a-4b2bfe009fa6','18f2bada-2f3c-419e-921c-0fac96324e41'),('1f148957-5864-49d5-aa80-6bb98cd2a225',3,6,'d12ac641-ebbd-4132-9cf4-58e40f6b455c','6ed4c6d0-e01f-4f84-b32a-6083cc6e2ea6','7dc39f94-11cf-46fa-b7fb-6c18b2df12ab'),('1f8fde15-12e2-44b2-83de-b34886ce3e2e',3,NULL,'8dc419b5-234c-4f0a-abbb-8486d57789d6','a49a4acb-d01a-443e-b957-3754dfc81694','1e2dfc1d-e502-4bc3-9dd0-a64eb21d5522'),('1fd5ffa1-7873-4dae-aa34-ec6d64461fbf',3,8,'a77d6052-a2fa-455e-9091-b495afab210c','e5802fe0-ed1e-4e96-b72f-1db54d9e0718','f73a2cf1-38a2-4ae6-b4d5-ea3c68f10db5'),('2003c8d4-835a-4789-9eb5-030786875118',3,9,'de371ab6-9405-44c3-ad46-283a8d2ef61c','6fc557b6-b0ee-4b63-88cf-3fec2289a9e5','f73a2cf1-38a2-4ae6-b4d5-ea3c68f10db5'),('20512254-eeaa-4940-84c0-683f212097f0',4,6,'b1258ee1-fd42-4100-8dbe-911669dee69b','60ac7628-bae3-40c6-9f9e-f9994a2eae8c','bcdc66af-d20f-42e0-8bc2-21fee1c7ec26'),('2060cea0-fd5c-48f0-8437-68f9c8b02f84',1,NULL,'c2ab92ea-67c0-4232-ad1d-095b1fdf0be5','316663b5-a610-409b-a276-5ccb9b7e2315','d85f1c3e-8aad-4978-864e-d801bc912668'),('20a3f636-57ff-44d0-9c1b-82c9d80fc3e3',4,NULL,'860914e0-cf4f-4f3c-968b-c609f6d2606f','b5c86dd4-b568-4bf2-b27f-64480d4fdb96','9646368a-8b1a-4f69-8744-cb947bbb590c'),('21a8dff5-e1ec-4efd-af9c-fd418f66ed4f',3,NULL,'f76b4c40-3f06-4638-8053-5f1d96517fe7','726dc4ad-1a5d-49c3-aead-244d164796c7','6662efd1-9b1c-4d2a-92d9-03609fb9fc8d'),('21af28af-2af2-4ee1-9afb-e7fc1973fc90',2,NULL,'eb4da95a-3502-41dd-86eb-e19c9991cf5e','b5150222-181b-4981-a06f-60159583c035','23b601f5-79fb-46f6-af7c-951a78d4e866'),('21e0233a-bfad-4c7b-82d1-4147c671e8df',3,8,'d8812af8-6d6f-45e5-bc68-923f27eb82d6','1a190b4a-ae3c-48e4-ba2d-7a9d2e9b9494','494925c2-0147-4381-9b5d-eb1b15622f73'),('21fedc35-c7b8-4f46-a5db-b619aa0b2399',3,7,'717cfe45-350c-4e4e-8f7a-91f6e798c3fb','dc1fc92d-e1e8-49ab-b439-5235e724fc84','77b48305-eb0e-4fbb-bf35-db3a086dfac2'),('22af64cb-05e6-44fb-807f-e9adf5b80f3b',4,NULL,'b908ec91-2033-45fd-9eb7-38fc5faed190','197015dd-ae91-41a3-9be5-34bfdfc802e1','f73a2cf1-38a2-4ae6-b4d5-ea3c68f10db5'),('246d3b02-8739-45c2-9fa3-856cd61fb232',2,9,'5c2ce523-3e36-4d11-819c-0c0d18d6ac6a','1a6d0aaa-0ea6-486f-9ba8-da981fddbc1a','1e2dfc1d-e502-4bc3-9dd0-a64eb21d5522'),('246d7e81-8e12-4bec-888b-5012e89e5302',4,NULL,'bac9501f-6359-45d4-ab26-9e160188cbd6','4756d912-0e6b-4a57-b343-335d0485d640','1b167c6f-8dff-4ad9-a5c7-4c42d288e9e9'),('24ac74a5-04c2-4170-a60b-6ba16a835bd3',1,9,'6b0c8676-a53c-447e-bf48-b97ae63344a7','2910eaa1-db01-4f12-b193-b936b18be4d7','18f2bada-2f3c-419e-921c-0fac96324e41'),('24adaa92-a810-4d1e-9ac9-c82672de1830',3,NULL,'ab71cf77-6266-437b-8209-96c43fce1ae2','f28610b6-f1b6-4efa-ab11-175f60e5df64','18f2bada-2f3c-419e-921c-0fac96324e41'),('25d256df-ea92-4589-bd2c-cdc45cc6af47',3,5,'4e201e62-8211-4a05-8c17-7d007309dc14','99ed0ba4-4f57-4589-bcda-90c4648e4ecb','bcd17dd0-e430-40b5-954f-9a7289a8bac7'),('26289822-7159-4716-8d63-bce64ba52cd0',1,16,'442a348e-0a25-460e-9b1f-0804fb716f93','7df08761-37bf-47fd-8ef1-2da78e3cb040','bcdc66af-d20f-42e0-8bc2-21fee1c7ec26'),('2654a205-fcf9-41f4-912f-b07e84438662',4,8,'3b76977c-3e34-4db2-95af-f6722a2d7ae3','661f60f7-5ab9-4d7d-bfe0-e0fd5b2de27c','18f2bada-2f3c-419e-921c-0fac96324e41'),('2699272a-df21-4547-8cff-71eaabb64e02',2,8,'8cb77251-543b-4bb5-89dd-4d199950aced','caebaaac-2a1c-4623-9f6f-177385ba9f6c','4110d847-bf41-4996-a9f1-2ebe86c69d2f'),('273f6ec8-194f-4f91-8d52-157b4bd38808',2,7,'ce3adffa-6113-48f4-baa2-ade8b4f312bf','e0568032-5641-49f5-bcca-a3188216cc82','f73a2cf1-38a2-4ae6-b4d5-ea3c68f10db5'),('2744ffab-7ebc-4b4b-9414-d34e8b2195e3',4,9,'d8812af8-6d6f-45e5-bc68-923f27eb82d6','6fc557b6-b0ee-4b63-88cf-3fec2289a9e5','494925c2-0147-4381-9b5d-eb1b15622f73'),('2790f035-1846-44ca-bfab-ab2a847d438f',2,5,'a86e51f7-3362-4398-8e39-7b84776379af','96b55efb-9da0-4b1c-8598-4260797ca992','7d5d6490-bb57-4a6d-a268-92c6d0fc6d43'),('28163a08-77c1-4f6f-b604-785000b3edd3',3,11,'a96e2dc3-a1c3-4d0a-86dc-b6add998a6ac','890e8dd6-5a75-4b66-ab49-773488bdd579','23b601f5-79fb-46f6-af7c-951a78d4e866'),('285aef6b-e41b-4025-8bf2-8d8565d53fc3',2,9,'b1258ee1-fd42-4100-8dbe-911669dee69b','a7149a37-0014-45fc-a81f-264c1ed93503','bcdc66af-d20f-42e0-8bc2-21fee1c7ec26'),('28c6995b-47b5-4047-b3ee-b649306ff1c5',3,NULL,'5bfad62c-3b51-4a61-afc2-275d78105a3e','5fc29f98-808e-480e-b1ef-96df1d6db81c','18f2bada-2f3c-419e-921c-0fac96324e41'),('28ebbf26-c562-4c2f-bc6b-69b90b34b437',2,NULL,'f85e81b1-e5b8-4d04-9d82-0b593c39fdf3','7df08761-37bf-47fd-8ef1-2da78e3cb040','18f2bada-2f3c-419e-921c-0fac96324e41'),('2976336f-ea3d-4036-8768-57dd23f3e0b3',3,12,'70e716a9-a879-4372-8543-a119900ec96c','3287a41e-23ee-46ae-822d-eb4cc35f8753','9f16663c-f653-471a-8bb3-b4eb26524b67'),('2983ca76-bd97-4e78-8a6b-b2b4a1ac55e2',1,9,'ab71cf77-6266-437b-8209-96c43fce1ae2','726dc4ad-1a5d-49c3-aead-244d164796c7','18f2bada-2f3c-419e-921c-0fac96324e41'),('298761de-b321-45f3-b0bb-42f9706976e4',2,11,'238370d5-306e-4cde-a891-849b365ee683','f386989b-90a3-499c-9ae6-17806b4a87d4','bcdc66af-d20f-42e0-8bc2-21fee1c7ec26'),('29da271d-1593-41a8-ab65-669cd10c40f0',3,8,'e8c4d1cd-1942-48a6-8753-d0a4ddb11eed','f4e82690-9dd5-4db9-93ee-3f69da9e49d8','bcd17dd0-e430-40b5-954f-9a7289a8bac7'),('2a7fbf87-b464-40b2-88c0-2e26928a7b7d',1,6,'b7eebdbf-6687-46b5-877e-db9365f0bd5d','f10b392f-5a16-4f29-a13a-5df4f520b412','bcdc66af-d20f-42e0-8bc2-21fee1c7ec26'),('2a892c7c-939f-4b22-99b8-13c01c9ace36',1,8,'dbae1f2f-5f69-4d16-9e29-b2d9d51009f5','87d6e73d-15e8-48a3-8528-c69fda7075ff','7dc39f94-11cf-46fa-b7fb-6c18b2df12ab'),('2a8f4e64-de8d-4dee-a9fa-6b98e617d237',1,6,'de371ab6-9405-44c3-ad46-283a8d2ef61c','2332ba9a-fef0-4d43-b36e-8d76ce0e3363','f73a2cf1-38a2-4ae6-b4d5-ea3c68f10db5'),('2ac3b644-7864-4c90-9ca7-f2f1536f63e5',1,7,'442a348e-0a25-460e-9b1f-0804fb716f93','815f4404-cebc-4885-9222-6d1d4784f8c2','bcdc66af-d20f-42e0-8bc2-21fee1c7ec26'),('2b093929-4bb0-49ed-a79b-e25fed36d681',2,6,'ce3adffa-6113-48f4-baa2-ade8b4f312bf','316663b5-a610-409b-a276-5ccb9b7e2315','f73a2cf1-38a2-4ae6-b4d5-ea3c68f10db5'),('2b13be18-a585-40bb-99ef-7d8cb54224a7',1,6,'442a348e-0a25-460e-9b1f-0804fb716f93','4756d912-0e6b-4a57-b343-335d0485d640','bcdc66af-d20f-42e0-8bc2-21fee1c7ec26'),('2b4d5609-f085-43a9-8cc2-ac050493c4b4',1,10,'64643a32-3b11-4d3c-9746-1f9d6edab87e','b74993d3-c579-497f-a825-63268092e3b1','f73a2cf1-38a2-4ae6-b4d5-ea3c68f10db5'),('2b536650-c3be-46c0-a477-925dffd56e1c',1,7,'906b4c5d-123c-428b-a7e2-91c75f731d75','27ff2a95-6669-4d26-a0c2-82c6afcd8227','f73a2cf1-38a2-4ae6-b4d5-ea3c68f10db5'),('2b74e9fb-75c8-4e25-a69e-d2d5e9063a84',3,8,'4e5b253e-b168-42e9-b8df-420fb7603f1c','13720487-1a8f-45a7-89f0-83459ae89cb0','d85f1c3e-8aad-4978-864e-d801bc912668'),('2c31cf63-29e9-49b6-9ec7-55532f53b54c',4,11,'4d8f2865-164f-42ce-bd0a-c0becd03b425','0f334929-595b-430a-bb32-5f7366e50466','f73a2cf1-38a2-4ae6-b4d5-ea3c68f10db5'),('2c44ceb8-35ff-4d28-973e-b4f7bea9c197',2,12,'8ad26608-ed95-4b9e-ab80-e8b2b1a5ed11','17f0affa-c4d6-47ec-9e89-c2f093a58679','bcdc66af-d20f-42e0-8bc2-21fee1c7ec26'),('2c4c3181-eac8-404e-844d-80b06dfa9b2a',4,10,'9a5cc41b-8fef-4599-8ce4-04f5011df4d7','e1caed43-1bfa-4fce-b776-d3cd89898081','7d5d6490-bb57-4a6d-a268-92c6d0fc6d43'),('2c663e87-1854-4421-8a42-f4f9e45a6733',3,10,'e17b86a1-3438-4b49-8200-5e2425938ac0','55b0d15a-4e0f-458d-b3cb-1082b94fb435','d85f1c3e-8aad-4978-864e-d801bc912668'),('2cea5a89-6826-4fa2-8540-c42beb95c19d',3,11,'5c686164-6008-4aec-bb9a-be4c97b2b225','7ebd627e-19f0-4ec5-b0f7-c9dcb892a771','bcd17dd0-e430-40b5-954f-9a7289a8bac7'),('2cf0f241-462a-418e-85ac-60397a13917e',3,NULL,'b6b1cfef-78e4-4fff-a30a-15bad0280f2b','b0947f69-f401-42b0-93d6-951dab5c6e84','18f2bada-2f3c-419e-921c-0fac96324e41'),('2de323bc-51d4-437b-88c3-2c0812d9f705',2,10,'8ad26608-ed95-4b9e-ab80-e8b2b1a5ed11','151da2de-5755-4c77-9f1c-cbf96dd83388','bcdc66af-d20f-42e0-8bc2-21fee1c7ec26'),('2df258d3-0ad4-4caf-acb9-cb2cc0c85999',1,6,'f52fc067-9d67-4276-a812-ecc0378f849a','5f1a9384-e8da-4b8f-8097-cdc84aa92730','494925c2-0147-4381-9b5d-eb1b15622f73'),('2e37134b-68f8-4943-ae9a-a8972ca1ade9',4,NULL,'ef08081a-0051-42bb-8aa6-3d0f29c4f9e3','f4159621-b239-44e2-83bb-9040fbf08e84','f73a2cf1-38a2-4ae6-b4d5-ea3c68f10db5'),('2e7fd434-829f-48f8-b65b-9dade809a7f7',2,NULL,'8eb54151-0939-43e5-a433-defea8048355','4414f4d8-2f9a-4ed1-a871-fe1d5b3deb22','494925c2-0147-4381-9b5d-eb1b15622f73'),('2eb8add3-681c-458d-aa8b-9833ee22dc8f',3,7,'b1258ee1-fd42-4100-8dbe-911669dee69b','991e0ee3-c5fa-4cc5-943b-4de3e6ed8505','bcdc66af-d20f-42e0-8bc2-21fee1c7ec26'),('2eeb42b6-74ac-4624-84fb-551c408bcd91',1,16,'44d957db-818c-4434-9444-75cd27a40829','1050194c-a955-45e7-938b-363caece8886','494925c2-0147-4381-9b5d-eb1b15622f73'),('2f04eecf-d75c-4f81-8442-e6e98c5db775',2,NULL,'8fa9c10a-9a9a-4c75-bdd7-cc95d9591850','c9924d51-69e4-4ad8-8d2c-491f5b039fbb','7c847407-d519-479c-99bd-b57d01a98670'),('2f35a608-b11e-41ff-9579-01d9df2a46ba',4,8,'ce3adffa-6113-48f4-baa2-ade8b4f312bf','f28610b6-f1b6-4efa-ab11-175f60e5df64','f73a2cf1-38a2-4ae6-b4d5-ea3c68f10db5'),('2f767d24-8836-42bb-a7cd-8cec1d2657ae',1,12,'4872bbe1-39b7-4b48-b983-bf06f56c660c','11225d16-7186-4f51-87c2-3b21f20c585a','7c847407-d519-479c-99bd-b57d01a98670'),('2f89c99c-1c06-4e69-9cb7-d3ce8c37a1cc',2,11,'cd799e44-78ea-4646-a733-ccef1e6e5f88','f1d864a7-c3d6-4535-a1a8-b6af9eeca4d4','d58dd8c4-664c-4afc-b2f7-a62b2c737325'),('2fc9b67a-d4a5-40a8-84ef-2177757e07ce',4,13,'7df079e3-e5ec-4632-b6f0-c4a3cb09f3f7','3ad1c79b-ad9e-490d-8954-8ac69fe45e4c','bcd17dd0-e430-40b5-954f-9a7289a8bac7'),('2fe1f62d-2c5c-4a15-9068-466201a07d22',4,NULL,'8ad26608-ed95-4b9e-ab80-e8b2b1a5ed11','d66b35b6-67ec-403c-9661-1e53cf30130b','bcdc66af-d20f-42e0-8bc2-21fee1c7ec26'),('2fe74b45-6a5c-45e1-bc6c-608b6170f086',3,11,'08182f9c-814b-47e3-9985-f39c2c48dd23','410b833c-c338-4ef9-aca4-d193d2874496','3f4eff16-5caf-45aa-aa83-53bc860668ca'),('2ffe5e18-1bf5-4eeb-beb9-6e3ab6b1f953',4,10,'6114bec6-0c17-4174-886e-bdef8ffd9a50','f113cd3f-56d6-44e8-88e9-968c397dbea8','d85f1c3e-8aad-4978-864e-d801bc912668'),('306be8cd-e312-4d9d-9b8d-5ccc912a2dbd',2,6,'f76b4c40-3f06-4638-8053-5f1d96517fe7','b056ff01-f10b-4f78-92ac-b44a67a0badf','bcdc66af-d20f-42e0-8bc2-21fee1c7ec26'),('30c7babf-f346-4819-8516-ed8ae7d872b0',3,7,'48cc05a4-06d8-4e59-98e0-d38856f268b5','d3af15ac-17c4-4b27-8c7a-34dd95559071','18f2bada-2f3c-419e-921c-0fac96324e41'),('30e37546-e1da-4ce3-9d53-c1075950e897',1,11,'cf9a7ad7-abae-4b90-9496-26c882024bef','53e74747-ef90-4538-83b0-ef4c568ef521','d85f1c3e-8aad-4978-864e-d801bc912668'),('30f0106c-06ea-497f-aacd-6804d3827be0',1,7,'69393a02-7e5c-499f-8005-108740dee92f','197015dd-ae91-41a3-9be5-34bfdfc802e1','bcdc66af-d20f-42e0-8bc2-21fee1c7ec26'),('310d73a1-d1a9-44df-ae82-afb1bed166f6',4,NULL,'906b4c5d-123c-428b-a7e2-91c75f731d75','893c5cbe-3df6-4458-bcba-1361826acff4','f73a2cf1-38a2-4ae6-b4d5-ea3c68f10db5'),('313dae65-e903-4714-8128-d173f894b652',3,12,'1ca58f95-8759-4a6b-818a-89e08763e0cf','85701c81-e739-4d05-bd37-6d53740a17bf','7d5d6490-bb57-4a6d-a268-92c6d0fc6d43'),('318d88d8-cdb4-4f70-857c-2fd5371e4fb9',2,15,'4e5b253e-b168-42e9-b8df-420fb7603f1c','2914ca56-f25a-48ac-9102-c314ac7576e7','d85f1c3e-8aad-4978-864e-d801bc912668'),('3196d0be-11e6-4061-b687-cd14a92eb995',1,NULL,'290f18f7-7580-433e-bde2-8f424c5ba464','4b22cc3c-bb52-49fc-975d-03c30d69513e','31c2bb6a-1161-4981-98ef-ca9d4cc302c6'),('31b16cbc-c520-437c-ae91-01df7f36d702',4,6,'23fe3a4f-f9b0-4ad5-b002-cc4ab94d53b0','6cbbcb7d-12bf-4b21-8ae8-8d640af0d5a9','494925c2-0147-4381-9b5d-eb1b15622f73'),('31b3bb67-a8e3-4367-bdd5-2a86a9b674b7',2,8,'b068dd04-c755-4ed8-ba47-e9ce6a1bf9fc','28f6560b-4123-4fe4-bfc4-45dc14229b28','f73a2cf1-38a2-4ae6-b4d5-ea3c68f10db5'),('32367aa7-ad0a-48e4-80a0-bf3253d59cc8',3,NULL,'d166c651-2f14-4c54-a28d-bcb6990f8772','934079b6-286a-43c2-9087-724a36eee6d5','f73a2cf1-38a2-4ae6-b4d5-ea3c68f10db5'),('328b3ff2-f863-44d8-bc8d-74b476cad18b',3,6,'7a4d4c3c-a348-4159-94fe-a137bb3c9137','4756d912-0e6b-4a57-b343-335d0485d640','7c847407-d519-479c-99bd-b57d01a98670'),('32aabb8e-8b40-4be8-9031-8de1803a692e',4,11,'d26fe4b7-f7ef-4f2e-9593-01790fdd384e','890e8dd6-5a75-4b66-ab49-773488bdd579','a1addae5-39b8-44ec-b343-ae3d8c495df4'),('32f8768d-1cb4-4bd6-9d90-610998df4e99',3,11,'a4fdd7cd-d345-41c7-adb5-b7385290325a','002ae332-cfd4-4436-9dca-b3e461c4a8f9','6662efd1-9b1c-4d2a-92d9-03609fb9fc8d'),('332a2883-72ac-4dba-b3cc-94fdb0e047be',2,7,'8ad26608-ed95-4b9e-ab80-e8b2b1a5ed11','e673e082-7e12-4358-bbc4-3960b1bba40e','bcdc66af-d20f-42e0-8bc2-21fee1c7ec26'),('335dec4d-4a20-49f9-8d09-4a7b49981878',2,13,'a86e51f7-3362-4398-8e39-7b84776379af','8a3e3469-5c7d-4918-a1b4-6afe7ca9b102','7d5d6490-bb57-4a6d-a268-92c6d0fc6d43'),('33905e05-a103-4469-bd89-5a29a402666d',3,10,'3e6ad6b0-9330-4889-b4ac-d10bdefc618f','4d5985be-84c0-4be0-9115-2d9f43a837e7','d85f1c3e-8aad-4978-864e-d801bc912668'),('33edb11b-76f2-4f3e-89dd-28d06ae9e37b',2,15,'a662a5a8-9fdc-4ede-ab06-1294442411f6','9c40cf5c-5c94-4b5e-94ce-9bf566dc9952','563e304f-11d3-4b7b-b5e3-85c45c362e18'),('33f797d5-3790-4c10-8fa4-4ad7ece57e09',2,6,'f52fc067-9d67-4276-a812-ecc0378f849a','dd6ece3e-2a02-4d26-bc86-006274e2e0f7','494925c2-0147-4381-9b5d-eb1b15622f73'),('3453a114-755f-407c-91f7-ad7576708fbd',3,6,'b8472b31-2112-4a45-a65a-db34e707b714','515f21dc-c3b5-4271-9121-ff9b8177592b','d44edcf1-8e22-428f-895a-fa2c0925dfc2'),('34d23499-28ef-4687-8807-bc63167559f8',3,NULL,'77fc2f5f-4551-484c-9551-e493f4828747','b39577f2-5db7-4f17-b798-aef73faff52a','bcdc66af-d20f-42e0-8bc2-21fee1c7ec26'),('3532067d-bfd4-48a9-8214-b48c81c12150',4,NULL,'69393a02-7e5c-499f-8005-108740dee92f','13720487-1a8f-45a7-89f0-83459ae89cb0','bcdc66af-d20f-42e0-8bc2-21fee1c7ec26'),('355e7a5d-a326-4d0d-9942-f1d648b38aad',2,NULL,'cc69760a-8a3b-4262-9ea1-0d93882bac56','5f7ba1b5-350d-4fd6-ac52-ea7e23fcd5c8','d44edcf1-8e22-428f-895a-fa2c0925dfc2'),('358c425b-8d43-4db9-9204-07365f8373be',2,11,'8ad26608-ed95-4b9e-ab80-e8b2b1a5ed11','893c5cbe-3df6-4458-bcba-1361826acff4','bcdc66af-d20f-42e0-8bc2-21fee1c7ec26'),('35a0fbd1-aebf-4fb4-8cf2-dc9b0e5fc64c',4,NULL,'6b4f3267-d70e-43be-9480-45cfdf1a73b0','45df0fc8-1600-46ec-82e0-67269254561d','d85f1c3e-8aad-4978-864e-d801bc912668'),('35a2fdfe-637d-47d6-9bfa-cebf5b5b217a',1,7,'64643a32-3b11-4d3c-9746-1f9d6edab87e','70ad315b-f595-4230-a76f-d56009c99815','f73a2cf1-38a2-4ae6-b4d5-ea3c68f10db5'),('35abcfe3-9c93-4b63-a8db-441675ebf8c3',3,8,'cf9a7ad7-abae-4b90-9496-26c882024bef','84ad2168-82dd-470e-a55b-7b3e0bd8f0d1','d85f1c3e-8aad-4978-864e-d801bc912668'),('36a71298-0a76-4f90-b96f-d66a290a54b2',4,6,'b1258ee1-fd42-4100-8dbe-911669dee69b','023456f8-7aa3-4cd8-b7c0-ad29913f84c5','bcdc66af-d20f-42e0-8bc2-21fee1c7ec26'),('36b9549a-0fe9-4bd5-83e9-9351311ff5a8',2,6,'e17b86a1-3438-4b49-8200-5e2425938ac0','c3e08670-62da-4717-9cec-ae22f8b96ec4','d85f1c3e-8aad-4978-864e-d801bc912668'),('36f5a500-c68d-4132-a9cf-b56c33c4713f',1,7,'e8c4d1cd-1942-48a6-8753-d0a4ddb11eed','42478984-e68c-418f-aee4-2a7d24383ad4','bcd17dd0-e430-40b5-954f-9a7289a8bac7'),('36ff7415-dcc3-4cc4-9ec2-c434721222ba',4,8,'2948fbf6-d2d2-4fa2-a2e4-2f1354aa16f3','a87ac547-bca0-4bf8-95ed-22114002a8d1','f73a2cf1-38a2-4ae6-b4d5-ea3c68f10db5'),('3740a912-bafa-4ade-8cff-be7544685b0e',2,9,'b068dd04-c755-4ed8-ba47-e9ce6a1bf9fc','4b22cc3c-bb52-49fc-975d-03c30d69513e','f73a2cf1-38a2-4ae6-b4d5-ea3c68f10db5'),('374f851d-db80-499b-9bb7-811395d3646d',2,9,'49f2b076-a321-4123-92b5-ab2e81a5f451','bd8cc506-fa30-4fd5-9e7f-f8d1b3d20d1d','18f2bada-2f3c-419e-921c-0fac96324e41'),('37865f3d-cf7a-42fb-9bf1-e9ad8d069ff7',2,6,'b1258ee1-fd42-4100-8dbe-911669dee69b','95c7306f-e0f2-4f04-8af8-f3423c434315','bcdc66af-d20f-42e0-8bc2-21fee1c7ec26'),('38207331-7f63-43e0-9067-d3f348d2efe2',1,NULL,'b7eebdbf-6687-46b5-877e-db9365f0bd5d','3500afc5-55b7-449e-9612-87d0a40eb956','bcdc66af-d20f-42e0-8bc2-21fee1c7ec26'),('38f28ccc-16b5-404f-b2ab-bd871badc089',3,9,'f80a4b47-bbad-4129-b37f-5aa21696d47b','391fe186-fbcb-4419-8f1f-9d16de14cf92','d85f1c3e-8aad-4978-864e-d801bc912668'),('39348808-d0e8-4f91-b887-9ad586548cef',4,6,'6114bec6-0c17-4174-886e-bdef8ffd9a50','4d9ec2e0-a9f6-4ffa-88ed-656e9226b670','d85f1c3e-8aad-4978-864e-d801bc912668'),('3942975c-1217-49e7-b236-2751d2581a6a',4,8,'a77d6052-a2fa-455e-9091-b495afab210c','1a190b4a-ae3c-48e4-ba2d-7a9d2e9b9494','f73a2cf1-38a2-4ae6-b4d5-ea3c68f10db5'),('39666f54-ff55-488a-a7ce-363d9ba54038',1,7,'77fc2f5f-4551-484c-9551-e493f4828747','0029c023-f693-4213-b028-74a9a3f56d99','bcdc66af-d20f-42e0-8bc2-21fee1c7ec26'),('397b3466-aa72-422b-b3a1-dd69550b876e',3,11,'b908ec91-2033-45fd-9eb7-38fc5faed190','f113cd3f-56d6-44e8-88e9-968c397dbea8','f73a2cf1-38a2-4ae6-b4d5-ea3c68f10db5'),('398a75e4-f645-4799-8c25-41060459b615',1,NULL,'f7547774-5f5a-4ffe-ab70-c63e31f81fa5','9e3abc15-006e-433a-8c21-140e5d87ab03','d85f1c3e-8aad-4978-864e-d801bc912668'),('39f1f099-1dd9-487d-93ca-ace74c93821c',2,10,'69393a02-7e5c-499f-8005-108740dee92f','d6277b28-9cd8-4d11-a1ac-aaf88b200946','bcdc66af-d20f-42e0-8bc2-21fee1c7ec26'),('3a3acfee-a5c0-4183-89f0-d6a01804e5eb',2,NULL,'ce3adffa-6113-48f4-baa2-ade8b4f312bf','85a359df-361f-4493-a22a-4b2bfe009fa6','f73a2cf1-38a2-4ae6-b4d5-ea3c68f10db5'),('3aa0bdd0-d2e5-43b0-90ff-e81b3a48fed5',1,10,'a674ee22-1596-49c1-b951-779db6510c1e','9badbe22-577f-443b-a52a-e4e968ae6859','f73a2cf1-38a2-4ae6-b4d5-ea3c68f10db5'),('3ac05b7d-5206-45a7-9838-f5c324fa17cb',1,7,'12dd34eb-c08f-4f88-8bbf-894e5ca5595c','e673e082-7e12-4358-bbc4-3960b1bba40e','7dc39f94-11cf-46fa-b7fb-6c18b2df12ab'),('3ad17f30-2204-45e4-96a0-31a1e1ab861b',4,11,'93b07d57-1b74-49b1-8112-0a8aa4aac7fd','e5140169-6d6b-4fc9-8973-cab330ec9fe6','b66ca294-dea8-4ebd-bbec-3452a1dd66de'),('3b41ac01-2b2d-469a-9e05-2ed7611957b3',1,9,'55966c99-36e5-48a1-855c-227d114223b3','f4ffc17c-16eb-4644-8461-7ccbad0770a0','f73a2cf1-38a2-4ae6-b4d5-ea3c68f10db5'),('3bab1979-2652-4a0d-a598-ee7d1b1290ea',3,8,'b068dd04-c755-4ed8-ba47-e9ce6a1bf9fc','b8431b4a-610b-46ff-84d9-f1f6e789f0da','f73a2cf1-38a2-4ae6-b4d5-ea3c68f10db5'),('3bf4c8f7-7406-437b-a07a-816a5037e04e',2,NULL,'69393a02-7e5c-499f-8005-108740dee92f','22b0b412-00a4-4119-ad1a-e3def403141e','bcdc66af-d20f-42e0-8bc2-21fee1c7ec26'),('3c15beee-819e-4ee1-b6d7-511d1cb15a4f',3,NULL,'7259b00e-4c71-43b3-9dc1-19d386c89e3e','7c860660-2aa4-41e3-a4bb-9066d632ba27','31c2bb6a-1161-4981-98ef-ca9d4cc302c6'),('3d3c5eb4-bc8c-4d32-97fa-4fc538cb4c94',4,NULL,'906b4c5d-123c-428b-a7e2-91c75f731d75','fe12811b-7e5e-4827-abd0-f8e333933fd0','f73a2cf1-38a2-4ae6-b4d5-ea3c68f10db5'),('3d6fe33e-d809-422a-8f6c-bb40fc98a2f5',4,13,'badbc1cf-ac60-4c25-9210-3bdd8caddca4','17f0affa-c4d6-47ec-9e89-c2f093a58679','494925c2-0147-4381-9b5d-eb1b15622f73'),('3e1f4fdd-9d01-4ed1-af4f-fbdabdada5b8',3,9,'e3f0f406-d3af-4367-889e-e762ce0f13a2','2d177c56-a274-4b7d-ad8f-4af8abf1f7ae','31c2bb6a-1161-4981-98ef-ca9d4cc302c6'),('3e3871cb-fe62-41c4-b8d7-2f2be52ed5c1',3,8,'be76f907-25f4-4745-ac8c-93b62d50b6ed','3bef1983-376b-441e-a824-e80562c9d50a','446bbf78-3c3a-4105-8740-c5b4368655a9'),('3e516f1e-ace1-4c25-9780-f4180afe38c9',2,9,'59092118-e5fb-4be2-bfa5-27425ddd2dc7','2958db33-5778-41dd-a466-a35a449e9fc3','7c847407-d519-479c-99bd-b57d01a98670'),('3eee9239-13e8-43a9-b58f-009cc01f5932',2,NULL,'f4f18bd4-14cb-4afb-abf4-620c0d35aa5d','6fc557b6-b0ee-4b63-88cf-3fec2289a9e5','31c2bb6a-1161-4981-98ef-ca9d4cc302c6'),('3f0ca952-3bf3-4019-8896-e3c89fa0cf15',3,NULL,'46f8fd84-15ba-4cea-98f2-c11992ce8cab','a9cf966c-2fae-45f8-92be-696e13e61d41','d85f1c3e-8aad-4978-864e-d801bc912668'),('3f2abda2-650b-4529-9d9a-7313ec7b15f2',1,NULL,'78ff1c9d-0de4-46d9-a32b-2cb46ba54036','387b256d-5a06-46ec-8cce-e8fac43d8181','bcd17dd0-e430-40b5-954f-9a7289a8bac7'),('3f43e543-2b4d-4fe6-b64e-a2197cb52de4',4,11,'25fa61be-722d-4a60-b7bc-d374310469ac','b74993d3-c579-497f-a825-63268092e3b1','7c847407-d519-479c-99bd-b57d01a98670'),('3f9ed268-9458-40ff-84fd-0ee182f1d61a',2,NULL,'15dec003-5456-43ea-a6da-cf981333f6a5','dc1fc92d-e1e8-49ab-b439-5235e724fc84','bcdc66af-d20f-42e0-8bc2-21fee1c7ec26'),('3fc197e4-c3ce-42c7-885f-67374b345ded',3,12,'0810ddee-2d7f-4367-bbdf-24c94e080ef5','11225d16-7186-4f51-87c2-3b21f20c585a','bcd17dd0-e430-40b5-954f-9a7289a8bac7'),('4008d51a-b3f5-4ec7-8883-d6a8a36f5dba',4,9,'e17b86a1-3438-4b49-8200-5e2425938ac0','3d6b678f-ceb8-4b53-9141-16b657b8fe35','d85f1c3e-8aad-4978-864e-d801bc912668'),('40681f92-c7cc-42b4-8cdc-c85dc82c7fca',4,10,'59092118-e5fb-4be2-bfa5-27425ddd2dc7','737a8c1b-12b9-458c-90f6-19855e49e183','7c847407-d519-479c-99bd-b57d01a98670'),('40749eaa-db52-4db8-b4bd-4173a2f9ad1f',3,7,'d0b7e74f-4075-4f3f-b9c0-9a3794a671f7','4490d384-78a0-42b3-b884-c367fd5606a8','18f2bada-2f3c-419e-921c-0fac96324e41'),('409a441b-eb52-4a65-93cd-6888945aa68b',1,6,'77fc2f5f-4551-484c-9551-e493f4828747','1b117a04-2c93-43f6-9c32-682fca6d683e','bcdc66af-d20f-42e0-8bc2-21fee1c7ec26'),('40d66199-c4b0-4801-b781-2fb14522c371',3,12,'0d79e631-f0fa-4f96-9b4b-0c6567c41403','11e45865-09b3-4c32-aafe-18caaaed35cb','31c2bb6a-1161-4981-98ef-ca9d4cc302c6'),('40edb9ea-fb1c-4491-8b74-e6a814b08149',4,6,'f591b97b-d4c2-42f6-b7d0-689e9ce6c8d0','6726f203-f0a3-46fc-8a26-b73160d4c85c','b1c07638-7936-4452-a0eb-90f7ff1958e8'),('412193ed-3eb6-4dba-a5e8-aec5478c83ff',1,12,'b1258ee1-fd42-4100-8dbe-911669dee69b','391fe186-fbcb-4419-8f1f-9d16de14cf92','bcdc66af-d20f-42e0-8bc2-21fee1c7ec26'),('412f233d-f219-4d92-9701-e5fe06d2cc5c',1,7,'4872bbe1-39b7-4b48-b983-bf06f56c660c','ca15c41e-d626-4925-8d76-2137a2071815','7c847407-d519-479c-99bd-b57d01a98670'),('418046f8-4476-42c9-8cc2-d2ad54ea73f7',4,NULL,'238370d5-306e-4cde-a891-849b365ee683','c6af1fa9-becc-484b-9416-1544ad2e7435','bcdc66af-d20f-42e0-8bc2-21fee1c7ec26'),('4186f147-77cc-4218-ae51-b3abec9ec2b9',1,7,'839b690f-adcf-4901-92d1-1e87ea6393cc','991e0ee3-c5fa-4cc5-943b-4de3e6ed8505','18f2bada-2f3c-419e-921c-0fac96324e41'),('419fd7e3-e37b-4b30-abeb-cf1a750eb8c0',2,7,'4872bbe1-39b7-4b48-b983-bf06f56c660c','9c9e53f8-2487-4605-915f-e1525464f581','7c847407-d519-479c-99bd-b57d01a98670'),('41a3466d-63c6-4ed4-b2d7-9cdddcd1c13d',1,11,'b3d362cf-bf31-4826-8056-adfec5fac8a4','75201f30-8d50-48d6-838c-caede37ae2e5','f73a2cf1-38a2-4ae6-b4d5-ea3c68f10db5'),('42084404-34ce-4848-8253-53fab1f79772',2,8,'717cfe45-350c-4e4e-8f7a-91f6e798c3fb','3bef1983-376b-441e-a824-e80562c9d50a','77b48305-eb0e-4fbb-bf35-db3a086dfac2'),('421c2522-f967-427f-a253-c6932cb04dd7',2,7,'48cc05a4-06d8-4e59-98e0-d38856f268b5','ca2c495b-176f-44cf-b9ae-69d92d6b153f','18f2bada-2f3c-419e-921c-0fac96324e41'),('422deafe-40ea-4c63-9a15-a1ee5929160d',1,12,'ce3adffa-6113-48f4-baa2-ade8b4f312bf','85701c81-e739-4d05-bd37-6d53740a17bf','f73a2cf1-38a2-4ae6-b4d5-ea3c68f10db5'),('422e869a-a1c1-40d6-a97a-5c114355c323',4,8,'238370d5-306e-4cde-a891-849b365ee683','d4b236fa-2f9a-463b-9990-f1263aa5d95b','bcdc66af-d20f-42e0-8bc2-21fee1c7ec26'),('4264687c-2d20-4ab9-ab4f-403e0136d271',3,8,'ca12ce09-d714-44dd-82c1-89dc2de5e9c1','1217acdf-69eb-4639-bf41-cff417438ac0','bcdc66af-d20f-42e0-8bc2-21fee1c7ec26'),('42722258-90b2-4d89-85b1-525ef6a96c67',4,12,'e4f93f3f-c63c-498b-b034-9322e87d21fa','934079b6-286a-43c2-9087-724a36eee6d5','18f2bada-2f3c-419e-921c-0fac96324e41'),('42b2d847-3a89-4753-9341-6b067f445d03',3,12,'ef08081a-0051-42bb-8aa6-3d0f29c4f9e3','cd44b903-9faf-4497-b101-5e4ee1eb8737','f73a2cf1-38a2-4ae6-b4d5-ea3c68f10db5'),('42f9cf48-d917-47e7-98a6-9450c0cdf68d',4,7,'55966c99-36e5-48a1-855c-227d114223b3','0029c023-f693-4213-b028-74a9a3f56d99','f73a2cf1-38a2-4ae6-b4d5-ea3c68f10db5'),('4337c728-56cf-44d6-841d-ee19c80748fa',3,5,'6b4f3267-d70e-43be-9480-45cfdf1a73b0','b5ee3445-4497-4987-8c59-788b0610390c','d85f1c3e-8aad-4978-864e-d801bc912668'),('433d328f-201b-47b1-98f3-9f45fdd5cb7b',1,7,'b1258ee1-fd42-4100-8dbe-911669dee69b','8b9c1db5-2379-4549-b551-135bd888ed9f','bcdc66af-d20f-42e0-8bc2-21fee1c7ec26'),('4448cd6a-448c-4bb2-b60d-943e772f2ac9',3,7,'f7547774-5f5a-4ffe-ab70-c63e31f81fa5','6d5da372-d6f6-4aaa-b89f-dc6675efe12a','d85f1c3e-8aad-4978-864e-d801bc912668'),('447371f8-40aa-46f4-ad15-1fa280efb58e',4,NULL,'8ad26608-ed95-4b9e-ab80-e8b2b1a5ed11','82ee9b27-db2d-4238-a328-a8337acd958d','bcdc66af-d20f-42e0-8bc2-21fee1c7ec26'),('448fe5c4-077d-4140-acb4-a94287de2827',4,NULL,'2948fbf6-d2d2-4fa2-a2e4-2f1354aa16f3','fd716105-e2e7-450b-b36b-9c583af97775','f73a2cf1-38a2-4ae6-b4d5-ea3c68f10db5'),('44c132d7-25d6-45f0-b872-b3d0c34938f8',3,10,'4e5b253e-b168-42e9-b8df-420fb7603f1c','1c18e8ca-5fe4-4f06-be98-8172064a65ac','d85f1c3e-8aad-4978-864e-d801bc912668'),('44ffac32-a39c-41d2-97ea-10ecb246fe0f',1,NULL,'b908ec91-2033-45fd-9eb7-38fc5faed190','515f21dc-c3b5-4271-9121-ff9b8177592b','f73a2cf1-38a2-4ae6-b4d5-ea3c68f10db5'),('456a233a-ef4a-41da-aa18-6ef5174f00de',2,9,'5bfad62c-3b51-4a61-afc2-275d78105a3e','e18a82c3-066e-4331-bdea-28def62e31ac','18f2bada-2f3c-419e-921c-0fac96324e41'),('459e8fbe-3462-4e07-9bfb-064f0e88d829',2,6,'6c9825d4-f46b-44f3-991a-41df3b437efe','515f21dc-c3b5-4271-9121-ff9b8177592b','d85f1c3e-8aad-4978-864e-d801bc912668'),('45a471d0-92b3-4411-a177-9a8b2bf77aed',3,10,'b008d2cb-fd63-4530-bab9-e4944bfae79f','b3bd9ecb-428b-43d4-a79b-5f67328d8a6a','18f2bada-2f3c-419e-921c-0fac96324e41'),('461c0282-d3dd-426d-b1f9-3ee151f568ca',1,10,'00946526-be38-4f69-9beb-5f9bef6479ce','d4b236fa-2f9a-463b-9990-f1263aa5d95b','9f16663c-f653-471a-8bb3-b4eb26524b67'),('4652f4c1-2f1d-490f-9284-e8e6f6751746',1,11,'dc68c6a5-8f46-47f6-86d2-c85c6ae06dd9','a67559af-6fb9-4c76-9355-d687f027ab71','55508317-abd0-4b59-a7c5-e029dd97c314'),('466018ea-5be7-4794-98b2-5ed56096c027',3,NULL,'238370d5-306e-4cde-a891-849b365ee683','cb69f758-7524-4e2c-9e24-a3162ec65626','bcdc66af-d20f-42e0-8bc2-21fee1c7ec26'),('46a7a417-945c-4714-9f8f-b0ed67884b72',2,9,'20254e14-02c5-4831-8cd7-c818e8f8aba2','45df0fc8-1600-46ec-82e0-67269254561d','18f2bada-2f3c-419e-921c-0fac96324e41'),('4724d909-9fa8-45da-8490-03e81d266d9a',1,NULL,'77fc2f5f-4551-484c-9551-e493f4828747','dd6ece3e-2a02-4d26-bc86-006274e2e0f7','bcdc66af-d20f-42e0-8bc2-21fee1c7ec26'),('478653cd-98c8-4c8f-98b6-ddc629f82ca2',2,6,'55966c99-36e5-48a1-855c-227d114223b3','7cf26c56-e846-435a-8f1e-d155723db433','f73a2cf1-38a2-4ae6-b4d5-ea3c68f10db5'),('478b884f-c83d-4672-8db5-27bff0604006',2,12,'b3d362cf-bf31-4826-8056-adfec5fac8a4','19e5981b-8000-4e64-b2f7-c4d1322b2c20','f73a2cf1-38a2-4ae6-b4d5-ea3c68f10db5'),('47ce8ed8-e84e-4143-b0ed-3ebfa69ee60d',4,7,'ce3adffa-6113-48f4-baa2-ade8b4f312bf','32d2b229-667e-4452-a69a-e9b108bfa5d0','f73a2cf1-38a2-4ae6-b4d5-ea3c68f10db5'),('47e42a9d-f831-40b7-9317-203e500cd149',4,7,'84b7fcad-411a-491e-a131-51dc21ae15bd','1b117a04-2c93-43f6-9c32-682fca6d683e','7d5d6490-bb57-4a6d-a268-92c6d0fc6d43'),('4818a0c0-4fa2-4cb3-bb7f-f2008c567189',2,8,'bd2f151e-719d-40ff-bd13-d7703812f204','87d6e73d-15e8-48a3-8528-c69fda7075ff','7c847407-d519-479c-99bd-b57d01a98670'),('4820542b-6dd0-4593-9817-77ef1aa057dd',1,7,'6408be34-d9f2-45ff-81cf-9c9f97ff16b1','d0eb425a-682f-4bd4-807e-82d064ad9364','7d5d6490-bb57-4a6d-a268-92c6d0fc6d43'),('4821a916-050c-4067-84bd-04eacbb868f3',2,NULL,'e527deb5-3666-4385-a3ef-f3ae959e20ea','11e45865-09b3-4c32-aafe-18caaaed35cb','494925c2-0147-4381-9b5d-eb1b15622f73'),('48329434-9046-48c5-b372-f3c5fe87ed23',4,13,'b3d362cf-bf31-4826-8056-adfec5fac8a4','f5b33d63-65ac-4f2b-a673-bd8d8ff04569','f73a2cf1-38a2-4ae6-b4d5-ea3c68f10db5'),('48bfb920-981a-4073-bb1d-07061327af71',1,NULL,'2948fbf6-d2d2-4fa2-a2e4-2f1354aa16f3','023456f8-7aa3-4cd8-b7c0-ad29913f84c5','f73a2cf1-38a2-4ae6-b4d5-ea3c68f10db5'),('48ff2350-2c50-4f28-b22b-2404b6acf582',1,NULL,'3e6ad6b0-9330-4889-b4ac-d10bdefc618f','f0d079ed-2710-482c-9846-26ab04fea8b2','d85f1c3e-8aad-4978-864e-d801bc912668'),('490052e1-8d65-4068-894b-868e06fe17c5',3,11,'99f7b39c-f26a-4f68-8b65-9849565a594d','1761381f-ba54-43aa-979e-4187af9cc36a','7c847407-d519-479c-99bd-b57d01a98670'),('4900b9e0-da38-4125-91ba-da791c9ec548',3,8,'24c080bf-53e1-45b7-aea8-5bc2bbaa3e64','159eeae0-46ad-4798-b679-caeb0b72fdba','494925c2-0147-4381-9b5d-eb1b15622f73'),('4919d2f3-378a-4526-9ec3-803d4c147588',1,NULL,'0848d3cd-3296-4aa8-8299-b87f562ab08c','3d6b678f-ceb8-4b53-9141-16b657b8fe35','9646368a-8b1a-4f69-8744-cb947bbb590c'),('492a3116-6bc9-4521-aa38-38558701dc15',1,11,'2948fbf6-d2d2-4fa2-a2e4-2f1354aa16f3','b39577f2-5db7-4f17-b798-aef73faff52a','f73a2cf1-38a2-4ae6-b4d5-ea3c68f10db5'),('496b25b7-f237-49fd-a6c9-d959bd5001e9',4,10,'b3d362cf-bf31-4826-8056-adfec5fac8a4','3500afc5-55b7-449e-9612-87d0a40eb956','f73a2cf1-38a2-4ae6-b4d5-ea3c68f10db5'),('499c16df-e7e4-4ac4-bcd0-15ee579d530b',3,9,'442a348e-0a25-460e-9b1f-0804fb716f93','2914ca56-f25a-48ac-9102-c314ac7576e7','bcdc66af-d20f-42e0-8bc2-21fee1c7ec26'),('49f1e0df-8aba-43c8-81a8-b7a4995d71b0',3,9,'ce3adffa-6113-48f4-baa2-ade8b4f312bf','1a6d0aaa-0ea6-486f-9ba8-da981fddbc1a','f73a2cf1-38a2-4ae6-b4d5-ea3c68f10db5'),('4a474bb8-f7a7-4b11-9773-084c3f776fb5',3,6,'b908ec91-2033-45fd-9eb7-38fc5faed190','22b0b412-00a4-4119-ad1a-e3def403141e','f73a2cf1-38a2-4ae6-b4d5-ea3c68f10db5'),('4a49d8c4-28d7-4304-8166-466b061d552f',4,8,'ce3adffa-6113-48f4-baa2-ade8b4f312bf','2cb4f0ab-53fc-4c48-bb6c-0d34faa4bab0','f73a2cf1-38a2-4ae6-b4d5-ea3c68f10db5'),('4a675945-05ed-4d30-938f-8e7fd2b15b27',4,5,'906b4c5d-123c-428b-a7e2-91c75f731d75','96b55efb-9da0-4b1c-8598-4260797ca992','f73a2cf1-38a2-4ae6-b4d5-ea3c68f10db5'),('4a6aa2e0-0d93-450b-b943-092fd05d5647',1,7,'c1c7dc9b-4223-4172-a82f-1fe434305cf8','5e4ac305-c8f7-4b83-bc4e-4b9efea1deb3','f73a2cf1-38a2-4ae6-b4d5-ea3c68f10db5'),('4a795348-4e78-480a-a920-ec8844edbec1',1,6,'d166c651-2f14-4c54-a28d-bcb6990f8772','95c7306f-e0f2-4f04-8af8-f3423c434315','f73a2cf1-38a2-4ae6-b4d5-ea3c68f10db5'),('4ac336ea-50fc-4083-a038-9a558197e73d',4,10,'b1258ee1-fd42-4100-8dbe-911669dee69b','4414f4d8-2f9a-4ed1-a871-fe1d5b3deb22','bcdc66af-d20f-42e0-8bc2-21fee1c7ec26'),('4b5be4ff-b8e9-42be-9089-b21cf81bf27d',4,7,'a77d6052-a2fa-455e-9091-b495afab210c','f38caf99-7df4-4adf-b9cb-9c71fb69fd4f','f73a2cf1-38a2-4ae6-b4d5-ea3c68f10db5'),('4b8119c4-f63b-4fb6-be23-647d7b76622d',4,7,'b1258ee1-fd42-4100-8dbe-911669dee69b','1f3e1099-c1bc-4145-aee1-67a21f488f01','bcdc66af-d20f-42e0-8bc2-21fee1c7ec26'),('4ba65898-cc7f-4426-ac29-aa444a4cdf85',3,NULL,'f52e8e9d-cb1e-45fe-bd4b-8f95dc217e6c','42478984-e68c-418f-aee4-2a7d24383ad4','7c847407-d519-479c-99bd-b57d01a98670'),('4caa9151-cc27-400a-ae48-195fa4d8e73f',1,10,'669eab52-3382-4787-bbf3-722e57ff53fe','dad7aa01-c747-42bb-b2ef-cf4943d182cf','d3233639-8b54-4d6e-953d-6d0701ef1d02'),('4cb5f3ce-e3e6-462d-833f-3209da8c18b7',1,8,'66c75202-6a2b-45cc-b4d4-08585053e0ef','1dfc4fba-91fe-4208-b23b-7de92d4e05ba','bcdc66af-d20f-42e0-8bc2-21fee1c7ec26'),('4cbbe54a-19e5-4f23-9dac-0ecbe0b1d938',3,NULL,'a77d6052-a2fa-455e-9091-b495afab210c','56df0d56-56b5-4a77-a4ed-c5b43ce83610','f73a2cf1-38a2-4ae6-b4d5-ea3c68f10db5'),('4cd2bb9a-a4f2-461c-b3f9-6e4c6813a574',2,NULL,'ad8f10ea-aba0-4cf4-9bf4-8f9aaff60bd3','e90f23ed-1390-4582-8126-f74cb2c80d64','bcd17dd0-e430-40b5-954f-9a7289a8bac7'),('4cdce650-a665-4121-a5a6-8a0b67891aae',3,8,'ca12ce09-d714-44dd-82c1-89dc2de5e9c1','cb73f24f-9097-48e0-b733-a86e26903fd8','bcdc66af-d20f-42e0-8bc2-21fee1c7ec26'),('4d268762-49c8-4d44-85bc-beb7e030971c',3,6,'e527deb5-3666-4385-a3ef-f3ae959e20ea','f10b392f-5a16-4f29-a13a-5df4f520b412','494925c2-0147-4381-9b5d-eb1b15622f73'),('4d56d102-dc0c-41b9-9707-df9a085f5140',3,7,'eba29714-2b90-46df-bedb-03208008e068','e0568032-5641-49f5-bcca-a3188216cc82','18f2bada-2f3c-419e-921c-0fac96324e41'),('4dac9207-eede-4b95-bf93-1c7671985c61',4,8,'f76b4c40-3f06-4638-8053-5f1d96517fe7','b0c2475c-c594-4468-8a87-297f2e216215','bcdc66af-d20f-42e0-8bc2-21fee1c7ec26'),('4e09d186-7c18-4888-bfd7-d9f67e1b299d',1,NULL,'55966c99-36e5-48a1-855c-227d114223b3','7692248d-5d16-4e16-8686-cdee99b24d8c','f73a2cf1-38a2-4ae6-b4d5-ea3c68f10db5'),('4e448b6b-4b8a-4e8b-98f9-87fd750c0e86',2,11,'8ad26608-ed95-4b9e-ab80-e8b2b1a5ed11','f113cd3f-56d6-44e8-88e9-968c397dbea8','bcdc66af-d20f-42e0-8bc2-21fee1c7ec26'),('4f34629e-c032-4f14-bda0-798dac2b9bf7',1,6,'8ad26608-ed95-4b9e-ab80-e8b2b1a5ed11','d4cda912-6ca4-4fbd-82ee-41fcb40281b9','bcdc66af-d20f-42e0-8bc2-21fee1c7ec26'),('4f5a20c7-c67a-4444-99c3-81fa9d36e42c',3,11,'b068dd04-c755-4ed8-ba47-e9ce6a1bf9fc','afce1573-0548-452f-833b-c01cac8f6432','f73a2cf1-38a2-4ae6-b4d5-ea3c68f10db5'),('4f74686d-a5d1-4691-84aa-1dabbdbe100e',4,7,'0e3d0f63-83bc-45d6-9a1f-4a16cb97eeed','e673e082-7e12-4358-bbc4-3960b1bba40e','77b48305-eb0e-4fbb-bf35-db3a086dfac2'),('4fcb50d4-3a17-4e09-bc64-7dbff6ac4d32',3,8,'bee882b3-8bbc-472d-80fa-d683adc8468c','1dfc4fba-91fe-4208-b23b-7de92d4e05ba','18f2bada-2f3c-419e-921c-0fac96324e41'),('4fd77ccc-7838-4822-9850-f02cecb2c35d',1,14,'55966c99-36e5-48a1-855c-227d114223b3','77c73709-065e-4133-924d-7b398999a633','f73a2cf1-38a2-4ae6-b4d5-ea3c68f10db5'),('4feacc62-fe9b-40ac-b897-a9ec00be4770',3,7,'e527deb5-3666-4385-a3ef-f3ae959e20ea','387b256d-5a06-46ec-8cce-e8fac43d8181','494925c2-0147-4381-9b5d-eb1b15622f73'),('504a572a-ec49-421d-baea-bfc94d0645dc',4,NULL,'39c6e3f8-706a-4599-9119-39d0f2cf9c7f','63e5e599-38a6-46b4-9ead-874536fc949e','31c2bb6a-1161-4981-98ef-ca9d4cc302c6'),('5071f98e-83f8-4bbb-ada9-76fd54b7d016',4,8,'238370d5-306e-4cde-a891-849b365ee683','84ad2168-82dd-470e-a55b-7b3e0bd8f0d1','bcdc66af-d20f-42e0-8bc2-21fee1c7ec26'),('50887ed8-52c7-41cd-90c2-31f6751c8c1a',2,9,'84b7fcad-411a-491e-a131-51dc21ae15bd','3a5d8ced-9f86-4805-ad70-bfcf97ba0d9f','7d5d6490-bb57-4a6d-a268-92c6d0fc6d43'),('50fea87b-a822-43e9-af8d-94f3c0ee5ea3',1,7,'a3ac0239-2fce-4b85-a250-deec075f1342','8bb41d6f-8fa4-4da1-badb-6f882706c3f5','7c847407-d519-479c-99bd-b57d01a98670'),('51630863-fa2e-47ce-bd09-602624cb498c',1,NULL,'15dec003-5456-43ea-a6da-cf981333f6a5','7cf26c56-e846-435a-8f1e-d155723db433','bcdc66af-d20f-42e0-8bc2-21fee1c7ec26'),('518d9a10-735b-4c98-944f-3b142850192c',4,7,'14ff2143-43f2-4e27-90c1-7d8b5849785b','b5150222-181b-4981-a06f-60159583c035','59a0b9a8-b048-421d-869b-860ab29dc46e'),('51ac44ae-0d56-4d5b-b2ed-875262d3d9fd',2,12,'238370d5-306e-4cde-a891-849b365ee683','77c73709-065e-4133-924d-7b398999a633','bcdc66af-d20f-42e0-8bc2-21fee1c7ec26'),('5215a921-d945-4277-b9d9-6cc9f1a9b975',1,7,'a77d6052-a2fa-455e-9091-b495afab210c','7bfbd046-9ea4-44fb-85d3-d12653d7d4a1','f73a2cf1-38a2-4ae6-b4d5-ea3c68f10db5'),('52548aac-cc86-44f5-8160-4b49e807182f',1,10,'772f1935-8770-467c-a601-029fbba5abcd','d7e1e7a1-4657-4551-8d7d-98f98d45eedd','77b48305-eb0e-4fbb-bf35-db3a086dfac2'),('5287739b-f5ae-4059-8bde-a9aa54abc02d',2,11,'ca12ce09-d714-44dd-82c1-89dc2de5e9c1','71d68224-1de8-4a99-8d1d-406da35715b4','bcdc66af-d20f-42e0-8bc2-21fee1c7ec26'),('52b1a45e-edec-4fd1-9c47-4b912a40ee8e',4,7,'f76b4c40-3f06-4638-8053-5f1d96517fe7','70ad315b-f595-4230-a76f-d56009c99815','bcdc66af-d20f-42e0-8bc2-21fee1c7ec26'),('52d2a2ab-4044-419f-a58f-1d6a3ded3646',3,5,'b05190f1-846f-42db-aa67-844530c29f9c','f7ea64eb-aab0-4037-92b5-59f9815b822f','23b601f5-79fb-46f6-af7c-951a78d4e866'),('52e12f1c-670c-45ce-92ab-a0fc68a236d8',2,7,'4872bbe1-39b7-4b48-b983-bf06f56c660c','815f4404-cebc-4885-9222-6d1d4784f8c2','7c847407-d519-479c-99bd-b57d01a98670'),('531b4e22-619e-48d3-93bd-18e375e65146',3,NULL,'7df079e3-e5ec-4632-b6f0-c4a3cb09f3f7','2332ba9a-fef0-4d43-b36e-8d76ce0e3363','bcd17dd0-e430-40b5-954f-9a7289a8bac7'),('534242fe-0f03-44a0-be5d-3ef3414ab767',4,NULL,'15dec003-5456-43ea-a6da-cf981333f6a5','78042619-988d-467b-8b26-be348dd4282b','bcdc66af-d20f-42e0-8bc2-21fee1c7ec26'),('5371eb20-e7c9-446e-9796-fb38edb6f755',2,12,'66c75202-6a2b-45cc-b4d4-08585053e0ef','85701c81-e739-4d05-bd37-6d53740a17bf','bcdc66af-d20f-42e0-8bc2-21fee1c7ec26'),('53fe3cce-e32d-43f5-8b50-accd41da4e54',2,6,'d166c651-2f14-4c54-a28d-bcb6990f8772','5f1a9384-e8da-4b8f-8097-cdc84aa92730','f73a2cf1-38a2-4ae6-b4d5-ea3c68f10db5'),('543ba287-1188-4bf4-ab10-be97c2ab105b',1,5,'b1258ee1-fd42-4100-8dbe-911669dee69b','d0de4506-85c9-470e-8962-143be4145640','bcdc66af-d20f-42e0-8bc2-21fee1c7ec26'),('544c9909-6ca8-4d5e-9894-41a39c28589f',3,8,'34bc6793-4509-4756-a942-b438c0b09949','caebaaac-2a1c-4623-9f6f-177385ba9f6c','563e304f-11d3-4b7b-b5e3-85c45c362e18'),('5450c3c3-ee63-4cbd-8c4e-fec3a48849d9',2,NULL,'b3d362cf-bf31-4826-8056-adfec5fac8a4','3287a41e-23ee-46ae-822d-eb4cc35f8753','f73a2cf1-38a2-4ae6-b4d5-ea3c68f10db5'),('54b09d5c-f6e6-47bc-b70b-817feedcac56',1,11,'46de4538-4bde-47b2-a908-4c7aa66198cd','5dcefba3-3460-4707-aa4a-f3ec9f653a83','bcd17dd0-e430-40b5-954f-9a7289a8bac7'),('55044890-66e2-4ac0-96f7-f843f2cf1fa4',1,10,'02765ce8-c668-4774-a319-c99a04ef59ba','1401e542-06db-4309-8adb-4868b2cad571','18f2bada-2f3c-419e-921c-0fac96324e41'),('551171e1-d4fb-470d-bba2-6e8b98a55485',2,8,'42b3d0e1-81a1-4143-945a-762f24bfeeda','07fe3853-8261-4f31-8a4c-b776c6840a61','494925c2-0147-4381-9b5d-eb1b15622f73'),('554f8a37-31e6-49ed-a000-6ce8c21c697e',1,6,'4d8f2865-164f-42ce-bd0a-c0becd03b425','6cbbcb7d-12bf-4b21-8ae8-8d640af0d5a9','f73a2cf1-38a2-4ae6-b4d5-ea3c68f10db5'),('557aa363-8c3b-42b9-8cb1-b2991e1da3aa',2,7,'15dec003-5456-43ea-a6da-cf981333f6a5','4490d384-78a0-42b3-b884-c367fd5606a8','bcdc66af-d20f-42e0-8bc2-21fee1c7ec26'),('56608401-6229-4596-adb6-d60ed973918f',4,8,'290f18f7-7580-433e-bde2-8f424c5ba464','42478984-e68c-418f-aee4-2a7d24383ad4','31c2bb6a-1161-4981-98ef-ca9d4cc302c6'),('56f6cd5a-b02d-4891-9c20-b57922897643',2,7,'232a10dc-6083-416a-980f-3781d06393d1','074eeee9-5aab-46e9-ad3e-5e403b4e71d9','494925c2-0147-4381-9b5d-eb1b15622f73'),('57132a7a-969d-4c2b-a2d4-8b87174c8bd1',2,8,'c2ab92ea-67c0-4232-ad1d-095b1fdf0be5','13c8bf4b-5656-41dc-af81-993f83998a88','d85f1c3e-8aad-4978-864e-d801bc912668'),('57149fc5-f34e-46cd-a0a2-0662842d1baa',2,NULL,'48991208-3f7e-4821-b37b-ed13839ce3a6','b8431b4a-610b-46ff-84d9-f1f6e789f0da','bcd17dd0-e430-40b5-954f-9a7289a8bac7'),('57a19e6e-474b-4697-b6dc-31b9f8d0a4c5',3,NULL,'e527deb5-3666-4385-a3ef-f3ae959e20ea','28f6560b-4123-4fe4-bfc4-45dc14229b28','494925c2-0147-4381-9b5d-eb1b15622f73'),('57b9c392-3ab5-46dd-80d1-a278960667d4',1,7,'0bef737c-68ef-4f15-81e2-49d0477d7e13','661f60f7-5ab9-4d7d-bfe0-e0fd5b2de27c','f73a2cf1-38a2-4ae6-b4d5-ea3c68f10db5'),('57fd251a-bd58-4185-896f-58459b093c83',1,9,'ce3adffa-6113-48f4-baa2-ade8b4f312bf','4551e1c1-3403-4ad8-9f22-003406c33892','f73a2cf1-38a2-4ae6-b4d5-ea3c68f10db5'),('5819e150-97f8-4573-9d91-5102a2bb71e4',1,NULL,'42b3d0e1-81a1-4143-945a-762f24bfeeda','24ad4f17-d4ee-4928-8012-8ed61aa1eace','494925c2-0147-4381-9b5d-eb1b15622f73'),('58e2f9e2-5abe-44e4-837a-638f5f64b665',1,NULL,'b3d362cf-bf31-4826-8056-adfec5fac8a4','f74183f5-f95a-4f5a-9738-3e5054b3aeda','f73a2cf1-38a2-4ae6-b4d5-ea3c68f10db5'),('58fb5f7b-d880-4605-8195-248f864bba38',3,9,'906b4c5d-123c-428b-a7e2-91c75f731d75','392d0a3f-46bd-4e71-ab0f-171aa1ad3758','f73a2cf1-38a2-4ae6-b4d5-ea3c68f10db5'),('5908056e-b9e8-44d3-a350-e6810ee962b8',4,11,'b8f53693-b499-45ae-99ba-af038f7f0652','b2c836a0-e4bf-4dd4-8ab2-1687e6331be8','f73a2cf1-38a2-4ae6-b4d5-ea3c68f10db5'),('594f2b59-11fc-4511-818f-8865f3090cbe',4,8,'aa452e24-87f9-4533-96de-81112fc5adfc','cb73f24f-9097-48e0-b733-a86e26903fd8','bcd17dd0-e430-40b5-954f-9a7289a8bac7'),('5979f301-6a97-46ea-850e-4a0116f506b1',4,9,'290f18f7-7580-433e-bde2-8f424c5ba464','267c58ab-2fe6-45d7-be33-e540bfad3cb0','31c2bb6a-1161-4981-98ef-ca9d4cc302c6'),('5980a9c1-3cf1-49f1-ab7a-bfd1f15c5a69',2,NULL,'77fc2f5f-4551-484c-9551-e493f4828747','c5a15ef3-5a41-488b-a44e-1c5a59dd7812','bcdc66af-d20f-42e0-8bc2-21fee1c7ec26'),('59b1694f-ac4b-434c-8671-b8998465d436',1,12,'238370d5-306e-4cde-a891-849b365ee683','f4159621-b239-44e2-83bb-9040fbf08e84','bcdc66af-d20f-42e0-8bc2-21fee1c7ec26'),('59d0afe1-b7f3-4eb2-9f1e-3a6e3f07dbc1',4,NULL,'15dec003-5456-43ea-a6da-cf981333f6a5','b5ee3445-4497-4987-8c59-788b0610390c','bcdc66af-d20f-42e0-8bc2-21fee1c7ec26'),('59d6c10d-a7ff-4c5a-a30c-766f5e3f5875',2,12,'b7eebdbf-6687-46b5-877e-db9365f0bd5d','63e5e599-38a6-46b4-9ead-874536fc949e','bcdc66af-d20f-42e0-8bc2-21fee1c7ec26'),('5a26ee20-4321-4383-870a-eac9a62b8ca4',4,NULL,'7165b480-0080-43a9-9b2c-a5b0b0d50b6f','159eeae0-46ad-4798-b679-caeb0b72fdba','bcdc66af-d20f-42e0-8bc2-21fee1c7ec26'),('5a4eefbc-86e9-4f90-a7ff-0cff4552d31e',3,13,'6b749139-d000-47d8-8e8b-870e5bf1a50a','d2337ac2-c7b1-4ad5-bcec-2dd7cb60fe86','56120e9c-2047-45a3-a9dd-fc68366f6e13'),('5a75729d-dd95-4dc6-8217-f8cdc956bb14',4,6,'4e5b253e-b168-42e9-b8df-420fb7603f1c','0f69f73c-fb2c-4218-bf53-3b5ec846adae','d85f1c3e-8aad-4978-864e-d801bc912668'),('5ad6a7de-0a3a-43de-a07a-4e46cda46c22',4,5,'e88afa70-b261-4c26-8191-6244d33572ca','3c848d70-ca59-4866-a3c9-6050c55d2a7b','494925c2-0147-4381-9b5d-eb1b15622f73'),('5b1f2cbc-fe53-4f1e-8c99-c25656f9feb7',2,NULL,'7c5d0ced-829c-452e-b55f-816276ac1dab','5ee9ff0d-4d4e-4280-913c-84a2ddfbbda3','563e304f-11d3-4b7b-b5e3-85c45c362e18'),('5b4fdde9-dcef-418f-a4ea-03d6b9fe2815',4,11,'4d8f2865-164f-42ce-bd0a-c0becd03b425','a49a4acb-d01a-443e-b957-3754dfc81694','f73a2cf1-38a2-4ae6-b4d5-ea3c68f10db5'),('5b8a37ce-9241-4852-8ae0-681880a0cfef',4,NULL,'d9e2a41f-6f60-4ec0-a45a-9595cc725536','9f06f05b-214e-4d06-9dfc-5b4bb8b0e80c','7d5d6490-bb57-4a6d-a268-92c6d0fc6d43'),('5be4b385-813d-4567-b724-35c375acbe91',3,11,'8fa9c10a-9a9a-4c75-bdd7-cc95d9591850','893c5cbe-3df6-4458-bcba-1361826acff4','7c847407-d519-479c-99bd-b57d01a98670'),('5c2fe873-f597-4605-96c9-2c7a74aba89d',1,14,'15dec003-5456-43ea-a6da-cf981333f6a5','3287a41e-23ee-46ae-822d-eb4cc35f8753','bcdc66af-d20f-42e0-8bc2-21fee1c7ec26'),('5c871423-850b-4c54-9bc8-9e5da65b9150',3,7,'ca12ce09-d714-44dd-82c1-89dc2de5e9c1','8e074221-52f9-4ed7-99b7-1d30b111755b','bcdc66af-d20f-42e0-8bc2-21fee1c7ec26'),('5cc08332-08bc-4048-9e7f-5f3968f919c0',2,6,'ce3adffa-6113-48f4-baa2-ade8b4f312bf','9f06f05b-214e-4d06-9dfc-5b4bb8b0e80c','f73a2cf1-38a2-4ae6-b4d5-ea3c68f10db5'),('5ccfeb47-475a-4612-8b7a-89d9ebe36105',3,14,'b4ca3969-1344-441a-8951-f922588ec2ce','0649271b-e024-4e6a-83a2-2a92a019f2f6','7dc39f94-11cf-46fa-b7fb-6c18b2df12ab'),('5cfe1c26-b16c-4706-acf7-8a2c7a071ecb',1,NULL,'ab8ddaf2-7cdd-4287-85b8-9470ba8a4f42','caebaaac-2a1c-4623-9f6f-177385ba9f6c','7d5d6490-bb57-4a6d-a268-92c6d0fc6d43'),('5d44f0d8-f7db-47b4-82d2-fae133efd14c',4,12,'ca12ce09-d714-44dd-82c1-89dc2de5e9c1','d2337ac2-c7b1-4ad5-bcec-2dd7cb60fe86','bcdc66af-d20f-42e0-8bc2-21fee1c7ec26'),('5da0b4b6-d9e2-4ef4-9295-8c5df589f7dc',1,7,'f76b4c40-3f06-4638-8053-5f1d96517fe7','bd39df4b-917d-4ab3-9676-0d947172fa2b','bcdc66af-d20f-42e0-8bc2-21fee1c7ec26'),('5ddbea21-3ce7-4279-8b57-0472bae770d8',3,7,'6408be34-d9f2-45ff-81cf-9c9f97ff16b1','5e4ac305-c8f7-4b83-bc4e-4b9efea1deb3','7d5d6490-bb57-4a6d-a268-92c6d0fc6d43'),('5e58afb8-3153-4e41-8812-e664ff69573b',1,7,'dbed4a03-ecb7-4f4d-918a-8c65af3e8968','9c9e53f8-2487-4605-915f-e1525464f581','494925c2-0147-4381-9b5d-eb1b15622f73'),('5eb75865-0fc9-48ba-a1d4-75bc38003eb9',3,NULL,'b908ec91-2033-45fd-9eb7-38fc5faed190','f00616c7-c061-4662-b96d-b572dcd70daf','f73a2cf1-38a2-4ae6-b4d5-ea3c68f10db5'),('5ede6363-e810-4fb8-bb2c-8f79073b9f35',2,NULL,'96ab08e8-30b2-4252-afac-8192840aa7fa','82cfe886-8c2f-4de0-a487-185a6fe4524f','bcdc66af-d20f-42e0-8bc2-21fee1c7ec26'),('5f31c21f-9648-4e4b-9660-1c46708cc979',4,8,'24c080bf-53e1-45b7-aea8-5bc2bbaa3e64','b8431b4a-610b-46ff-84d9-f1f6e789f0da','494925c2-0147-4381-9b5d-eb1b15622f73'),('5f3a4f19-d9f1-4d10-9665-63596352f7bd',1,6,'262c225b-e217-491d-ad55-a604036f0893','2c250a82-c806-4f94-95e1-942e6d773667','7d5d6490-bb57-4a6d-a268-92c6d0fc6d43'),('5f9fe6e5-f7ee-4c4c-af8a-171e24265cc7',3,7,'d166c651-2f14-4c54-a28d-bcb6990f8772','89dc81a4-9213-45d2-a3a2-5aebfc6d9fdd','f73a2cf1-38a2-4ae6-b4d5-ea3c68f10db5'),('60a396b6-52d2-44cb-9da5-8d048262807b',1,11,'e8c4d1cd-1942-48a6-8753-d0a4ddb11eed','e5802fe0-ed1e-4e96-b72f-1db54d9e0718','bcd17dd0-e430-40b5-954f-9a7289a8bac7'),('60beca76-ef1d-4079-8949-60389696cea5',1,NULL,'8ad26608-ed95-4b9e-ab80-e8b2b1a5ed11','e083001f-09fe-4bfd-a12c-5b8487be9e67','bcdc66af-d20f-42e0-8bc2-21fee1c7ec26'),('6102144a-8f2e-44b4-be1f-b77f335e3419',3,7,'cf2838e6-2cde-46aa-af42-847283c3a3e3','c5a15ef3-5a41-488b-a44e-1c5a59dd7812','18f2bada-2f3c-419e-921c-0fac96324e41'),('61086d0d-ac9f-49f3-9f1e-66c73e602ba5',3,8,'a3ac0239-2fce-4b85-a250-deec075f1342','70eaf108-8ebe-48c3-a948-7113d120a2e6','7c847407-d519-479c-99bd-b57d01a98670'),('61bfc74f-5a88-4952-9425-b41d002b5889',4,NULL,'a77d6052-a2fa-455e-9091-b495afab210c','d6277b28-9cd8-4d11-a1ac-aaf88b200946','f73a2cf1-38a2-4ae6-b4d5-ea3c68f10db5'),('61cffb42-036e-4b94-b5e0-5c7f1ed0404b',1,8,'f7547774-5f5a-4ffe-ab70-c63e31f81fa5','f28610b6-f1b6-4efa-ab11-175f60e5df64','d85f1c3e-8aad-4978-864e-d801bc912668'),('620a3271-b786-4e51-8a07-aa4ab357cb91',1,NULL,'66c75202-6a2b-45cc-b4d4-08585053e0ef','e0568032-5641-49f5-bcca-a3188216cc82','bcdc66af-d20f-42e0-8bc2-21fee1c7ec26'),('620ad305-2b9c-4be8-b1cd-acde2b3256e5',3,6,'b7eebdbf-6687-46b5-877e-db9365f0bd5d','316663b5-a610-409b-a276-5ccb9b7e2315','bcdc66af-d20f-42e0-8bc2-21fee1c7ec26'),('62220539-d8de-4151-a8cb-7751ac830963',3,NULL,'d9e2a41f-6f60-4ec0-a45a-9595cc725536','70ad315b-f595-4230-a76f-d56009c99815','7d5d6490-bb57-4a6d-a268-92c6d0fc6d43'),('625512b5-1aee-483c-8b83-cac2440bfd1a',1,6,'906b4c5d-123c-428b-a7e2-91c75f731d75','dc1fc92d-e1e8-49ab-b439-5235e724fc84','f73a2cf1-38a2-4ae6-b4d5-ea3c68f10db5'),('630ccdc0-cb05-4058-a7ef-3a36e13af05e',1,7,'717cfe45-350c-4e4e-8f7a-91f6e798c3fb','1b5e09ee-691b-433c-a62e-3b1fc8103e7b','77b48305-eb0e-4fbb-bf35-db3a086dfac2'),('63191b4f-0b96-44ca-a113-7bc8c3c26b43',3,7,'b3d362cf-bf31-4826-8056-adfec5fac8a4','65fe1346-3dab-44ed-a835-75a11472a87c','f73a2cf1-38a2-4ae6-b4d5-ea3c68f10db5'),('634ecf83-d62a-4d12-8845-7ed768aa2e44',4,NULL,'69393a02-7e5c-499f-8005-108740dee92f','2a557f47-2907-46e0-ac00-5d1c4f249214','bcdc66af-d20f-42e0-8bc2-21fee1c7ec26'),('6386b6a2-73d7-4e78-85f3-76a352044127',4,11,'7a52ab2f-ef0e-49df-9bee-d60076950b72','9badbe22-577f-443b-a52a-e4e968ae6859','18f2bada-2f3c-419e-921c-0fac96324e41'),('639887e3-4b3c-43e4-91d0-462004ad4099',4,NULL,'15dec003-5456-43ea-a6da-cf981333f6a5','2910eaa1-db01-4f12-b193-b936b18be4d7','bcdc66af-d20f-42e0-8bc2-21fee1c7ec26'),('63c958aa-4338-4d29-b42b-fc7d3a52121c',2,8,'2948fbf6-d2d2-4fa2-a2e4-2f1354aa16f3','24ad4f17-d4ee-4928-8012-8ed61aa1eace','f73a2cf1-38a2-4ae6-b4d5-ea3c68f10db5'),('63e0fff3-9158-4eb4-be1d-317ab4049d78',4,9,'442a348e-0a25-460e-9b1f-0804fb716f93','4b22cc3c-bb52-49fc-975d-03c30d69513e','bcdc66af-d20f-42e0-8bc2-21fee1c7ec26'),('64a21724-ded8-4bee-8467-995594a95f0f',1,11,'7f330a3d-caff-41cb-9233-a1751e4819ac','8bf0544f-169b-49bd-b1df-e89163e2c220','b66ca294-dea8-4ebd-bbec-3452a1dd66de'),('657ba614-0531-4f2e-ba82-892f58ea45c2',4,8,'6ee2997d-28f2-491f-96db-77a30eee335d','c77386c5-2394-4f3c-a8c5-890afccc2e6a','7d5d6490-bb57-4a6d-a268-92c6d0fc6d43'),('65fb08a4-1554-41f8-a8e0-506b1fc7eac3',4,11,'77fc2f5f-4551-484c-9551-e493f4828747','ca60e20a-15f0-4be2-86b4-8cffaeb212d1','bcdc66af-d20f-42e0-8bc2-21fee1c7ec26'),('66432ccb-864d-409e-a07c-229a1e095139',4,7,'a77d6052-a2fa-455e-9091-b495afab210c','ca2c495b-176f-44cf-b9ae-69d92d6b153f','f73a2cf1-38a2-4ae6-b4d5-ea3c68f10db5'),('6670d8fd-8d1a-4792-a8e6-f99cc7d2a567',1,8,'f76b4c40-3f06-4638-8053-5f1d96517fe7','f21e15e5-6eef-4df8-865d-0fc931d04e1b','bcdc66af-d20f-42e0-8bc2-21fee1c7ec26'),('6672fb68-037e-400f-bb42-b526fae5d69e',4,6,'0bef737c-68ef-4f15-81e2-49d0477d7e13','1d421e68-5f02-4c25-9ed9-e44f9a366905','f73a2cf1-38a2-4ae6-b4d5-ea3c68f10db5'),('66b03094-5c22-4241-b208-d1981be039d7',1,NULL,'a77d6052-a2fa-455e-9091-b495afab210c','262d050a-4ce3-4fa3-b8d9-34137450c7a7','f73a2cf1-38a2-4ae6-b4d5-ea3c68f10db5'),('670368e4-e95d-4c61-9ca6-76a0edbd95e4',2,NULL,'f7547774-5f5a-4ffe-ab70-c63e31f81fa5','b8589a34-bbf8-47de-99fe-16d5c8259cf5','d85f1c3e-8aad-4978-864e-d801bc912668'),('67177eba-521e-4feb-9fb5-b30dcd37d44f',1,NULL,'649594d5-e479-4984-9c7b-36caf7a81fa6','99ed0ba4-4f57-4589-bcda-90c4648e4ecb','494925c2-0147-4381-9b5d-eb1b15622f73'),('67c1a4d5-fa1c-4b45-bcd2-d3c6a9ad13c7',4,10,'b3d362cf-bf31-4826-8056-adfec5fac8a4','c9924d51-69e4-4ad8-8d2c-491f5b039fbb','f73a2cf1-38a2-4ae6-b4d5-ea3c68f10db5'),('67dcd7da-eb86-4029-9b37-23007fd23710',4,10,'ce3adffa-6113-48f4-baa2-ade8b4f312bf','1401e542-06db-4309-8adb-4868b2cad571','f73a2cf1-38a2-4ae6-b4d5-ea3c68f10db5'),('67e1c5d4-c423-4d7b-a14a-4ee449bd915c',3,12,'b6b1cfef-78e4-4fff-a30a-15bad0280f2b','b8589a34-bbf8-47de-99fe-16d5c8259cf5','18f2bada-2f3c-419e-921c-0fac96324e41'),('682915fa-7192-47ad-9d48-e5195f357580',3,8,'48991208-3f7e-4821-b37b-ed13839ce3a6','07fe3853-8261-4f31-8a4c-b776c6840a61','bcd17dd0-e430-40b5-954f-9a7289a8bac7'),('684dcf14-a2e5-4cba-aedd-ef84afff2303',3,10,'442a348e-0a25-460e-9b1f-0804fb716f93','0f334929-595b-430a-bb32-5f7366e50466','bcdc66af-d20f-42e0-8bc2-21fee1c7ec26'),('6881b47b-47a7-40cd-8080-0dcccb8e1bb5',2,NULL,'77fc2f5f-4551-484c-9551-e493f4828747','68e726a3-089a-4cee-a768-a972178c6e22','bcdc66af-d20f-42e0-8bc2-21fee1c7ec26'),('68998433-d196-46de-a43d-b364b1daf541',4,7,'57089664-376e-4172-898f-735ad6ab0e04','35a93605-3f7d-4c32-9881-3627c21fa7ea','7d5d6490-bb57-4a6d-a268-92c6d0fc6d43'),('68e39b8d-637e-4939-b5bc-e06e6d519d87',1,8,'38265ce2-f73d-4d47-bac2-59dd855e3c06','4093f31c-6122-4f82-bd5d-40140ffc585b','be1d79dd-b907-4fcc-8ead-1bd50eb01571'),('68ecff1f-306e-4463-ae34-185abac24c32',3,NULL,'0bef737c-68ef-4f15-81e2-49d0477d7e13','a7149a37-0014-45fc-a81f-264c1ed93503','f73a2cf1-38a2-4ae6-b4d5-ea3c68f10db5'),('692494ae-ed33-40d3-83b6-17c42e60da5a',4,9,'de371ab6-9405-44c3-ad46-283a8d2ef61c','726dc4ad-1a5d-49c3-aead-244d164796c7','f73a2cf1-38a2-4ae6-b4d5-ea3c68f10db5'),('69281107-81e6-4e6e-a518-c2dd61b60b07',3,NULL,'7c5959a5-8f85-4129-ae6a-0ee107aa0d22','96b55efb-9da0-4b1c-8598-4260797ca992','7c847407-d519-479c-99bd-b57d01a98670'),('69b3f85c-e858-49bc-b1eb-d1d6567e95ad',4,7,'d166c651-2f14-4c54-a28d-bcb6990f8772','c5a15ef3-5a41-488b-a44e-1c5a59dd7812','f73a2cf1-38a2-4ae6-b4d5-ea3c68f10db5'),('69c6ca01-f6d1-48ab-9c90-4f291093efb0',3,11,'442a348e-0a25-460e-9b1f-0804fb716f93','46153da3-8539-40ef-9b32-ff7e02c6aaaf','bcdc66af-d20f-42e0-8bc2-21fee1c7ec26'),('69c7a873-4e9b-441f-8dc7-7987e71a8394',2,7,'39c6e3f8-706a-4599-9119-39d0f2cf9c7f','46dab3ef-9a4d-40ea-98c1-a6304b8cda10','31c2bb6a-1161-4981-98ef-ca9d4cc302c6'),('69ce6d56-a3bd-4b7f-b804-73ba2f625ea8',4,12,'48991208-3f7e-4821-b37b-ed13839ce3a6','11e45865-09b3-4c32-aafe-18caaaed35cb','bcd17dd0-e430-40b5-954f-9a7289a8bac7'),('6a64250f-2b86-401b-a583-48668f65b3dd',4,11,'b1258ee1-fd42-4100-8dbe-911669dee69b','8d02c22e-9a52-4d6f-9fc2-738873790654','bcdc66af-d20f-42e0-8bc2-21fee1c7ec26'),('6abe9c5f-ffe1-4b61-b84f-7af2e20eb404',3,NULL,'7165b480-0080-43a9-9b2c-a5b0b0d50b6f','3ad1c79b-ad9e-490d-8954-8ac69fe45e4c','bcdc66af-d20f-42e0-8bc2-21fee1c7ec26'),('6aed0f7a-1aa4-4514-88d5-ae9cbd40ab7e',4,8,'79da1fb8-b343-4c91-a564-bdfc9952cabc','391fe186-fbcb-4419-8f1f-9d16de14cf92','d44edcf1-8e22-428f-895a-fa2c0925dfc2'),('6aeee813-b175-4998-8065-08ffca9d4870',4,9,'906b4c5d-123c-428b-a7e2-91c75f731d75','8f4cf8e7-0b0f-42a7-8f06-1eac617c423f','f73a2cf1-38a2-4ae6-b4d5-ea3c68f10db5'),('6b45bdca-4022-4049-b628-ace94f069172',1,11,'7165b480-0080-43a9-9b2c-a5b0b0d50b6f','afce1573-0548-452f-833b-c01cac8f6432','bcdc66af-d20f-42e0-8bc2-21fee1c7ec26'),('6bc070af-403d-4611-8bdb-f8c52af1bd38',4,8,'8ad26608-ed95-4b9e-ab80-e8b2b1a5ed11','e18a82c3-066e-4331-bdea-28def62e31ac','bcdc66af-d20f-42e0-8bc2-21fee1c7ec26'),('6c337bba-2fb8-4edb-a693-74edee39ddcc',1,8,'dbed4a03-ecb7-4f4d-918a-8c65af3e8968','cb69f758-7524-4e2c-9e24-a3162ec65626','494925c2-0147-4381-9b5d-eb1b15622f73'),('6c430cbf-4369-4560-a932-c6dca8a85f4f',4,12,'258758eb-a829-4b20-8939-3f6bf8593326','1a6d0aaa-0ea6-486f-9ba8-da981fddbc1a','494925c2-0147-4381-9b5d-eb1b15622f73'),('6cdc639c-927b-40f9-838d-db3ae65c1457',3,11,'de371ab6-9405-44c3-ad46-283a8d2ef61c','a8b5a939-8e4e-465d-8be5-220dd9b2303a','f73a2cf1-38a2-4ae6-b4d5-ea3c68f10db5'),('6d3dcbc7-d7a1-4982-a9e0-9d5d784973a6',3,7,'85014cca-001f-438b-932f-25edf4f8b507','e2bd56ab-2765-48ec-b975-7b87e2f43428','7d5d6490-bb57-4a6d-a268-92c6d0fc6d43'),('6d4a0a49-a9d9-49f0-b37f-fd627ab6382d',2,7,'77fc2f5f-4551-484c-9551-e493f4828747','75201f30-8d50-48d6-838c-caede37ae2e5','bcdc66af-d20f-42e0-8bc2-21fee1c7ec26'),('6e3f956f-4e82-4e3b-ac28-64b2dbdfc603',4,9,'8ad26608-ed95-4b9e-ab80-e8b2b1a5ed11','d0eb425a-682f-4bd4-807e-82d064ad9364','bcdc66af-d20f-42e0-8bc2-21fee1c7ec26'),('6e45c65b-e17f-461d-99c2-8a27a3a8475c',1,NULL,'d56c2f91-c1d8-4863-9c55-c441632a2b38','18ec56ff-d16b-4bf6-874a-bd4e41dc6148','bcd17dd0-e430-40b5-954f-9a7289a8bac7'),('6e690bea-95a3-45d8-b2d7-83136be70903',1,9,'b3d362cf-bf31-4826-8056-adfec5fac8a4','65a8c206-ebaf-451b-b733-184c41bd2b67','f73a2cf1-38a2-4ae6-b4d5-ea3c68f10db5'),('6eeaf69b-9afc-40b8-bbf2-f7f69bd5f9d5',1,9,'8ad26608-ed95-4b9e-ab80-e8b2b1a5ed11','f5b33d63-65ac-4f2b-a673-bd8d8ff04569','bcdc66af-d20f-42e0-8bc2-21fee1c7ec26'),('6eebdf22-4f65-4e78-ae9f-6e64cd2da3ca',1,6,'2763b3f9-089a-44bf-b3f6-9b47fef0e0eb','36c6c1ff-562d-4ad7-b894-6019142bfebd','31c2bb6a-1161-4981-98ef-ca9d4cc302c6'),('6f634a48-7d7a-48ee-80fd-4245a5e23680',4,NULL,'15dec003-5456-43ea-a6da-cf981333f6a5','074eeee9-5aab-46e9-ad3e-5e403b4e71d9','bcdc66af-d20f-42e0-8bc2-21fee1c7ec26'),('6f83d587-7e92-4acb-bcb6-616ced0907e8',2,NULL,'8eb54151-0939-43e5-a433-defea8048355','8f4cf8e7-0b0f-42a7-8f06-1eac617c423f','494925c2-0147-4381-9b5d-eb1b15622f73'),('6f927d90-2dbf-4cec-8856-53c7e4e1aa73',4,10,'8fa9c10a-9a9a-4c75-bdd7-cc95d9591850','f0d079ed-2710-482c-9846-26ab04fea8b2','7c847407-d519-479c-99bd-b57d01a98670'),('7011b946-c014-4fdd-8049-3a2fc9a7ace8',3,16,'59f538d7-3159-41bf-884a-49010663c67a','b84efa39-b4a2-4668-8ea0-807b717c5581','7c847407-d519-479c-99bd-b57d01a98670'),('704e81d7-1aa6-44d0-956f-4daafeef33e2',2,8,'ce3adffa-6113-48f4-baa2-ade8b4f312bf','4093f31c-6122-4f82-bd5d-40140ffc585b','f73a2cf1-38a2-4ae6-b4d5-ea3c68f10db5'),('706e8258-60d3-41b8-b4b8-43eafd6ba920',1,7,'8eb54151-0939-43e5-a433-defea8048355','8e074221-52f9-4ed7-99b7-1d30b111755b','494925c2-0147-4381-9b5d-eb1b15622f73'),('70772ae4-2bd7-4fae-af79-6652f30c20f7',4,8,'cf9a7ad7-abae-4b90-9496-26c882024bef','d0de4506-85c9-470e-8962-143be4145640','d85f1c3e-8aad-4978-864e-d801bc912668'),('708cef6d-de3a-4cae-a1f9-36ea0eba0326',2,10,'badbc1cf-ac60-4c25-9210-3bdd8caddca4','7ebd627e-19f0-4ec5-b0f7-c9dcb892a771','494925c2-0147-4381-9b5d-eb1b15622f73'),('70a18ffd-9eae-43e8-8ceb-986d74bb4ae0',1,9,'69393a02-7e5c-499f-8005-108740dee92f','b0947f69-f401-42b0-93d6-951dab5c6e84','bcdc66af-d20f-42e0-8bc2-21fee1c7ec26'),('714f48da-81a1-4927-8ca4-1bc68c66d602',4,4,'77fc2f5f-4551-484c-9551-e493f4828747','8ee9183f-4d5b-40fe-968e-ecde824482d0','bcdc66af-d20f-42e0-8bc2-21fee1c7ec26'),('71568d87-7ab8-483c-90d7-fe39403efdb4',2,7,'c7c1919f-83e3-4477-b40a-afbc61d34c7e','65fe1346-3dab-44ed-a835-75a11472a87c','494925c2-0147-4381-9b5d-eb1b15622f73'),('71ae2e51-3381-432b-af58-9be673d02a21',4,6,'8ad26608-ed95-4b9e-ab80-e8b2b1a5ed11','515f21dc-c3b5-4271-9121-ff9b8177592b','bcdc66af-d20f-42e0-8bc2-21fee1c7ec26'),('71ff0972-5cbe-4c91-ab23-ac2f968fc43f',2,10,'7a52ab2f-ef0e-49df-9bee-d60076950b72','8a83c44d-7540-49c5-bc90-5809b1edfc26','18f2bada-2f3c-419e-921c-0fac96324e41'),('72076ae5-11a2-4493-8634-94ad5130e449',2,6,'7b7c673f-413c-4e3e-ae12-449a2aa56d31','1b5e09ee-691b-433c-a62e-3b1fc8103e7b','7dc39f94-11cf-46fa-b7fb-6c18b2df12ab'),('721aff70-8d9d-4dc6-b450-b90644ed7d3b',1,NULL,'b1258ee1-fd42-4100-8dbe-911669dee69b','e00c28fd-aaf6-43a7-87ad-15dc61f93cec','bcdc66af-d20f-42e0-8bc2-21fee1c7ec26'),('724425d8-276c-4c18-b96c-1a2933a63129',3,10,'ce3adffa-6113-48f4-baa2-ade8b4f312bf','8b352d29-2153-4c61-a74e-f359c1d2828d','f73a2cf1-38a2-4ae6-b4d5-ea3c68f10db5'),('72990a76-664f-4d9f-8189-ed775243db31',1,6,'2948fbf6-d2d2-4fa2-a2e4-2f1354aa16f3','60ac7628-bae3-40c6-9f9e-f9994a2eae8c','f73a2cf1-38a2-4ae6-b4d5-ea3c68f10db5'),('7307f2db-6864-499b-9af4-7ac468f5b5e0',2,NULL,'b008d2cb-fd63-4530-bab9-e4944bfae79f','fd0a1582-ef87-4a4c-9530-7dfa8f6237f5','18f2bada-2f3c-419e-921c-0fac96324e41'),('732eb91b-707b-41a1-967f-06714ee2d758',3,7,'b068dd04-c755-4ed8-ba47-e9ce6a1bf9fc','8bf2ac32-8c8f-49f4-93e3-f04e06331fb8','f73a2cf1-38a2-4ae6-b4d5-ea3c68f10db5'),('734cc01e-a0f1-4959-b0e2-afb0073744c0',2,8,'f7ce0b25-a6ad-4a49-9f29-8b87080d8221','c2e24f65-635e-4991-8389-90d7f4426ca9','e8d9d866-ad37-4e72-855a-0adcb829a5c4'),('73742a21-8e7e-4aff-9bb0-b9fc2875ca72',1,7,'05b50a91-3f44-4e95-a4e8-f2c03f488966','46dab3ef-9a4d-40ea-98c1-a6304b8cda10','494925c2-0147-4381-9b5d-eb1b15622f73'),('73924de7-45c3-4d72-aa4c-52ee5b481ad9',1,12,'7165b480-0080-43a9-9b2c-a5b0b0d50b6f','a8b5a939-8e4e-465d-8be5-220dd9b2303a','bcdc66af-d20f-42e0-8bc2-21fee1c7ec26'),('739504fd-9d13-49d1-81d5-162c6874e7e9',3,9,'6ee2997d-28f2-491f-96db-77a30eee335d','fd716105-e2e7-450b-b36b-9c583af97775','7d5d6490-bb57-4a6d-a268-92c6d0fc6d43'),('73e1b86b-37bc-41e0-ba33-971d96599760',1,6,'4a1ada01-bf81-459a-b04b-de1f3e9c8627','1d421e68-5f02-4c25-9ed9-e44f9a366905','494925c2-0147-4381-9b5d-eb1b15622f73'),('73ef8798-af35-47b0-a960-f7a9aa250545',2,7,'8409dc18-df07-45ec-b0b4-2643cf1b6905','7bfbd046-9ea4-44fb-85d3-d12653d7d4a1','494925c2-0147-4381-9b5d-eb1b15622f73'),('7411acba-a20a-4e6e-bdaa-fa539ea162fa',3,7,'55966c99-36e5-48a1-855c-227d114223b3','55746c92-45c2-47b6-a184-ee7b4b6f762c','f73a2cf1-38a2-4ae6-b4d5-ea3c68f10db5'),('744a13eb-a1f3-47dc-9456-961bfe590138',1,NULL,'b068dd04-c755-4ed8-ba47-e9ce6a1bf9fc','2914ca56-f25a-48ac-9102-c314ac7576e7','f73a2cf1-38a2-4ae6-b4d5-ea3c68f10db5'),('749ca8f4-3645-43e6-8cf9-8e7b09ebd155',3,8,'4e5b253e-b168-42e9-b8df-420fb7603f1c','d123da58-b45f-4ffb-b277-98c419c895a2','d85f1c3e-8aad-4978-864e-d801bc912668'),('74a5ed08-15a4-4d3f-9e1d-a533aed968be',2,NULL,'ab8ddaf2-7cdd-4287-85b8-9470ba8a4f42','1401e542-06db-4309-8adb-4868b2cad571','7d5d6490-bb57-4a6d-a268-92c6d0fc6d43'),('74bdf440-7f16-4e02-9a9e-14897b27a735',1,7,'abe30b6a-a079-453d-a23f-2e3416afdc76','1f3e1099-c1bc-4145-aee1-67a21f488f01','7d5d6490-bb57-4a6d-a268-92c6d0fc6d43'),('74c0c25e-8ebb-4e5a-aa8b-1d769e1beb5e',4,7,'69393a02-7e5c-499f-8005-108740dee92f','1b5e09ee-691b-433c-a62e-3b1fc8103e7b','bcdc66af-d20f-42e0-8bc2-21fee1c7ec26'),('75265dc3-8662-4cfb-858b-29baeefc74d0',1,12,'85014cca-001f-438b-932f-25edf4f8b507','934079b6-286a-43c2-9087-724a36eee6d5','7d5d6490-bb57-4a6d-a268-92c6d0fc6d43'),('76038036-aadc-4640-9a41-1ceb5a81822a',4,7,'15dec003-5456-43ea-a6da-cf981333f6a5','65fe1346-3dab-44ed-a835-75a11472a87c','bcdc66af-d20f-42e0-8bc2-21fee1c7ec26'),('763c9b7c-e5a5-4d79-85f9-52686c5ad248',2,11,'64643a32-3b11-4d3c-9746-1f9d6edab87e','162cb95b-accf-4ed8-a25c-833db7546804','f73a2cf1-38a2-4ae6-b4d5-ea3c68f10db5'),('7651532c-59dc-4d4a-a7f1-d33c9c8904f0',3,11,'8ad26608-ed95-4b9e-ab80-e8b2b1a5ed11','7692248d-5d16-4e16-8686-cdee99b24d8c','bcdc66af-d20f-42e0-8bc2-21fee1c7ec26'),('76957b2e-660e-4bdc-9faf-bd75f47feb0e',2,5,'66c75202-6a2b-45cc-b4d4-08585053e0ef','9e3abc15-006e-433a-8c21-140e5d87ab03','bcdc66af-d20f-42e0-8bc2-21fee1c7ec26'),('76f8cf3c-6329-433a-ae00-442f81c233e1',4,10,'f85e81b1-e5b8-4d04-9d82-0b593c39fdf3','e31db551-5a83-4ab7-8321-5106a214b604','18f2bada-2f3c-419e-921c-0fac96324e41'),('77a0c3bc-95ae-4349-974b-5178eba040da',1,7,'42ab3833-5779-48f4-bff2-1767499f8145','d66b35b6-67ec-403c-9661-1e53cf30130b','3f4eff16-5caf-45aa-aa83-53bc860668ca'),('77fd4f05-e23f-4cc0-aa1f-68cfadc3bb15',3,9,'96ab08e8-30b2-4252-afac-8192840aa7fa','5f7ba1b5-350d-4fd6-ac52-ea7e23fcd5c8','bcdc66af-d20f-42e0-8bc2-21fee1c7ec26'),('781b7365-007d-43df-a5ea-6a86c4d5c44f',1,8,'c1c7dc9b-4223-4172-a82f-1fe434305cf8','07fe3853-8261-4f31-8a4c-b776c6840a61','f73a2cf1-38a2-4ae6-b4d5-ea3c68f10db5'),('7872efe2-cf59-47fa-ba8b-c05345505d13',2,NULL,'a77d6052-a2fa-455e-9091-b495afab210c','0306af1a-2006-4fc1-a678-9e1d300e6ed1','f73a2cf1-38a2-4ae6-b4d5-ea3c68f10db5'),('789f6cdc-dc38-43b5-bc0f-2e3d047764e5',4,7,'69393a02-7e5c-499f-8005-108740dee92f','0306af1a-2006-4fc1-a678-9e1d300e6ed1','bcdc66af-d20f-42e0-8bc2-21fee1c7ec26'),('7934be77-d6df-413c-95f8-e23ca9f536ef',3,11,'68dc4c0e-23fa-4a40-9603-5d2cfb5c8177','5dcefba3-3460-4707-aa4a-f3ec9f653a83','494925c2-0147-4381-9b5d-eb1b15622f73'),('79417f97-9940-4a30-98b3-2563ad2551e0',1,NULL,'e464e664-b784-4cce-b74b-74e54a7ce34a','526f7687-e572-4276-8044-ebb83169890d','56120e9c-2047-45a3-a9dd-fc68366f6e13'),('7968f086-1f6f-4bc4-a9ee-796fac489d34',4,NULL,'55966c99-36e5-48a1-855c-227d114223b3','5dcefba3-3460-4707-aa4a-f3ec9f653a83','f73a2cf1-38a2-4ae6-b4d5-ea3c68f10db5'),('7990d9d5-fc10-4719-b101-ce709629f675',2,8,'7a4d4c3c-a348-4159-94fe-a137bb3c9137','cb69f758-7524-4e2c-9e24-a3162ec65626','7c847407-d519-479c-99bd-b57d01a98670'),('7a07f2b2-264a-4788-9bfe-0b86a39b3b1e',2,5,'906b4c5d-123c-428b-a7e2-91c75f731d75','8ee9183f-4d5b-40fe-968e-ecde824482d0','f73a2cf1-38a2-4ae6-b4d5-ea3c68f10db5'),('7a91ce2c-ed43-497e-95df-289f4a91ecff',3,4,'dbed4a03-ecb7-4f4d-918a-8c65af3e8968','267c58ab-2fe6-45d7-be33-e540bfad3cb0','494925c2-0147-4381-9b5d-eb1b15622f73'),('7ad106e2-2fc6-4bd2-bc33-fe1cd210cf50',3,8,'fc4036f2-e8b9-412a-a393-365916e8feed','13c8bf4b-5656-41dc-af81-993f83998a88','9646368a-8b1a-4f69-8744-cb947bbb590c'),('7adcf115-6ba6-492b-8602-40f8b428b6f1',3,11,'1bec9088-c8a0-47e7-922a-1051b6fac8cc','f4ffc17c-16eb-4644-8461-7ccbad0770a0','9f16663c-f653-471a-8bb3-b4eb26524b67'),('7b47fbbd-ce9c-4543-8d6b-5d401bfb84fe',4,NULL,'f52e8e9d-cb1e-45fe-bd4b-8f95dc217e6c','28c2ae2e-33e3-44df-a1bf-7bdf13e421a8','7c847407-d519-479c-99bd-b57d01a98670'),('7b523886-c888-4104-b94b-a22208188634',4,8,'ab71cf77-6266-437b-8209-96c43fce1ae2','d123da58-b45f-4ffb-b277-98c419c895a2','18f2bada-2f3c-419e-921c-0fac96324e41'),('7ba6e034-bfe2-452a-bc4e-d02196dd9f35',2,7,'b1258ee1-fd42-4100-8dbe-911669dee69b','f4e82690-9dd5-4db9-93ee-3f69da9e49d8','bcdc66af-d20f-42e0-8bc2-21fee1c7ec26'),('7bd1894b-3887-4f77-867d-77dadafe3238',1,NULL,'643b247e-c4e5-4f39-8c23-ca9b673aba0d','9185bdcd-5c1f-46dd-9db2-614c8f8ec940','494925c2-0147-4381-9b5d-eb1b15622f73'),('7c7dffcc-1c5a-4788-a245-c556a4d38159',2,7,'0c492525-2e36-423b-a471-ff0c41a96283','24974fa0-0ae7-4ed2-8d18-89ee4b381a89','7d5d6490-bb57-4a6d-a268-92c6d0fc6d43'),('7c941f65-645b-45e3-8473-0969fb0b9c03',2,7,'05b50a91-3f44-4e95-a4e8-f2c03f488966','262d050a-4ce3-4fa3-b8d9-34137450c7a7','494925c2-0147-4381-9b5d-eb1b15622f73'),('7c974709-3efd-474e-87b7-18aa5a1ea1d5',3,12,'f85e81b1-e5b8-4d04-9d82-0b593c39fdf3','f4e18e8d-ea90-4c58-b615-8be6f46d6b30','18f2bada-2f3c-419e-921c-0fac96324e41'),('7cb5ddcc-099f-40b2-af3c-82f777cff4e0',2,6,'77fc2f5f-4551-484c-9551-e493f4828747','6cbbcb7d-12bf-4b21-8ae8-8d640af0d5a9','bcdc66af-d20f-42e0-8bc2-21fee1c7ec26'),('7dd56dfd-999f-46ba-afe8-a571fd06a135',1,7,'55966c99-36e5-48a1-855c-227d114223b3','aa908cfb-a059-4a4f-ba3e-731bb490e57a','f73a2cf1-38a2-4ae6-b4d5-ea3c68f10db5'),('7dedb9c9-cd06-4d73-9935-86a017ef3e14',1,6,'238370d5-306e-4cde-a891-849b365ee683','cb62d32a-cbc8-41b2-8fa7-269198bd1e5a','bcdc66af-d20f-42e0-8bc2-21fee1c7ec26'),('7e0f6bc2-bb41-4631-a26a-a29cc7a281be',3,NULL,'b008d2cb-fd63-4530-bab9-e4944bfae79f','1b117a04-2c93-43f6-9c32-682fca6d683e','18f2bada-2f3c-419e-921c-0fac96324e41'),('7e31f905-67e9-4f14-ad32-0f420319947c',1,NULL,'2948fbf6-d2d2-4fa2-a2e4-2f1354aa16f3','59307db1-4de0-43d9-89c7-1bbf3efeaa8e','f73a2cf1-38a2-4ae6-b4d5-ea3c68f10db5'),('7ebf8d40-caef-4004-938e-404121158f04',4,NULL,'49f2b076-a321-4123-92b5-ab2e81a5f451','75201f30-8d50-48d6-838c-caede37ae2e5','18f2bada-2f3c-419e-921c-0fac96324e41'),('7ee3e643-66e7-4ca1-9786-965b32a08883',2,10,'0bef737c-68ef-4f15-81e2-49d0477d7e13','2ed46b9a-8036-4d83-9454-a5c1f2275600','f73a2cf1-38a2-4ae6-b4d5-ea3c68f10db5'),('7f01108d-c922-418a-8a89-d432cc269a87',4,15,'c1c7dc9b-4223-4172-a82f-1fe434305cf8','7df08761-37bf-47fd-8ef1-2da78e3cb040','f73a2cf1-38a2-4ae6-b4d5-ea3c68f10db5'),('7f07ca73-116a-4e23-a729-00aafd758b2e',2,7,'f76b4c40-3f06-4638-8053-5f1d96517fe7','55746c92-45c2-47b6-a184-ee7b4b6f762c','bcdc66af-d20f-42e0-8bc2-21fee1c7ec26'),('7f5a7994-00f5-49d0-b268-8618f6c65d9f',3,6,'643b247e-c4e5-4f39-8c23-ca9b673aba0d','95c7306f-e0f2-4f04-8af8-f3423c434315','494925c2-0147-4381-9b5d-eb1b15622f73'),('7f6b2866-3658-4091-8716-5beb6f088596',2,NULL,'de371ab6-9405-44c3-ad46-283a8d2ef61c','267c58ab-2fe6-45d7-be33-e540bfad3cb0','f73a2cf1-38a2-4ae6-b4d5-ea3c68f10db5'),('7f783b7b-8483-4405-ad18-7e3d059380a5',3,6,'69393a02-7e5c-499f-8005-108740dee92f','2a42a89e-6127-47a2-91b9-8225f9c1a24e','bcdc66af-d20f-42e0-8bc2-21fee1c7ec26'),('7fae88c7-28a3-452c-924a-ae09a5178929',3,8,'ce3adffa-6113-48f4-baa2-ade8b4f312bf','b0c2475c-c594-4468-8a87-297f2e216215','f73a2cf1-38a2-4ae6-b4d5-ea3c68f10db5'),('7fbc7012-aa15-4b44-850a-b566bc03b6fb',4,12,'906b4c5d-123c-428b-a7e2-91c75f731d75','53e74747-ef90-4538-83b0-ef4c568ef521','f73a2cf1-38a2-4ae6-b4d5-ea3c68f10db5'),('80b5c195-38a5-41a5-9b7b-dcf4d24dcb9c',2,7,'a674ee22-1596-49c1-b951-779db6510c1e','387b256d-5a06-46ec-8cce-e8fac43d8181','f73a2cf1-38a2-4ae6-b4d5-ea3c68f10db5'),('80fa4b62-2772-4205-8fa4-4019262b852c',4,16,'a3ae0828-fb65-4d95-b540-6627ce9d01ed','2914ca56-f25a-48ac-9102-c314ac7576e7','18f2bada-2f3c-419e-921c-0fac96324e41'),('814c3c31-42fa-4c11-918a-f47f3da84adf',2,11,'7165b480-0080-43a9-9b2c-a5b0b0d50b6f','934079b6-286a-43c2-9087-724a36eee6d5','bcdc66af-d20f-42e0-8bc2-21fee1c7ec26'),('81834d8f-7a2d-49d9-abb7-a30fdde59c85',2,NULL,'5769ecf7-fc16-4ad6-9671-10ca4f71f8d3','2d177c56-a274-4b7d-ad8f-4af8abf1f7ae','494925c2-0147-4381-9b5d-eb1b15622f73'),('8188d764-c76b-428b-9e2b-be84986c52cf',2,NULL,'25fa61be-722d-4a60-b7bc-d374310469ac','a67559af-6fb9-4c76-9355-d687f027ab71','7c847407-d519-479c-99bd-b57d01a98670'),('81977f07-fe4f-4314-a815-d07c084b3903',3,14,'b3d362cf-bf31-4826-8056-adfec5fac8a4','f386989b-90a3-499c-9ae6-17806b4a87d4','f73a2cf1-38a2-4ae6-b4d5-ea3c68f10db5'),('81a027e8-dc07-47ec-b0fd-963370ebfa84',1,7,'aa452e24-87f9-4533-96de-81112fc5adfc','22b0b412-00a4-4119-ad1a-e3def403141e','bcd17dd0-e430-40b5-954f-9a7289a8bac7'),('81d28ecf-8146-446a-807c-944b1389852f',1,8,'932f1a05-cce0-4e50-92c8-b18cae892930','a7149a37-0014-45fc-a81f-264c1ed93503','bcd17dd0-e430-40b5-954f-9a7289a8bac7'),('82281fc0-a1e1-4259-aa99-262e484a552c',3,NULL,'643b247e-c4e5-4f39-8c23-ca9b673aba0d','4ee93313-97d2-45ec-9ad9-d68497e1bc9a','494925c2-0147-4381-9b5d-eb1b15622f73'),('826e5801-baf5-471f-a801-632977463e7c',2,7,'f52e8e9d-cb1e-45fe-bd4b-8f95dc217e6c','b0947f69-f401-42b0-93d6-951dab5c6e84','7c847407-d519-479c-99bd-b57d01a98670'),('82a1f969-878c-417f-9758-269638828c4b',3,NULL,'0c492525-2e36-423b-a471-ff0c41a96283','bd8cc506-fa30-4fd5-9e7f-f8d1b3d20d1d','7d5d6490-bb57-4a6d-a268-92c6d0fc6d43'),('82bbda2d-44a4-487f-abf8-6462bb7b9dfd',3,4,'39c6e3f8-706a-4599-9119-39d0f2cf9c7f','023456f8-7aa3-4cd8-b7c0-ad29913f84c5','31c2bb6a-1161-4981-98ef-ca9d4cc302c6'),('82cc3d57-3165-4092-9af2-0f97b244ff90',2,7,'99f7b39c-f26a-4f68-8b65-9849565a594d','a9cf966c-2fae-45f8-92be-696e13e61d41','7c847407-d519-479c-99bd-b57d01a98670'),('82fe0b97-8786-40e1-ba4f-197348615831',1,9,'ca12ce09-d714-44dd-82c1-89dc2de5e9c1','4d97ab1c-4d1e-4979-b25b-aa50326b7db2','bcdc66af-d20f-42e0-8bc2-21fee1c7ec26'),('8305d2ee-f793-4ba5-a352-073da573d20d',4,NULL,'f76b4c40-3f06-4638-8053-5f1d96517fe7','b3bd9ecb-428b-43d4-a79b-5f67328d8a6a','bcdc66af-d20f-42e0-8bc2-21fee1c7ec26'),('83140774-17e8-4e99-97bf-27a0fdc02fae',3,NULL,'66c75202-6a2b-45cc-b4d4-08585053e0ef','9c40cf5c-5c94-4b5e-94ce-9bf566dc9952','bcdc66af-d20f-42e0-8bc2-21fee1c7ec26'),('8334398f-038e-4b6e-893b-0e60b8d90415',4,8,'7165b480-0080-43a9-9b2c-a5b0b0d50b6f','392d0a3f-46bd-4e71-ab0f-171aa1ad3758','bcdc66af-d20f-42e0-8bc2-21fee1c7ec26'),('835398f0-bb1b-4e6e-a964-2365862f155c',1,NULL,'a77d6052-a2fa-455e-9091-b495afab210c','13c8bf4b-5656-41dc-af81-993f83998a88','f73a2cf1-38a2-4ae6-b4d5-ea3c68f10db5'),('84064f36-b24c-4550-9d7c-a4a421160e31',3,6,'b908ec91-2033-45fd-9eb7-38fc5faed190','4d9ec2e0-a9f6-4ffa-88ed-656e9226b670','f73a2cf1-38a2-4ae6-b4d5-ea3c68f10db5'),('8426f301-cabf-41f8-8527-2bfc23fd7db8',1,7,'9dd035b8-9ec5-4a35-8d9f-d6d9d8251c9e','82ee9b27-db2d-4238-a328-a8337acd958d','23b601f5-79fb-46f6-af7c-951a78d4e866'),('845eb5a3-d19e-4c92-aa0a-aa774f9240f6',2,7,'7c5959a5-8f85-4129-ae6a-0ee107aa0d22','0029c023-f693-4213-b028-74a9a3f56d99','7c847407-d519-479c-99bd-b57d01a98670'),('846cd472-0008-4615-9b6f-e7411f3fce0e',4,NULL,'bbaba534-e89c-449a-bf9e-9e205f41e65c','77c73709-065e-4133-924d-7b398999a633','d85f1c3e-8aad-4978-864e-d801bc912668'),('8473ac40-85ac-42b4-85dd-f3b129bd1b6c',4,NULL,'15dec003-5456-43ea-a6da-cf981333f6a5','c2e24f65-635e-4991-8389-90d7f4426ca9','bcdc66af-d20f-42e0-8bc2-21fee1c7ec26'),('8494461a-7694-4cff-a60d-700257e2a82c',3,6,'8ad26608-ed95-4b9e-ab80-e8b2b1a5ed11','9d01a369-6ed8-4378-824d-a4130b8d92e5','bcdc66af-d20f-42e0-8bc2-21fee1c7ec26'),('84be9b9f-d362-43c5-960c-480a20b80523',4,7,'649594d5-e479-4984-9c7b-36caf7a81fa6','dad7aa01-c747-42bb-b2ef-cf4943d182cf','494925c2-0147-4381-9b5d-eb1b15622f73'),('84f2551a-657e-455c-a778-9b2d85f3f6e2',2,NULL,'ab8ddaf2-7cdd-4287-85b8-9470ba8a4f42','8bb41d6f-8fa4-4da1-badb-6f882706c3f5','7d5d6490-bb57-4a6d-a268-92c6d0fc6d43'),('84f5245b-b2b4-498f-bebb-50b60561fb88',3,9,'de371ab6-9405-44c3-ad46-283a8d2ef61c','d878cd1a-c7a0-41e5-ab08-52727e25a65c','f73a2cf1-38a2-4ae6-b4d5-ea3c68f10db5'),('84f90061-0a10-4b71-841a-904d45ec0f77',3,15,'97ec6a47-7528-45b9-9e5d-eba779521a65','1050194c-a955-45e7-938b-363caece8886','195f2a7b-e6d2-4d69-a55e-b334f324fb0f'),('850bb3c7-0f02-4d8b-86ba-118b4683ba46',1,10,'8ad26608-ed95-4b9e-ab80-e8b2b1a5ed11','11e45865-09b3-4c32-aafe-18caaaed35cb','bcdc66af-d20f-42e0-8bc2-21fee1c7ec26'),('854e422b-1140-4e1a-8da2-26889c260364',1,8,'a373b649-9675-4ca0-a3a8-99faf1f92cc1','3693f366-3547-4d70-9813-54a39e63dc81','18f2bada-2f3c-419e-921c-0fac96324e41'),('85560e0a-c5fc-413b-a0d8-b9b33041fe73',1,7,'59092118-e5fb-4be2-bfa5-27425ddd2dc7','074eeee9-5aab-46e9-ad3e-5e403b4e71d9','7c847407-d519-479c-99bd-b57d01a98670'),('8564b9a0-6759-4497-a87f-cb6a6836a633',2,NULL,'51f8ef38-c336-4c58-80de-4c12c5d7f925','2625085c-df07-47d6-b548-d5ba49c788f0','77b48305-eb0e-4fbb-bf35-db3a086dfac2'),('856ddce9-e416-4f01-b2ec-df1f46bc7a75',1,8,'2948fbf6-d2d2-4fa2-a2e4-2f1354aa16f3','2958db33-5778-41dd-a466-a35a449e9fc3','f73a2cf1-38a2-4ae6-b4d5-ea3c68f10db5'),('8608cdc7-bcee-47c0-bc13-0593dc40faba',2,19,'7165b480-0080-43a9-9b2c-a5b0b0d50b6f','b84efa39-b4a2-4668-8ea0-807b717c5581','bcdc66af-d20f-42e0-8bc2-21fee1c7ec26'),('864a39e5-1a55-470a-ad67-e78d88b5a8fd',3,7,'ce3adffa-6113-48f4-baa2-ade8b4f312bf','78042619-988d-467b-8b26-be348dd4282b','f73a2cf1-38a2-4ae6-b4d5-ea3c68f10db5'),('8652f649-7824-4892-a057-6f6be96c98f5',1,8,'1d60ad87-e35e-43b7-8885-21797d13f593','8f4cf8e7-0b0f-42a7-8f06-1eac617c423f','9f16663c-f653-471a-8bb3-b4eb26524b67'),('869a749a-1b83-471a-bda4-72b62568cd04',1,9,'ca12ce09-d714-44dd-82c1-89dc2de5e9c1','e7946fb1-68e5-4756-8aba-446ade4922a6','bcdc66af-d20f-42e0-8bc2-21fee1c7ec26'),('86f95f00-5ad8-4e6a-93cd-63980b44eb9a',4,6,'cdca7e7b-7671-4c7a-bb0a-ed24151528e6','17b8e125-5da2-48bf-b5d9-557ae13f91fd','18f2bada-2f3c-419e-921c-0fac96324e41'),('870d5c1f-e73c-4a8d-8d3c-dddac6b0c9b2',2,NULL,'ce3adffa-6113-48f4-baa2-ade8b4f312bf','3693f366-3547-4d70-9813-54a39e63dc81','f73a2cf1-38a2-4ae6-b4d5-ea3c68f10db5'),('8739c438-83b5-409a-8a13-19dce03ca3cd',2,9,'9f7e5654-f890-4cf7-8d2b-413f2fa8ba2a','1217acdf-69eb-4639-bf41-cff417438ac0','59a0b9a8-b048-421d-869b-860ab29dc46e'),('87a0cdf1-f036-4369-82e6-b857552b5065',2,NULL,'ab8ddaf2-7cdd-4287-85b8-9470ba8a4f42','cd44b903-9faf-4497-b101-5e4ee1eb8737','7d5d6490-bb57-4a6d-a268-92c6d0fc6d43'),('87c69674-7c28-410f-90f9-e434fb8a95ac',3,10,'442a348e-0a25-460e-9b1f-0804fb716f93','97bd4d7b-10f9-45c2-8ac1-5a8768fab56a','bcdc66af-d20f-42e0-8bc2-21fee1c7ec26'),('87d34597-61fd-49b0-8a97-75966d293149',1,9,'7a4d4c3c-a348-4159-94fe-a137bb3c9137','267c58ab-2fe6-45d7-be33-e540bfad3cb0','7c847407-d519-479c-99bd-b57d01a98670'),('87fa9cc4-f9b6-47f2-97eb-86c760ab456f',1,7,'906b4c5d-123c-428b-a7e2-91c75f731d75','446a5383-7e94-4069-81fb-558ab92b1f73','f73a2cf1-38a2-4ae6-b4d5-ea3c68f10db5'),('886f3454-2d6e-49fc-9823-f4616d10b059',2,6,'6408be34-d9f2-45ff-81cf-9c9f97ff16b1','56df0d56-56b5-4a77-a4ed-c5b43ce83610','7d5d6490-bb57-4a6d-a268-92c6d0fc6d43'),('88724ec4-8bc5-4cc6-88d2-c4342d4c0f95',3,8,'238370d5-306e-4cde-a891-849b365ee683','e0e538d4-89a6-4008-832a-477f18da1d66','bcdc66af-d20f-42e0-8bc2-21fee1c7ec26'),('889600e9-bdcf-474c-884f-72866db5c792',1,7,'7c5959a5-8f85-4129-ae6a-0ee107aa0d22','3c277f68-dd05-40fd-bfbc-578a527ad91d','7c847407-d519-479c-99bd-b57d01a98670'),('89172246-fa04-46f1-ba38-a48405debc2e',4,8,'0bef737c-68ef-4f15-81e2-49d0477d7e13','ef04729f-14bb-4779-ba7a-7cb40c1c1a46','f73a2cf1-38a2-4ae6-b4d5-ea3c68f10db5'),('8969c3fb-8151-471a-9057-cc030a444cdc',1,9,'77fc2f5f-4551-484c-9551-e493f4828747','1761381f-ba54-43aa-979e-4187af9cc36a','bcdc66af-d20f-42e0-8bc2-21fee1c7ec26'),('899fcc6e-e86d-4c62-ab44-83f3ca1fbca3',2,NULL,'a3ac0239-2fce-4b85-a250-deec075f1342','bd39df4b-917d-4ab3-9676-0d947172fa2b','7c847407-d519-479c-99bd-b57d01a98670'),('89dc3819-bcaf-45df-bd9f-0c1d5753b728',4,9,'0bef737c-68ef-4f15-81e2-49d0477d7e13','b0947f69-f401-42b0-93d6-951dab5c6e84','f73a2cf1-38a2-4ae6-b4d5-ea3c68f10db5'),('8a636dc1-06c1-4c1c-9ae7-18e19465efb0',1,6,'07e23f42-63ec-4c82-9ecf-4cf07ce8c901','c059d3ab-c284-4087-b4ba-c66f460697fe','31c2bb6a-1161-4981-98ef-ca9d4cc302c6'),('8a70f7de-f6eb-41da-a02f-2e6076963951',3,10,'d56c2f91-c1d8-4863-9c55-c441632a2b38','368fac58-28d5-4520-86e7-b13e88b62d81','bcd17dd0-e430-40b5-954f-9a7289a8bac7'),('8a95b0f6-6753-4b66-9564-88243fe94a67',4,6,'69393a02-7e5c-499f-8005-108740dee92f','7c860660-2aa4-41e3-a4bb-9066d632ba27','bcdc66af-d20f-42e0-8bc2-21fee1c7ec26'),('8aa514c7-0f6e-44f4-b389-56e3f01610cc',1,7,'25fa61be-722d-4a60-b7bc-d374310469ac','fd0a1582-ef87-4a4c-9530-7dfa8f6237f5','7c847407-d519-479c-99bd-b57d01a98670'),('8ab460cd-f214-4b7a-a24e-f285f77a7f36',1,8,'649594d5-e479-4984-9c7b-36caf7a81fa6','368fac58-28d5-4520-86e7-b13e88b62d81','494925c2-0147-4381-9b5d-eb1b15622f73'),('8b0d0280-4853-46d9-9deb-67de1297ce08',4,6,'a674ee22-1596-49c1-b951-779db6510c1e','f10b392f-5a16-4f29-a13a-5df4f520b412','f73a2cf1-38a2-4ae6-b4d5-ea3c68f10db5'),('8b15f777-112e-4a9d-bfec-ed63aeeaa909',1,9,'7df079e3-e5ec-4632-b6f0-c4a3cb09f3f7','159eeae0-46ad-4798-b679-caeb0b72fdba','bcd17dd0-e430-40b5-954f-9a7289a8bac7'),('8b4748ba-6be4-4eeb-a16f-6cc3a5eb2e55',3,NULL,'5bd08e2f-56a7-4582-bd42-822e2d2dfff7','35a93605-3f7d-4c32-9881-3627c21fa7ea','9f16663c-f653-471a-8bb3-b4eb26524b67'),('8b5056a4-2c50-43c9-ae6d-c9a9b8b786c4',2,NULL,'b1258ee1-fd42-4100-8dbe-911669dee69b','f4ffc17c-16eb-4644-8461-7ccbad0770a0','bcdc66af-d20f-42e0-8bc2-21fee1c7ec26'),('8ba06b8c-ac9b-4ff9-9966-262e4fd60edf',4,NULL,'506926d2-34e1-4ae2-9b0b-f35c19c2b732','19eb3519-36b6-408d-9eec-1cd7a9f75c74','bcd17dd0-e430-40b5-954f-9a7289a8bac7'),('8ba8a496-b74b-4a93-a453-878aff3c7b5b',2,9,'b068dd04-c755-4ed8-ba47-e9ce6a1bf9fc','b3bd9ecb-428b-43d4-a79b-5f67328d8a6a','f73a2cf1-38a2-4ae6-b4d5-ea3c68f10db5'),('8c582f2d-55e5-43c0-86dd-76f84e18484d',4,7,'f76b4c40-3f06-4638-8053-5f1d96517fe7','e90f23ed-1390-4582-8126-f74cb2c80d64','bcdc66af-d20f-42e0-8bc2-21fee1c7ec26'),('8c5f5421-5ef3-41f2-bc21-d3fd7943ab8e',2,NULL,'0d79e631-f0fa-4f96-9b4b-0c6567c41403','1d421e68-5f02-4c25-9ed9-e44f9a366905','31c2bb6a-1161-4981-98ef-ca9d4cc302c6'),('8c62a2f8-d9cf-4c50-80f2-5a85f6701fd8',4,8,'0bef737c-68ef-4f15-81e2-49d0477d7e13','cb69f758-7524-4e2c-9e24-a3162ec65626','f73a2cf1-38a2-4ae6-b4d5-ea3c68f10db5'),('8cc5259f-033a-4b7c-8a50-6aa6f8d73ec3',4,NULL,'99f7b39c-f26a-4f68-8b65-9849565a594d','95c7306f-e0f2-4f04-8af8-f3423c434315','7c847407-d519-479c-99bd-b57d01a98670'),('8cc85c38-3e48-4bff-a4d6-865391e227df',2,NULL,'c1c7dc9b-4223-4172-a82f-1fe434305cf8','a26c2b1e-17c6-43ed-a1cb-f751410f3eb0','f73a2cf1-38a2-4ae6-b4d5-ea3c68f10db5'),('8ce4533e-83f2-4197-937f-1135ad54a3bc',1,9,'f76b4c40-3f06-4638-8053-5f1d96517fe7','3a5d8ced-9f86-4805-ad70-bfcf97ba0d9f','bcdc66af-d20f-42e0-8bc2-21fee1c7ec26'),('8cf3ca08-fde1-457e-a310-fb640ba63333',3,9,'3e6ad6b0-9330-4889-b4ac-d10bdefc618f','b5c86dd4-b568-4bf2-b27f-64480d4fdb96','d85f1c3e-8aad-4978-864e-d801bc912668'),('8d35d5c9-8c66-46a9-8299-75f30fd8f134',3,7,'2763b3f9-089a-44bf-b3f6-9b47fef0e0eb','ca15c41e-d626-4925-8d76-2137a2071815','31c2bb6a-1161-4981-98ef-ca9d4cc302c6'),('8d4eca62-3e1a-48bd-b37d-2881594dc8c0',1,8,'ca12ce09-d714-44dd-82c1-89dc2de5e9c1','fd716105-e2e7-450b-b36b-9c583af97775','bcdc66af-d20f-42e0-8bc2-21fee1c7ec26'),('8db67237-dc94-4202-887e-1a26208bea80',4,8,'ef08081a-0051-42bb-8aa6-3d0f29c4f9e3','368fac58-28d5-4520-86e7-b13e88b62d81','f73a2cf1-38a2-4ae6-b4d5-ea3c68f10db5'),('8dbcffb1-5b38-4c69-ae33-ff5c0ce7778e',4,9,'4d8f2865-164f-42ce-bd0a-c0becd03b425','4d97ab1c-4d1e-4979-b25b-aa50326b7db2','f73a2cf1-38a2-4ae6-b4d5-ea3c68f10db5'),('8dc51bc8-560c-41fd-9fef-9cd71a30b02c',4,9,'8eb54151-0939-43e5-a433-defea8048355','a7149a37-0014-45fc-a81f-264c1ed93503','494925c2-0147-4381-9b5d-eb1b15622f73'),('8e1a4103-88e0-4aec-a569-25fbcc1ccb19',3,NULL,'7259b00e-4c71-43b3-9dc1-19d386c89e3e','60ac7628-bae3-40c6-9f9e-f9994a2eae8c','31c2bb6a-1161-4981-98ef-ca9d4cc302c6'),('8e3c0144-9093-45d4-9ff1-fb34b66e0184',2,NULL,'b1258ee1-fd42-4100-8dbe-911669dee69b','e5802fe0-ed1e-4e96-b72f-1db54d9e0718','bcdc66af-d20f-42e0-8bc2-21fee1c7ec26'),('8e6a45f7-56e8-4b1d-a287-1036963305ab',4,NULL,'96ab08e8-30b2-4252-afac-8192840aa7fa','11225d16-7186-4f51-87c2-3b21f20c585a','bcdc66af-d20f-42e0-8bc2-21fee1c7ec26'),('8ede0dbd-91ed-4883-82c6-b53e179ddc5d',2,9,'238370d5-306e-4cde-a891-849b365ee683','e5140169-6d6b-4fc9-8973-cab330ec9fe6','bcdc66af-d20f-42e0-8bc2-21fee1c7ec26'),('8f1eb6a2-21a2-4b75-8096-47d1ce127174',1,NULL,'f76b4c40-3f06-4638-8053-5f1d96517fe7','7ebd627e-19f0-4ec5-b0f7-c9dcb892a771','bcdc66af-d20f-42e0-8bc2-21fee1c7ec26'),('8fc18f31-5e60-49bb-8726-ce966f693d23',3,9,'a8155b8d-4ec4-403f-b6d0-08464fe9d51e','28c2ae2e-33e3-44df-a1bf-7bdf13e421a8','494925c2-0147-4381-9b5d-eb1b15622f73'),('900a726e-7809-49de-8ae3-c3b9952b8508',2,NULL,'6c9825d4-f46b-44f3-991a-41df3b437efe','f21e15e5-6eef-4df8-865d-0fc931d04e1b','d85f1c3e-8aad-4978-864e-d801bc912668'),('9070e3fe-e159-4cfe-a9e2-92d647831948',4,6,'8409dc18-df07-45ec-b0b4-2643cf1b6905','56df0d56-56b5-4a77-a4ed-c5b43ce83610','494925c2-0147-4381-9b5d-eb1b15622f73'),('90d07e46-53df-449d-a376-8d512fc4d813',2,6,'506926d2-34e1-4ae2-9b0b-f35c19c2b732','c059d3ab-c284-4087-b4ba-c66f460697fe','bcd17dd0-e430-40b5-954f-9a7289a8bac7'),('90fb9652-9bf6-42c3-8b9c-7e29a270fa99',2,9,'7df079e3-e5ec-4632-b6f0-c4a3cb09f3f7','1761381f-ba54-43aa-979e-4187af9cc36a','bcd17dd0-e430-40b5-954f-9a7289a8bac7'),('911afece-0c01-4f8f-a12f-558bce0477d9',1,NULL,'6408be34-d9f2-45ff-81cf-9c9f97ff16b1','17b8e125-5da2-48bf-b5d9-557ae13f91fd','7d5d6490-bb57-4a6d-a268-92c6d0fc6d43'),('91855022-4d84-4a81-97cd-0e1109a101ab',1,8,'4d8f2865-164f-42ce-bd0a-c0becd03b425','f4e18e8d-ea90-4c58-b615-8be6f46d6b30','f73a2cf1-38a2-4ae6-b4d5-ea3c68f10db5'),('919abf31-9463-4c70-bbe9-c89fa1f1e643',1,10,'e527deb5-3666-4385-a3ef-f3ae959e20ea','d2337ac2-c7b1-4ad5-bcec-2dd7cb60fe86','494925c2-0147-4381-9b5d-eb1b15622f73'),('91ce0af7-3729-4a33-9e8e-f672e9aa8e41',1,10,'cf9a7ad7-abae-4b90-9496-26c882024bef','5fc29f98-808e-480e-b1ef-96df1d6db81c','d85f1c3e-8aad-4978-864e-d801bc912668'),('91cee872-4284-466e-8438-9af99a9a85bc',3,NULL,'99f7b39c-f26a-4f68-8b65-9849565a594d','1b5e09ee-691b-433c-a62e-3b1fc8103e7b','7c847407-d519-479c-99bd-b57d01a98670'),('92539541-7442-4e9b-9956-66f7712e2cce',2,NULL,'906b4c5d-123c-428b-a7e2-91c75f731d75','41c44c99-2b8e-4205-8a5b-0be1ce8353e0','f73a2cf1-38a2-4ae6-b4d5-ea3c68f10db5'),('932d3e1c-0b28-4949-8967-0b20be942ee4',3,9,'cf9a7ad7-abae-4b90-9496-26c882024bef','85a359df-361f-4493-a22a-4b2bfe009fa6','d85f1c3e-8aad-4978-864e-d801bc912668'),('93382adc-6fee-4678-a4c4-9e01c6cd1cdd',3,NULL,'6114bec6-0c17-4174-886e-bdef8ffd9a50','8ee9183f-4d5b-40fe-968e-ecde824482d0','d85f1c3e-8aad-4978-864e-d801bc912668'),('935afacb-02f9-4522-af95-84bb9f32a827',3,10,'e8c4d1cd-1942-48a6-8753-d0a4ddb11eed','9185bdcd-5c1f-46dd-9db2-614c8f8ec940','bcd17dd0-e430-40b5-954f-9a7289a8bac7'),('935fa748-3cbc-4136-81a5-35f0a2785298',4,7,'a86e51f7-3362-4398-8e39-7b84776379af','446a5383-7e94-4069-81fb-558ab92b1f73','7d5d6490-bb57-4a6d-a268-92c6d0fc6d43'),('939fbfb9-f522-4c14-8a9a-56d855d31648',4,7,'8ad26608-ed95-4b9e-ab80-e8b2b1a5ed11','387b256d-5a06-46ec-8cce-e8fac43d8181','bcdc66af-d20f-42e0-8bc2-21fee1c7ec26'),('93f144d5-c969-4c15-9100-c577c983e6bd',4,13,'2948fbf6-d2d2-4fa2-a2e4-2f1354aa16f3','3f542fa2-9ae7-4b8c-aa07-e236613584c9','f73a2cf1-38a2-4ae6-b4d5-ea3c68f10db5'),('946798ae-2bd2-4923-93d1-080a7f44cf12',4,10,'64643a32-3b11-4d3c-9746-1f9d6edab87e','5fc29f98-808e-480e-b1ef-96df1d6db81c','f73a2cf1-38a2-4ae6-b4d5-ea3c68f10db5'),('94963f82-1e8e-4aa1-9941-4a6758e2c158',4,7,'442a348e-0a25-460e-9b1f-0804fb716f93','262d050a-4ce3-4fa3-b8d9-34137450c7a7','bcdc66af-d20f-42e0-8bc2-21fee1c7ec26'),('949e9285-cc3f-43b7-9e45-59343dcac5b2',2,NULL,'c7c1919f-83e3-4477-b40a-afbc61d34c7e','70eaf108-8ebe-48c3-a948-7113d120a2e6','494925c2-0147-4381-9b5d-eb1b15622f73'),('94a5b97e-cfb7-487d-adf5-a79af42bd40c',2,7,'7b7c673f-413c-4e3e-ae12-449a2aa56d31','78042619-988d-467b-8b26-be348dd4282b','7dc39f94-11cf-46fa-b7fb-6c18b2df12ab'),('94d7912f-cdbf-4be1-9095-40a644d9c5c4',3,9,'0bef737c-68ef-4f15-81e2-49d0477d7e13','2910eaa1-db01-4f12-b193-b936b18be4d7','f73a2cf1-38a2-4ae6-b4d5-ea3c68f10db5'),('94e3bf12-ae7c-4391-9a29-379244d80454',4,12,'daf2e4e3-af66-493e-be3e-2683ca366f49','71d68224-1de8-4a99-8d1d-406da35715b4','f73a2cf1-38a2-4ae6-b4d5-ea3c68f10db5'),('94ffb77d-00ac-42f9-a288-a038ad32fa1b',1,NULL,'77fc2f5f-4551-484c-9551-e493f4828747','b54498c8-0766-4c5d-8d77-770faae72b1d','bcdc66af-d20f-42e0-8bc2-21fee1c7ec26'),('9570b79c-d9fe-4835-a2b9-e91aa747f003',4,NULL,'dbed4a03-ecb7-4f4d-918a-8c65af3e8968','2958db33-5778-41dd-a466-a35a449e9fc3','494925c2-0147-4381-9b5d-eb1b15622f73'),('9663bbc9-a2bd-402d-b99f-ff79d1a6d730',4,6,'0d79e631-f0fa-4f96-9b4b-0c6567c41403','7cf26c56-e846-435a-8f1e-d155723db433','31c2bb6a-1161-4981-98ef-ca9d4cc302c6'),('96e12e7d-7f06-4dbc-93ac-d90132c39e2b',3,9,'d4a48080-dad4-4f12-abd6-12b28484851c','747c40c9-350c-4226-ade7-b9c749d0d2c6','7a56904c-b702-45d2-b59c-1314f1ce7415'),('973b4b3e-85a2-4ae6-850e-d1ae8f3bed40',2,9,'3db1934d-6259-43d8-ab66-69ccd9fc94d9','33c11c8e-0601-4c52-9183-3c286a43dbd2','494925c2-0147-4381-9b5d-eb1b15622f73'),('974445fc-a2af-4c4f-aa3a-2ee0b5ec4eec',1,NULL,'e4724d28-0c10-4fa4-a7de-4b19a8ec2006','1217acdf-69eb-4639-bf41-cff417438ac0','e8d9d866-ad37-4e72-855a-0adcb829a5c4'),('974818ee-e508-4fec-a90e-d7e0e7124588',3,12,'7165b480-0080-43a9-9b2c-a5b0b0d50b6f','18ec56ff-d16b-4bf6-874a-bd4e41dc6148','bcdc66af-d20f-42e0-8bc2-21fee1c7ec26'),('97948a6f-9a94-47d2-acf4-ef58dd57a740',3,13,'8ad26608-ed95-4b9e-ab80-e8b2b1a5ed11','8f4cf8e7-0b0f-42a7-8f06-1eac617c423f','bcdc66af-d20f-42e0-8bc2-21fee1c7ec26'),('97c0721d-beb3-49c9-82ad-0137978068fe',2,NULL,'d166c651-2f14-4c54-a28d-bcb6990f8772','991e0ee3-c5fa-4cc5-943b-4de3e6ed8505','f73a2cf1-38a2-4ae6-b4d5-ea3c68f10db5'),('97ddaa52-5473-4694-bab8-1b376b6bb751',1,11,'a674ee22-1596-49c1-b951-779db6510c1e','e31db551-5a83-4ab7-8321-5106a214b604','f73a2cf1-38a2-4ae6-b4d5-ea3c68f10db5'),('98453f06-e2d0-4a1a-96c2-f07673fb114e',3,14,'57089664-376e-4172-898f-735ad6ab0e04','ae521a8e-517d-43ed-b14a-a23ca70270a4','7d5d6490-bb57-4a6d-a268-92c6d0fc6d43'),('9884aeee-fdf7-4556-aa0e-538d335435e1',2,14,'87e1cac4-46fc-4668-8865-7846ca14de06','3f542fa2-9ae7-4b8c-aa07-e236613584c9','76eea069-4e23-49ef-aaf0-13cee1f5dda7'),('98877257-63bd-45b0-812a-22a021a1495f',4,6,'0bef737c-68ef-4f15-81e2-49d0477d7e13','9e3abc15-006e-433a-8c21-140e5d87ab03','f73a2cf1-38a2-4ae6-b4d5-ea3c68f10db5'),('9919d4b2-ff17-4a65-9abc-34bc1b0224ac',1,6,'5c686164-6008-4aec-bb9a-be4c97b2b225','c0ee1066-9c77-4d08-a075-837707115dc3','bcd17dd0-e430-40b5-954f-9a7289a8bac7'),('99f7eb11-5ff7-4a6a-a4e0-3e01b6a32a60',3,6,'a674ee22-1596-49c1-b951-779db6510c1e','2c250a82-c806-4f94-95e1-942e6d773667','f73a2cf1-38a2-4ae6-b4d5-ea3c68f10db5'),('9a0e037f-feb4-4d16-8580-c8fc9d6229e3',1,10,'6408be34-d9f2-45ff-81cf-9c9f97ff16b1','f76d6564-36ac-46fe-a0e1-efb0d81236f3','7d5d6490-bb57-4a6d-a268-92c6d0fc6d43'),('9ad383a6-91f2-4649-a15b-62e64b7ed89e',1,8,'442a348e-0a25-460e-9b1f-0804fb716f93','d123da58-b45f-4ffb-b277-98c419c895a2','bcdc66af-d20f-42e0-8bc2-21fee1c7ec26'),('9ae1443a-84c9-4d79-896e-e665c828862e',1,NULL,'8eb54151-0939-43e5-a433-defea8048355','e5140169-6d6b-4fc9-8973-cab330ec9fe6','494925c2-0147-4381-9b5d-eb1b15622f73'),('9af12faa-2d11-4edb-8ad5-3e0f7bc9595c',3,NULL,'59092118-e5fb-4be2-bfa5-27425ddd2dc7','17f0affa-c4d6-47ec-9e89-c2f093a58679','7c847407-d519-479c-99bd-b57d01a98670'),('9ba3e986-5b2b-4e3c-94e3-1851bf0b5c67',3,NULL,'c4e39395-aac5-4e0f-98e9-c1c2806823a6','8b9c1db5-2379-4549-b551-135bd888ed9f','9f16663c-f653-471a-8bb3-b4eb26524b67'),('9c10e7b6-1438-44c3-9081-8baffb22f78a',4,12,'43bd311a-790b-4e07-bc1d-c625c4fcaf14','18ec56ff-d16b-4bf6-874a-bd4e41dc6148','9f16663c-f653-471a-8bb3-b4eb26524b67'),('9c79ba0a-255d-4eb9-af5e-e966715909bd',3,12,'442a348e-0a25-460e-9b1f-0804fb716f93','a87ac547-bca0-4bf8-95ed-22114002a8d1','bcdc66af-d20f-42e0-8bc2-21fee1c7ec26'),('9cb07f18-cc80-408f-8231-c9b4462a118a',3,10,'64643a32-3b11-4d3c-9746-1f9d6edab87e','f76d6564-36ac-46fe-a0e1-efb0d81236f3','f73a2cf1-38a2-4ae6-b4d5-ea3c68f10db5'),('9d2dfb38-93be-4195-bcce-cc07fdc5a867',1,11,'631c4c5d-e0f6-4f2a-879c-2f0b5ed4b19f','8a83c44d-7540-49c5-bc90-5809b1edfc26','7d5d6490-bb57-4a6d-a268-92c6d0fc6d43'),('9d6083c1-66e9-4c28-a927-523a2112b68a',1,NULL,'4d8f2865-164f-42ce-bd0a-c0becd03b425','b056ff01-f10b-4f78-92ac-b44a67a0badf','f73a2cf1-38a2-4ae6-b4d5-ea3c68f10db5'),('9d68f84a-f087-42e0-98d3-c63dc390d23b',2,NULL,'ca12ce09-d714-44dd-82c1-89dc2de5e9c1','fd79e451-0830-48d6-b6e3-a8def160915e','bcdc66af-d20f-42e0-8bc2-21fee1c7ec26'),('9d8a81dd-3d98-4a94-99f8-c244c412fabb',4,7,'59f538d7-3159-41bf-884a-49010663c67a','991e0ee3-c5fa-4cc5-943b-4de3e6ed8505','7c847407-d519-479c-99bd-b57d01a98670'),('9d97fa84-c377-44f3-b457-084564bf52ef',3,6,'c1c7dc9b-4223-4172-a82f-1fe434305cf8','dd6ece3e-2a02-4d26-bc86-006274e2e0f7','f73a2cf1-38a2-4ae6-b4d5-ea3c68f10db5'),('9deb409c-49cd-4454-93b5-d24b48984dea',2,7,'258758eb-a829-4b20-8939-3f6bf8593326','2332ba9a-fef0-4d43-b36e-8d76ce0e3363','494925c2-0147-4381-9b5d-eb1b15622f73'),('9e10b0a8-c3a4-491a-bc9c-eab714dcbfd2',4,7,'b1258ee1-fd42-4100-8dbe-911669dee69b','7bfbd046-9ea4-44fb-85d3-d12653d7d4a1','bcdc66af-d20f-42e0-8bc2-21fee1c7ec26'),('9e18e932-3217-4be8-a0d5-7dd7ee37109a',1,6,'2763b3f9-089a-44bf-b3f6-9b47fef0e0eb','40e6e255-028a-433f-a3f6-2f5898899415','31c2bb6a-1161-4981-98ef-ca9d4cc302c6'),('9e38a4d6-18dd-4c1e-99e5-bffdf3f18a4f',2,6,'220d4a83-9cc0-418a-9b38-5f81de40edfb','cb62d32a-cbc8-41b2-8fa7-269198bd1e5a','494925c2-0147-4381-9b5d-eb1b15622f73'),('9e715ea6-0f6e-4197-829c-2155a3dd9f18',4,11,'1bd8261e-664c-48a2-8f1f-52d2ca5590a1','4268ae6b-a6b8-4f1e-a0bf-e03c1784d397','9f16663c-f653-471a-8bb3-b4eb26524b67'),('9e7bcebd-7a6d-4f58-ad02-b8ed09a2e696',3,5,'4d8f2865-164f-42ce-bd0a-c0becd03b425','b54498c8-0766-4c5d-8d77-770faae72b1d','f73a2cf1-38a2-4ae6-b4d5-ea3c68f10db5'),('9eaa07a1-c558-4bc6-b36a-bb950f07a83c',1,9,'0bef737c-68ef-4f15-81e2-49d0477d7e13','301eca31-132d-4ab0-aa2b-029896448f95','f73a2cf1-38a2-4ae6-b4d5-ea3c68f10db5'),('9f235579-523e-494b-9f56-08afe38490db',2,12,'cf9a7ad7-abae-4b90-9496-26c882024bef','a8b5a939-8e4e-465d-8be5-220dd9b2303a','d85f1c3e-8aad-4978-864e-d801bc912668'),('9f3a20c5-b9c9-416f-8c41-1cb566190c23',3,7,'55966c99-36e5-48a1-855c-227d114223b3','fd0a1582-ef87-4a4c-9530-7dfa8f6237f5','f73a2cf1-38a2-4ae6-b4d5-ea3c68f10db5'),('9f3bfb57-433e-4505-be2d-b55e75a54423',2,10,'ca12ce09-d714-44dd-82c1-89dc2de5e9c1','002ae332-cfd4-4436-9dca-b3e461c4a8f9','bcdc66af-d20f-42e0-8bc2-21fee1c7ec26'),('9f8b30be-d1a1-41e1-af6a-3b3c02501633',2,NULL,'8ad26608-ed95-4b9e-ab80-e8b2b1a5ed11','ca15c41e-d626-4925-8d76-2137a2071815','bcdc66af-d20f-42e0-8bc2-21fee1c7ec26'),('a0437659-f31c-43ce-8a3c-411f67df5f70',2,6,'f76b4c40-3f06-4638-8053-5f1d96517fe7','5e4ac305-c8f7-4b83-bc4e-4b9efea1deb3','bcdc66af-d20f-42e0-8bc2-21fee1c7ec26'),('a06d345b-1e6e-4267-846d-512a2bb3bb21',1,13,'5adc15b0-8a81-4910-a7ee-2bb372d8947c','f386989b-90a3-499c-9ae6-17806b4a87d4','9646368a-8b1a-4f69-8744-cb947bbb590c'),('a081a5e6-9c11-4f37-91fb-74ea97e28140',4,8,'08182f9c-814b-47e3-9985-f39c2c48dd23','4551e1c1-3403-4ad8-9f22-003406c33892','3f4eff16-5caf-45aa-aa83-53bc860668ca'),('a0a72147-43c6-474c-a2fe-ad9500367249',2,NULL,'71776176-8ac0-4bc0-afe1-aca778011a89','4d97ab1c-4d1e-4979-b25b-aa50326b7db2','18f2bada-2f3c-419e-921c-0fac96324e41'),('a1434be7-4a54-4172-89af-62a509dfbbd8',1,8,'423e23b7-22dc-4557-b1d9-4ee863f996e0','e90f23ed-1390-4582-8126-f74cb2c80d64','9f16663c-f653-471a-8bb3-b4eb26524b67'),('a1a28f49-3515-4b8f-8ba4-ca19ab717195',3,9,'23fe3a4f-f9b0-4ad5-b002-cc4ab94d53b0','f5b33d63-65ac-4f2b-a673-bd8d8ff04569','494925c2-0147-4381-9b5d-eb1b15622f73'),('a1c9002d-0ee2-4a40-a0bb-27bfa29a296e',1,8,'b5e5b070-57f0-4644-a60e-3b40e68af507','e548acf0-a7b0-4867-9685-959eba852742','77b48305-eb0e-4fbb-bf35-db3a086dfac2'),('a1ea2431-2c72-4c20-887a-707191038ca5',3,9,'ae41fe73-216c-48f7-902c-dc1d7a411cb0','3500afc5-55b7-449e-9612-87d0a40eb956','7c847407-d519-479c-99bd-b57d01a98670'),('a2731de6-acfb-4283-a569-9d66528d3ff3',4,11,'a3ac0239-2fce-4b85-a250-deec075f1342','a26c2b1e-17c6-43ed-a1cb-f751410f3eb0','7c847407-d519-479c-99bd-b57d01a98670'),('a288a282-7981-482d-a26c-63f8678dea33',2,14,'209f1991-a09e-4566-81aa-888382e7a8b4','0649271b-e024-4e6a-83a2-2a92a019f2f6','563e304f-11d3-4b7b-b5e3-85c45c362e18'),('a2bfe633-d3fc-44d7-83d7-e0342743e36f',3,10,'506926d2-34e1-4ae2-9b0b-f35c19c2b732','ca60e20a-15f0-4be2-86b4-8cffaeb212d1','bcd17dd0-e430-40b5-954f-9a7289a8bac7'),('a2f62743-3d7a-47e6-9d21-98378be8b86b',1,NULL,'96ab08e8-30b2-4252-afac-8192840aa7fa','1a6d0aaa-0ea6-486f-9ba8-da981fddbc1a','bcdc66af-d20f-42e0-8bc2-21fee1c7ec26'),('a304389e-36c5-41be-b75a-31c6c5cd00eb',1,7,'84b7fcad-411a-491e-a131-51dc21ae15bd','a33ab1b4-4f48-484d-a3ce-1ae33113de55','7d5d6490-bb57-4a6d-a268-92c6d0fc6d43'),('a30a56a2-c26d-459f-974d-fd3b4a6bfe38',1,9,'a77d6052-a2fa-455e-9091-b495afab210c','d601f6fd-7ba5-4e5f-9eb3-30cf2d785813','f73a2cf1-38a2-4ae6-b4d5-ea3c68f10db5'),('a39a994f-d5b0-43e9-adf9-4a3452558130',2,7,'46f8fd84-15ba-4cea-98f2-c11992ce8cab','2a42a89e-6127-47a2-91b9-8225f9c1a24e','d85f1c3e-8aad-4978-864e-d801bc912668'),('a3cd10fc-011e-4093-a13b-bff63495f85e',4,5,'ca12ce09-d714-44dd-82c1-89dc2de5e9c1','2332ba9a-fef0-4d43-b36e-8d76ce0e3363','bcdc66af-d20f-42e0-8bc2-21fee1c7ec26'),('a42cdee1-3d8d-4f8c-8343-75d54d485d28',4,7,'506926d2-34e1-4ae2-9b0b-f35c19c2b732','46dab3ef-9a4d-40ea-98c1-a6304b8cda10','bcd17dd0-e430-40b5-954f-9a7289a8bac7'),('a43f35a7-6b69-4887-91ee-5b0107b8051f',3,12,'b1258ee1-fd42-4100-8dbe-911669dee69b','24ad4f17-d4ee-4928-8012-8ed61aa1eace','bcdc66af-d20f-42e0-8bc2-21fee1c7ec26'),('a45c2b19-1463-4efd-a501-a2ac241403bc',3,11,'dbed4a03-ecb7-4f4d-918a-8c65af3e8968','8d02c22e-9a52-4d6f-9fc2-738873790654','494925c2-0147-4381-9b5d-eb1b15622f73'),('a532e1bb-f368-43ff-9c0a-be10bdadbdf4',3,9,'4872bbe1-39b7-4b48-b983-bf06f56c660c','e548acf0-a7b0-4867-9685-959eba852742','7c847407-d519-479c-99bd-b57d01a98670'),('a5412148-98d5-4397-81c3-02b4fc18b2fd',1,9,'15dec003-5456-43ea-a6da-cf981333f6a5','28c2ae2e-33e3-44df-a1bf-7bdf13e421a8','bcdc66af-d20f-42e0-8bc2-21fee1c7ec26'),('a6030697-a2a0-4cb0-af40-09559199ceb5',1,9,'6ca20b83-8efa-4a37-92de-86dbd62ef25c','c6af1fa9-becc-484b-9416-1544ad2e7435','23b601f5-79fb-46f6-af7c-951a78d4e866'),('a646f9d0-2c7d-4de1-9404-17c0f5c14ff9',3,10,'258758eb-a829-4b20-8939-3f6bf8593326','fd79e451-0830-48d6-b6e3-a8def160915e','494925c2-0147-4381-9b5d-eb1b15622f73'),('a65338d1-eb36-48dc-b10a-331a88f8f56a',1,11,'d56c2f91-c1d8-4863-9c55-c441632a2b38','8d02c22e-9a52-4d6f-9fc2-738873790654','bcd17dd0-e430-40b5-954f-9a7289a8bac7'),('a66421c2-8a98-4950-98a7-73a4e1e91da4',4,10,'0bef737c-68ef-4f15-81e2-49d0477d7e13','82cfe886-8c2f-4de0-a487-185a6fe4524f','f73a2cf1-38a2-4ae6-b4d5-ea3c68f10db5'),('a6c6cf22-92f8-49f0-aee4-b240e96f958c',3,NULL,'ad8f10ea-aba0-4cf4-9bf4-8f9aaff60bd3','446a5383-7e94-4069-81fb-558ab92b1f73','bcd17dd0-e430-40b5-954f-9a7289a8bac7'),('a6cb4393-f406-46ef-8499-ac045dcc6fd1',3,9,'ae41fe73-216c-48f7-902c-dc1d7a411cb0','cdbd4358-0857-427e-9487-1629bb325a82','7c847407-d519-479c-99bd-b57d01a98670'),('a6d167da-20c7-47d6-8edd-4d3f931a3462',4,7,'2948fbf6-d2d2-4fa2-a2e4-2f1354aa16f3','c69924de-1980-4051-b08d-efac76a579d8','f73a2cf1-38a2-4ae6-b4d5-ea3c68f10db5'),('a7195b0d-ac61-4750-9a38-d82084a74673',3,9,'a3ac0239-2fce-4b85-a250-deec075f1342','4b22cc3c-bb52-49fc-975d-03c30d69513e','7c847407-d519-479c-99bd-b57d01a98670'),('a780392f-ea84-4627-ab7e-e2a5e22518ce',2,7,'4325f9e1-8bf8-4c98-a98c-6fb9eb9f4215','f38caf99-7df4-4adf-b9cb-9c71fb69fd4f','18f2bada-2f3c-419e-921c-0fac96324e41'),('a782efe6-25fe-4865-af70-d6394a62a8d0',3,NULL,'8eb54151-0939-43e5-a433-defea8048355','32d2b229-667e-4452-a69a-e9b108bfa5d0','494925c2-0147-4381-9b5d-eb1b15622f73'),('a7b2bf08-8598-488d-92ed-a171d6a0a4e8',3,NULL,'a86e51f7-3362-4398-8e39-7b84776379af','6cbbcb7d-12bf-4b21-8ae8-8d640af0d5a9','7d5d6490-bb57-4a6d-a268-92c6d0fc6d43'),('a7c7db06-2331-46f5-871a-34bc404b146b',2,NULL,'8ad26608-ed95-4b9e-ab80-e8b2b1a5ed11','890e8dd6-5a75-4b66-ab49-773488bdd579','bcdc66af-d20f-42e0-8bc2-21fee1c7ec26'),('a8513667-5990-4e5c-8b65-d40e28c384db',1,9,'05e26084-ec9a-4d31-bd07-068c014441c9','e77c5af0-e104-40a4-9e5a-2fee9135adbd','4110d847-bf41-4996-a9f1-2ebe86c69d2f'),('a87d255b-e6f3-447d-87a5-37e4b3025159',3,NULL,'8ad26608-ed95-4b9e-ab80-e8b2b1a5ed11','e31db551-5a83-4ab7-8321-5106a214b604','bcdc66af-d20f-42e0-8bc2-21fee1c7ec26'),('a89a606a-e2e1-4392-9306-65c1c70f5706',4,10,'ce3adffa-6113-48f4-baa2-ade8b4f312bf','46153da3-8539-40ef-9b32-ff7e02c6aaaf','f73a2cf1-38a2-4ae6-b4d5-ea3c68f10db5'),('a8b1da0a-6cec-435b-878e-72e2e3de3c24',2,9,'7321c2f5-e8cd-4be6-8eb5-ab85098d7f4e','89dc81a4-9213-45d2-a3a2-5aebfc6d9fdd','d44edcf1-8e22-428f-895a-fa2c0925dfc2'),('a8d2ef33-8d77-4fe9-835d-85dbb0135129',1,NULL,'7a4d4c3c-a348-4159-94fe-a137bb3c9137','84ad2168-82dd-470e-a55b-7b3e0bd8f0d1','7c847407-d519-479c-99bd-b57d01a98670'),('a8f4b135-c8c3-4566-a51b-3e5d3e148773',4,NULL,'77fc2f5f-4551-484c-9551-e493f4828747','6ed4c6d0-e01f-4f84-b32a-6083cc6e2ea6','bcdc66af-d20f-42e0-8bc2-21fee1c7ec26'),('a9121f67-4add-464a-9937-3238e4786691',2,8,'4872bbe1-39b7-4b48-b983-bf06f56c660c','aa908cfb-a059-4a4f-ba3e-731bb490e57a','7c847407-d519-479c-99bd-b57d01a98670'),('a934c1ff-b4d0-4fb9-a674-67bce152a012',4,14,'b3d362cf-bf31-4826-8056-adfec5fac8a4','ae521a8e-517d-43ed-b14a-a23ca70270a4','f73a2cf1-38a2-4ae6-b4d5-ea3c68f10db5'),('a939e628-11b1-4d8a-9756-dd3ff56379bd',3,15,'b3d362cf-bf31-4826-8056-adfec5fac8a4','e7946fb1-68e5-4756-8aba-446ade4922a6','f73a2cf1-38a2-4ae6-b4d5-ea3c68f10db5'),('a9497b1e-7a02-42c8-a7e8-3905462f0c11',1,NULL,'7a4d4c3c-a348-4159-94fe-a137bb3c9137','cb73f24f-9097-48e0-b733-a86e26903fd8','7c847407-d519-479c-99bd-b57d01a98670'),('a988f92b-e409-4b59-94b2-19ffa804cf11',3,9,'9a5cc41b-8fef-4599-8ce4-04f5011df4d7','301eca31-132d-4ab0-aa2b-029896448f95','7d5d6490-bb57-4a6d-a268-92c6d0fc6d43'),('a9a44aa4-0f7f-4560-ab89-b76e2cb19a3c',1,7,'ab71cf77-6266-437b-8209-96c43fce1ae2','6d5da372-d6f6-4aaa-b89f-dc6675efe12a','18f2bada-2f3c-419e-921c-0fac96324e41'),('a9eb125b-502f-4549-8e92-4fbcc843c1e8',1,13,'b1258ee1-fd42-4100-8dbe-911669dee69b','b2c836a0-e4bf-4dd4-8ab2-1687e6331be8','bcdc66af-d20f-42e0-8bc2-21fee1c7ec26'),('aa04bebe-b69b-4089-a148-303fea10edc1',1,7,'a674ee22-1596-49c1-b951-779db6510c1e','35a93605-3f7d-4c32-9881-3627c21fa7ea','f73a2cf1-38a2-4ae6-b4d5-ea3c68f10db5'),('aa117127-089d-47bb-8549-44f4e3e7b127',2,NULL,'abe30b6a-a079-453d-a23f-2e3416afdc76','6726f203-f0a3-46fc-8a26-b73160d4c85c','7d5d6490-bb57-4a6d-a268-92c6d0fc6d43'),('aa17b211-65e3-4cd5-a62c-f7942b1a1701',3,7,'8ad26608-ed95-4b9e-ab80-e8b2b1a5ed11','1cacea59-3e9f-4d22-9cb8-f93ef07f87a1','bcdc66af-d20f-42e0-8bc2-21fee1c7ec26'),('aa17bf82-6ea4-4e83-bc36-7393a4cc65dc',2,NULL,'56c97fa8-ab16-42b1-9622-197a64fc5a9b','f76d6564-36ac-46fe-a0e1-efb0d81236f3','7dc39f94-11cf-46fa-b7fb-6c18b2df12ab'),('aa4be91e-9d2f-4714-983f-44213acdd3d8',1,6,'b8f53693-b499-45ae-99ba-af038f7f0652','19eb3519-36b6-408d-9eec-1cd7a9f75c74','f73a2cf1-38a2-4ae6-b4d5-ea3c68f10db5'),('aa5f366b-4777-47ff-a2dc-b1d49472243e',1,NULL,'d9e2a41f-6f60-4ec0-a45a-9595cc725536','2ed46b9a-8036-4d83-9454-a5c1f2275600','7d5d6490-bb57-4a6d-a268-92c6d0fc6d43'),('aac61f48-f35a-440b-93e3-e1bd2b89de99',3,8,'86653a1f-6c3d-4add-aecb-5c71942a288f','c2e24f65-635e-4991-8389-90d7f4426ca9','59a0b9a8-b048-421d-869b-860ab29dc46e'),('ab0d7636-3f31-4e4e-8483-da2dbd4ebb10',4,NULL,'d9e2a41f-6f60-4ec0-a45a-9595cc725536','4490d384-78a0-42b3-b884-c367fd5606a8','7d5d6490-bb57-4a6d-a268-92c6d0fc6d43'),('ab191c92-0651-4941-8146-f7463c2cb186',1,10,'e88afa70-b261-4c26-8191-6244d33572ca','d6277b28-9cd8-4d11-a1ac-aaf88b200946','494925c2-0147-4381-9b5d-eb1b15622f73'),('ab5942b8-a679-4cb8-8165-c658e97d80b3',4,8,'f76b4c40-3f06-4638-8053-5f1d96517fe7','cdbd4358-0857-427e-9487-1629bb325a82','bcdc66af-d20f-42e0-8bc2-21fee1c7ec26'),('ab642268-b35b-451a-b94c-9a5de2a9fc41',1,7,'a86e51f7-3362-4398-8e39-7b84776379af','78042619-988d-467b-8b26-be348dd4282b','7d5d6490-bb57-4a6d-a268-92c6d0fc6d43'),('ab95c5c7-50d4-4564-8bd7-3bca40acca7b',1,9,'8ad26608-ed95-4b9e-ab80-e8b2b1a5ed11','33c11c8e-0601-4c52-9183-3c286a43dbd2','bcdc66af-d20f-42e0-8bc2-21fee1c7ec26'),('abb8a0ef-1337-466d-9f46-3946a6fde87b',2,10,'f76b4c40-3f06-4638-8053-5f1d96517fe7','5dcefba3-3460-4707-aa4a-f3ec9f653a83','bcdc66af-d20f-42e0-8bc2-21fee1c7ec26'),('ac244e74-1f1e-4806-ae62-200915626784',3,10,'f76b4c40-3f06-4638-8053-5f1d96517fe7','2ed46b9a-8036-4d83-9454-a5c1f2275600','bcdc66af-d20f-42e0-8bc2-21fee1c7ec26'),('ac27a313-7eea-4266-af63-7fab0b64212b',1,13,'66c75202-6a2b-45cc-b4d4-08585053e0ef','3f542fa2-9ae7-4b8c-aa07-e236613584c9','bcdc66af-d20f-42e0-8bc2-21fee1c7ec26'),('ac5bd686-4d13-4001-a48f-e030c9deeb8f',3,NULL,'ce3adffa-6113-48f4-baa2-ade8b4f312bf','e673e082-7e12-4358-bbc4-3960b1bba40e','f73a2cf1-38a2-4ae6-b4d5-ea3c68f10db5'),('ac61eec7-6c25-4feb-a26b-34438833dc63',4,NULL,'ab71cf77-6266-437b-8209-96c43fce1ae2','a33ab1b4-4f48-484d-a3ce-1ae33113de55','18f2bada-2f3c-419e-921c-0fac96324e41'),('ac7142dc-689f-4a41-a97e-da0887bdb9d9',3,15,'a3ac0239-2fce-4b85-a250-deec075f1342','77c73709-065e-4133-924d-7b398999a633','7c847407-d519-479c-99bd-b57d01a98670'),('ad04243b-fb10-49ef-8914-aa1cf784f58f',3,NULL,'a674ee22-1596-49c1-b951-779db6510c1e','c3e08670-62da-4717-9cec-ae22f8b96ec4','f73a2cf1-38a2-4ae6-b4d5-ea3c68f10db5'),('ad0faf1b-fbb7-463b-9740-b37012087b4f',1,9,'23fd7699-5cbd-40cd-87d2-7250a65d87ce','d878cd1a-c7a0-41e5-ab08-52727e25a65c','18f2bada-2f3c-419e-921c-0fac96324e41'),('ad3c4534-d4f1-4d07-8536-a10fcc4c6834',3,7,'906b4c5d-123c-428b-a7e2-91c75f731d75','24974fa0-0ae7-4ed2-8d18-89ee4b381a89','f73a2cf1-38a2-4ae6-b4d5-ea3c68f10db5'),('ae0b337c-ab33-44b6-84ac-e6400a6ab4af',2,NULL,'262c225b-e217-491d-ad55-a604036f0893','d4b236fa-2f9a-463b-9990-f1263aa5d95b','7d5d6490-bb57-4a6d-a268-92c6d0fc6d43'),('ae42d164-6edd-4900-80a0-eaa014a0fd56',2,NULL,'abe30b6a-a079-453d-a23f-2e3416afdc76','46153da3-8539-40ef-9b32-ff7e02c6aaaf','7d5d6490-bb57-4a6d-a268-92c6d0fc6d43'),('ae7000fb-f7ff-4236-b05b-3148b36f01b3',3,7,'55966c99-36e5-48a1-855c-227d114223b3','074eeee9-5aab-46e9-ad3e-5e403b4e71d9','f73a2cf1-38a2-4ae6-b4d5-ea3c68f10db5'),('ae843912-6d67-4828-baeb-7e36aece06ad',1,8,'d166c651-2f14-4c54-a28d-bcb6990f8772','70eaf108-8ebe-48c3-a948-7113d120a2e6','f73a2cf1-38a2-4ae6-b4d5-ea3c68f10db5'),('aec78338-1d00-45bd-b9cd-2f097404044a',1,8,'2948fbf6-d2d2-4fa2-a2e4-2f1354aa16f3','b8589a34-bbf8-47de-99fe-16d5c8259cf5','f73a2cf1-38a2-4ae6-b4d5-ea3c68f10db5'),('aedc8dbc-2299-4195-9f4a-6b6f3905fe20',2,NULL,'0bef737c-68ef-4f15-81e2-49d0477d7e13','d123da58-b45f-4ffb-b277-98c419c895a2','f73a2cf1-38a2-4ae6-b4d5-ea3c68f10db5'),('af0700f8-8fe4-4544-bd98-75d559ff9cc9',4,10,'8254135d-febd-483a-80a6-41f7bbb48c7c','151da2de-5755-4c77-9f1c-cbf96dd83388','7c847407-d519-479c-99bd-b57d01a98670'),('af8920e8-6914-4987-bea0-a09a8150ecc4',3,11,'64643a32-3b11-4d3c-9746-1f9d6edab87e','5db609fc-19fc-4cf6-8729-4540815d6a35','f73a2cf1-38a2-4ae6-b4d5-ea3c68f10db5'),('afaa462d-2222-45b5-ab49-4f052ccf18d2',4,7,'ce3adffa-6113-48f4-baa2-ade8b4f312bf','e00c28fd-aaf6-43a7-87ad-15dc61f93cec','f73a2cf1-38a2-4ae6-b4d5-ea3c68f10db5'),('afb02f57-c3b2-42a2-82a5-43f4884eb8d5',2,NULL,'f76b4c40-3f06-4638-8053-5f1d96517fe7','c0ee1066-9c77-4d08-a075-837707115dc3','bcdc66af-d20f-42e0-8bc2-21fee1c7ec26'),('afd0caf3-035d-4301-b69b-fe4c699d2c25',2,NULL,'238370d5-306e-4cde-a891-849b365ee683','d878cd1a-c7a0-41e5-ab08-52727e25a65c','bcdc66af-d20f-42e0-8bc2-21fee1c7ec26'),('afd85ec5-ec42-4732-8692-d7f89063514e',2,6,'bd2f151e-719d-40ff-bd13-d7703812f204','3c848d70-ca59-4866-a3c9-6050c55d2a7b','7c847407-d519-479c-99bd-b57d01a98670'),('b0b40338-0d19-4e84-adc7-be71844c83a7',3,6,'64643a32-3b11-4d3c-9746-1f9d6edab87e','d0eb425a-682f-4bd4-807e-82d064ad9364','f73a2cf1-38a2-4ae6-b4d5-ea3c68f10db5'),('b1292977-9d08-490f-8a5e-10b3f81bcb33',4,7,'15dec003-5456-43ea-a6da-cf981333f6a5','28f6560b-4123-4fe4-bfc4-45dc14229b28','bcdc66af-d20f-42e0-8bc2-21fee1c7ec26'),('b12b80f8-1471-4379-9642-d48561515723',3,6,'abe30b6a-a079-453d-a23f-2e3416afdc76','e216bf3b-1fa8-48dd-8a6e-9120bb10b317','7d5d6490-bb57-4a6d-a268-92c6d0fc6d43'),('b16eaf7a-4b7c-4828-9ea8-f5f69d9a14d8',2,6,'d0b7e74f-4075-4f3f-b9c0-9a3794a671f7','0f69f73c-fb2c-4218-bf53-3b5ec846adae','18f2bada-2f3c-419e-921c-0fac96324e41'),('b17090fd-c36a-4d48-ac17-668f077ce9ce',3,7,'2948fbf6-d2d2-4fa2-a2e4-2f1354aa16f3','3c277f68-dd05-40fd-bfbc-578a527ad91d','f73a2cf1-38a2-4ae6-b4d5-ea3c68f10db5'),('b171d3be-c872-41cf-a974-7ae35a54bd12',1,7,'290f18f7-7580-433e-bde2-8f424c5ba464','28f6560b-4123-4fe4-bfc4-45dc14229b28','31c2bb6a-1161-4981-98ef-ca9d4cc302c6'),('b1a290ae-211e-4fcb-9507-c7237acd9c35',4,9,'01343fa2-c109-4b5e-a947-658d58bbcc07','1217acdf-69eb-4639-bf41-cff417438ac0','19dd9903-d999-48c1-b84c-1b0fa33dcd15'),('b2e69fa2-c848-4ffa-bdc9-64530b07a23a',4,11,'5adc15b0-8a81-4910-a7ee-2bb372d8947c','19e5981b-8000-4e64-b2f7-c4d1322b2c20','9646368a-8b1a-4f69-8744-cb947bbb590c'),('b38ca5ac-ecd9-45f7-8cc3-fa74253ac8f8',3,NULL,'55966c99-36e5-48a1-855c-227d114223b3','8a3e3469-5c7d-4918-a1b4-6afe7ca9b102','f73a2cf1-38a2-4ae6-b4d5-ea3c68f10db5'),('b3dfa433-0cb7-44a9-b6fc-d985f5a45aa0',1,8,'a86e51f7-3362-4398-8e39-7b84776379af','2f540bd1-183e-44fe-aad9-633e4d319d8d','7d5d6490-bb57-4a6d-a268-92c6d0fc6d43'),('b3f0768f-5486-4704-a2fb-9770ea77d71f',2,8,'abe30b6a-a079-453d-a23f-2e3416afdc76','1dfc4fba-91fe-4208-b23b-7de92d4e05ba','7d5d6490-bb57-4a6d-a268-92c6d0fc6d43'),('b4188fd4-ceb3-4ada-ad6e-03638c6bd98c',1,10,'b7eebdbf-6687-46b5-877e-db9365f0bd5d','884137f6-25d2-4885-8c51-f4bf964bf6ff','bcdc66af-d20f-42e0-8bc2-21fee1c7ec26'),('b4481f08-3a34-4a56-923c-f32c49d3020c',3,6,'ca12ce09-d714-44dd-82c1-89dc2de5e9c1','19eb3519-36b6-408d-9eec-1cd7a9f75c74','bcdc66af-d20f-42e0-8bc2-21fee1c7ec26'),('b4590413-9bd1-4c6c-bc78-b00c0ff429e9',4,9,'b908ec91-2033-45fd-9eb7-38fc5faed190','5f7ba1b5-350d-4fd6-ac52-ea7e23fcd5c8','f73a2cf1-38a2-4ae6-b4d5-ea3c68f10db5'),('b47d3834-a0a6-4fc6-9c96-e661939b7b0b',1,NULL,'64643a32-3b11-4d3c-9746-1f9d6edab87e','410b833c-c338-4ef9-aca4-d193d2874496','f73a2cf1-38a2-4ae6-b4d5-ea3c68f10db5'),('b4d08319-ad42-4e1c-9120-c994a342c89d',2,6,'ce3adffa-6113-48f4-baa2-ade8b4f312bf','2a557f47-2907-46e0-ac00-5d1c4f249214','f73a2cf1-38a2-4ae6-b4d5-ea3c68f10db5'),('b544f3bc-2d64-47e0-99b8-46a545a15668',4,NULL,'69393a02-7e5c-499f-8005-108740dee92f','24974fa0-0ae7-4ed2-8d18-89ee4b381a89','bcdc66af-d20f-42e0-8bc2-21fee1c7ec26'),('b5a43372-588b-46cb-b833-e2819eac4de3',4,7,'14af64e7-35fd-4840-99c5-a1394ba6cfe3','8bf2ac32-8c8f-49f4-93e3-f04e06331fb8','18f2bada-2f3c-419e-921c-0fac96324e41'),('b5b67c04-9d86-41f6-97a2-2384e48095d7',3,9,'7df079e3-e5ec-4632-b6f0-c4a3cb09f3f7','aa908cfb-a059-4a4f-ba3e-731bb490e57a','bcd17dd0-e430-40b5-954f-9a7289a8bac7'),('b719f014-ce05-4480-bf19-b46230583614',2,6,'dc68c6a5-8f46-47f6-86d2-c85c6ae06dd9','4756d912-0e6b-4a57-b343-335d0485d640','55508317-abd0-4b59-a7c5-e029dd97c314'),('b77590bb-f67c-46eb-b58e-e4440efa1e3f',2,8,'022b0928-6531-438b-9168-d0b7ab96dfa1','27ff2a95-6669-4d26-a0c2-82c6afcd8227','77b48305-eb0e-4fbb-bf35-db3a086dfac2'),('b7e95346-d135-43a4-ade3-ab995b5572c0',2,7,'b1258ee1-fd42-4100-8dbe-911669dee69b','32d2b229-667e-4452-a69a-e9b108bfa5d0','bcdc66af-d20f-42e0-8bc2-21fee1c7ec26'),('b7f1c418-0eba-4084-8736-7b897a61e215',1,14,'96ab08e8-30b2-4252-afac-8192840aa7fa','0649271b-e024-4e6a-83a2-2a92a019f2f6','bcdc66af-d20f-42e0-8bc2-21fee1c7ec26'),('b7f2a3c5-e14c-4c69-8453-1572c51c91dc',2,NULL,'e527deb5-3666-4385-a3ef-f3ae959e20ea','1f3e1099-c1bc-4145-aee1-67a21f488f01','494925c2-0147-4381-9b5d-eb1b15622f73'),('b8294ea9-4daa-4c6b-b162-273e2fe010b1',3,6,'77fc2f5f-4551-484c-9551-e493f4828747','1d421e68-5f02-4c25-9ed9-e44f9a366905','bcdc66af-d20f-42e0-8bc2-21fee1c7ec26'),('b82a3806-f1d4-498f-9e93-f37b9731b3ac',4,NULL,'d56c2f91-c1d8-4863-9c55-c441632a2b38','afce1573-0548-452f-833b-c01cac8f6432','bcd17dd0-e430-40b5-954f-9a7289a8bac7'),('b844781c-2794-499f-af3a-1480aeae3edc',3,10,'238370d5-306e-4cde-a891-849b365ee683','f0d079ed-2710-482c-9846-26ab04fea8b2','bcdc66af-d20f-42e0-8bc2-21fee1c7ec26'),('b864a3cf-8b9a-45b9-b012-833f038f8303',3,11,'84b7fcad-411a-491e-a131-51dc21ae15bd','8a83c44d-7540-49c5-bc90-5809b1edfc26','bcdc66af-d20f-42e0-8bc2-21fee1c7ec26'),('b942227c-5f5c-4fd3-941d-15dc72ee5189',3,6,'e17b86a1-3438-4b49-8200-5e2425938ac0','bd39df4b-917d-4ab3-9676-0d947172fa2b','d85f1c3e-8aad-4978-864e-d801bc912668'),('b9fda723-3836-40f6-9a84-ed1a03b4d16d',1,9,'0bef737c-68ef-4f15-81e2-49d0477d7e13','45df0fc8-1600-46ec-82e0-67269254561d','f73a2cf1-38a2-4ae6-b4d5-ea3c68f10db5'),('ba66c8f6-bf2c-4cc5-a64d-f3cf8ba65ffa',1,NULL,'3ac88a17-93b9-4eb5-aab4-6a1ed3f46bc3','392d0a3f-46bd-4e71-ab0f-171aa1ad3758','18f2bada-2f3c-419e-921c-0fac96324e41'),('ba8a8aa0-a6cb-4139-a259-9452de8971f5',1,NULL,'badbc1cf-ac60-4c25-9210-3bdd8caddca4','71d68224-1de8-4a99-8d1d-406da35715b4','494925c2-0147-4381-9b5d-eb1b15622f73'),('baa8458e-9b97-4941-b3f3-836a70250b5d',1,NULL,'906b4c5d-123c-428b-a7e2-91c75f731d75','e18a82c3-066e-4331-bdea-28def62e31ac','f73a2cf1-38a2-4ae6-b4d5-ea3c68f10db5'),('bac5cd11-3b70-415a-9e2d-f95466b202ed',2,11,'abe30b6a-a079-453d-a23f-2e3416afdc76','1e95168a-8c66-494f-aec1-239ee8cc45f9','7d5d6490-bb57-4a6d-a268-92c6d0fc6d43'),('baf1b39d-2fd1-49b3-836a-2b871aa110e4',3,NULL,'91a6af90-4b3e-4bfa-9702-cd456024dc7f','19e5981b-8000-4e64-b2f7-c4d1322b2c20','d85f1c3e-8aad-4978-864e-d801bc912668'),('bb51972e-6107-4a69-bb61-ce38db0f856e',3,NULL,'e8c4d1cd-1942-48a6-8753-d0a4ddb11eed','3c848d70-ca59-4866-a3c9-6050c55d2a7b','bcd17dd0-e430-40b5-954f-9a7289a8bac7'),('bb9aa6ea-0a1b-4b2c-bd53-ab317bda67d0',4,7,'6408be34-d9f2-45ff-81cf-9c9f97ff16b1','bdcb8cc9-fb3e-49a9-96aa-fc4e497106bd','7d5d6490-bb57-4a6d-a268-92c6d0fc6d43'),('bbe370d8-7ff7-4d14-8b1c-6bf5c49150dc',3,7,'7a4d4c3c-a348-4159-94fe-a137bb3c9137','e00c28fd-aaf6-43a7-87ad-15dc61f93cec','7c847407-d519-479c-99bd-b57d01a98670'),('bcaa0b91-9832-4b1c-a0e2-241703fd039b',2,NULL,'f76b4c40-3f06-4638-8053-5f1d96517fe7','1050194c-a955-45e7-938b-363caece8886','bcdc66af-d20f-42e0-8bc2-21fee1c7ec26'),('bd360568-b44b-47df-9223-12ecb52a7194',3,12,'06560d87-4029-44d8-b0b1-752daa03d6be','7df08761-37bf-47fd-8ef1-2da78e3cb040','7d5d6490-bb57-4a6d-a268-92c6d0fc6d43'),('bda36fc3-399f-4bc0-9ee3-b8c502bd5494',2,9,'69393a02-7e5c-499f-8005-108740dee92f','b5c86dd4-b568-4bf2-b27f-64480d4fdb96','bcdc66af-d20f-42e0-8bc2-21fee1c7ec26'),('bdf2b3b6-f554-4b91-af33-69cc6e2fdb43',1,9,'ca12ce09-d714-44dd-82c1-89dc2de5e9c1','bd8cc506-fa30-4fd5-9e7f-f8d1b3d20d1d','bcdc66af-d20f-42e0-8bc2-21fee1c7ec26'),('be14319b-0448-4db9-b540-c2d990151f5a',2,5,'649594d5-e479-4984-9c7b-36caf7a81fa6','7c860660-2aa4-41e3-a4bb-9066d632ba27','494925c2-0147-4381-9b5d-eb1b15622f73'),('be47abe6-fc37-4bef-9774-2f3dda2b66dd',3,9,'f76b4c40-3f06-4638-8053-5f1d96517fe7','1401e542-06db-4309-8adb-4868b2cad571','bcdc66af-d20f-42e0-8bc2-21fee1c7ec26'),('be5afd03-8b3d-43aa-93a3-466915ad64b9',2,5,'2763b3f9-089a-44bf-b3f6-9b47fef0e0eb','b54498c8-0766-4c5d-8d77-770faae72b1d','31c2bb6a-1161-4981-98ef-ca9d4cc302c6'),('be646516-f6f9-43e1-8ad1-82950916afb1',3,9,'d9247883-d3f8-49d2-a867-b25342ecb7a9','68e726a3-089a-4cee-a768-a972178c6e22','d44edcf1-8e22-428f-895a-fa2c0925dfc2'),('be91c3bb-f4f8-48ea-bf46-34aba2d65b62',2,NULL,'64643a32-3b11-4d3c-9746-1f9d6edab87e','391fe186-fbcb-4419-8f1f-9d16de14cf92','f73a2cf1-38a2-4ae6-b4d5-ea3c68f10db5'),('be91ee66-bb4b-42c7-a7ca-63397d5ea17f',4,9,'4d8f2865-164f-42ce-bd0a-c0becd03b425','526f7687-e572-4276-8044-ebb83169890d','f73a2cf1-38a2-4ae6-b4d5-ea3c68f10db5'),('be9fa25c-72f5-4169-bafd-87802b6a98ef',3,8,'69393a02-7e5c-499f-8005-108740dee92f','4093f31c-6122-4f82-bd5d-40140ffc585b','bcdc66af-d20f-42e0-8bc2-21fee1c7ec26'),('beee6af1-8923-4f02-806e-498924bc4d33',2,7,'64643a32-3b11-4d3c-9746-1f9d6edab87e','cb73f24f-9097-48e0-b733-a86e26903fd8','f73a2cf1-38a2-4ae6-b4d5-ea3c68f10db5'),('bf3247af-3495-43be-ba15-d68dc64affd8',3,8,'7c5959a5-8f85-4129-ae6a-0ee107aa0d22','c6af1fa9-becc-484b-9416-1544ad2e7435','7c847407-d519-479c-99bd-b57d01a98670'),('bf4d48eb-fe20-4570-b415-8ae827403a94',4,8,'238370d5-306e-4cde-a891-849b365ee683','e548acf0-a7b0-4867-9685-959eba852742','bcdc66af-d20f-42e0-8bc2-21fee1c7ec26'),('bf5aa053-2fb1-4e19-a508-43079c316a17',1,10,'a8155b8d-4ec4-403f-b6d0-08464fe9d51e','a49a4acb-d01a-443e-b957-3754dfc81694','494925c2-0147-4381-9b5d-eb1b15622f73'),('c00a45f7-809c-4dfd-8053-0e08bdc58452',4,NULL,'906b4c5d-123c-428b-a7e2-91c75f731d75','7dcf0edd-beee-4687-b2ec-778f0ba9cc38','f73a2cf1-38a2-4ae6-b4d5-ea3c68f10db5'),('c151c6d1-7598-41d2-9875-28847e2df78c',3,NULL,'0d79e631-f0fa-4f96-9b4b-0c6567c41403','d601f6fd-7ba5-4e5f-9eb3-30cf2d785813','31c2bb6a-1161-4981-98ef-ca9d4cc302c6'),('c161457e-f10c-47ba-84eb-7702572e9381',4,NULL,'77fc2f5f-4551-484c-9551-e493f4828747','2f540bd1-183e-44fe-aad9-633e4d319d8d','bcdc66af-d20f-42e0-8bc2-21fee1c7ec26'),('c1757e11-0c20-43af-9ccb-8712f726bc7c',2,8,'0bef737c-68ef-4f15-81e2-49d0477d7e13','c77386c5-2394-4f3c-a8c5-890afccc2e6a','f73a2cf1-38a2-4ae6-b4d5-ea3c68f10db5'),('c1dc35f2-1007-4b02-8524-e39b98429bff',4,8,'f52e8e9d-cb1e-45fe-bd4b-8f95dc217e6c','8b9c1db5-2379-4549-b551-135bd888ed9f','7c847407-d519-479c-99bd-b57d01a98670'),('c21096ad-c3fb-409b-adc7-c39cc83cc6d5',2,9,'442a348e-0a25-460e-9b1f-0804fb716f93','f74183f5-f95a-4f5a-9738-3e5054b3aeda','bcdc66af-d20f-42e0-8bc2-21fee1c7ec26'),('c26f3ee8-ea62-4e73-879b-e8e6ce38040b',4,6,'786adef8-fff7-441c-a4de-6eab07fdacd7','cb62d32a-cbc8-41b2-8fa7-269198bd1e5a','bcd17dd0-e430-40b5-954f-9a7289a8bac7'),('c2c31d04-fc82-426b-a292-35ac38741ddd',4,10,'b1258ee1-fd42-4100-8dbe-911669dee69b','1c18e8ca-5fe4-4f06-be98-8172064a65ac','bcdc66af-d20f-42e0-8bc2-21fee1c7ec26'),('c2ef05e7-7895-47bf-9adb-96105706630f',4,8,'3f64fef1-a96c-4b9b-bf2e-8a5359fcc6aa','f21e15e5-6eef-4df8-865d-0fc931d04e1b','18f2bada-2f3c-419e-921c-0fac96324e41'),('c2f7d04d-6146-45e5-9218-587271b50b9a',1,7,'d2ffa687-7f8d-4767-98b3-385a9993a185','7dcf0edd-beee-4687-b2ec-778f0ba9cc38','bcd17dd0-e430-40b5-954f-9a7289a8bac7'),('c354fb2a-6874-4cbf-852e-64d4686fa94d',2,8,'0d79e631-f0fa-4f96-9b4b-0c6567c41403','d4cda912-6ca4-4fbd-82ee-41fcb40281b9','31c2bb6a-1161-4981-98ef-ca9d4cc302c6'),('c371ac5d-5bec-4871-9c97-b46f76a210b8',4,11,'48991208-3f7e-4821-b37b-ed13839ce3a6','e7946fb1-68e5-4756-8aba-446ade4922a6','bcd17dd0-e430-40b5-954f-9a7289a8bac7'),('c3bc7c67-4b9d-44e3-9de7-572df0a52f06',2,7,'e527deb5-3666-4385-a3ef-f3ae959e20ea','023456f8-7aa3-4cd8-b7c0-ad29913f84c5','494925c2-0147-4381-9b5d-eb1b15622f73'),('c3fa825d-9ce1-49c7-8875-03442910e0b0',1,8,'64643a32-3b11-4d3c-9746-1f9d6edab87e','fd79e451-0830-48d6-b6e3-a8def160915e','f73a2cf1-38a2-4ae6-b4d5-ea3c68f10db5'),('c410c15e-b7e5-4cf9-a9a7-47edf235c589',3,9,'69393a02-7e5c-499f-8005-108740dee92f','e77c5af0-e104-40a4-9e5a-2fee9135adbd','bcdc66af-d20f-42e0-8bc2-21fee1c7ec26'),('c45a0270-1c6f-429f-80de-f4e2602a55e4',3,12,'be76f907-25f4-4745-ac8c-93b62d50b6ed','884137f6-25d2-4885-8c51-f4bf964bf6ff','446bbf78-3c3a-4105-8740-c5b4368655a9'),('c4920c03-5d49-4404-aa78-6a05887b86a7',2,7,'b008d2cb-fd63-4530-bab9-e4944bfae79f','70ad315b-f595-4230-a76f-d56009c99815','18f2bada-2f3c-419e-921c-0fac96324e41'),('c4992f74-f062-42f4-80ef-b73600eff3fd',4,6,'506926d2-34e1-4ae2-9b0b-f35c19c2b732','dd6ece3e-2a02-4d26-bc86-006274e2e0f7','bcd17dd0-e430-40b5-954f-9a7289a8bac7'),('c4d3fcb3-2302-4d62-9394-65385b2763b3',3,10,'49f2b076-a321-4123-92b5-ab2e81a5f451','c9924d51-69e4-4ad8-8d2c-491f5b039fbb','18f2bada-2f3c-419e-921c-0fac96324e41'),('c54170b0-881c-42c0-a587-7e5aea4e24e3',2,11,'0bef737c-68ef-4f15-81e2-49d0477d7e13','159eeae0-46ad-4798-b679-caeb0b72fdba','f73a2cf1-38a2-4ae6-b4d5-ea3c68f10db5'),('c5a8572a-0a47-4492-bcb2-153ddbea68a6',3,NULL,'2763b3f9-089a-44bf-b3f6-9b47fef0e0eb','7bfbd046-9ea4-44fb-85d3-d12653d7d4a1','31c2bb6a-1161-4981-98ef-ca9d4cc302c6'),('c5aad106-8616-4994-a55a-e7df9bf9e04d',1,8,'ac734230-b3dc-4fee-b833-02a571d3e8cd','c2e24f65-635e-4991-8389-90d7f4426ca9','19dd9903-d999-48c1-b84c-1b0fa33dcd15'),('c5b8be4f-f068-427a-86f4-07810ddcda17',4,10,'6167b0a6-7666-481b-a076-e4044239c9b1','7ebd627e-19f0-4ec5-b0f7-c9dcb892a771','83c333d4-2546-4b37-b28e-16bebb298bbd'),('c5d7de86-70db-4060-9a6e-b268561672a7',4,5,'b3d362cf-bf31-4826-8056-adfec5fac8a4','99ed0ba4-4f57-4589-bcda-90c4648e4ecb','f73a2cf1-38a2-4ae6-b4d5-ea3c68f10db5'),('c66d64bd-76ac-44e4-9db7-870316ef905b',2,NULL,'a674ee22-1596-49c1-b951-779db6510c1e','e0e538d4-89a6-4008-832a-477f18da1d66','f73a2cf1-38a2-4ae6-b4d5-ea3c68f10db5'),('c692acdb-fc18-4b5c-9110-e8fcdccd9b40',2,NULL,'2948fbf6-d2d2-4fa2-a2e4-2f1354aa16f3','d2337ac2-c7b1-4ad5-bcec-2dd7cb60fe86','f73a2cf1-38a2-4ae6-b4d5-ea3c68f10db5'),('c69961d0-c256-4ae2-a515-dc8634c50cad',2,8,'238370d5-306e-4cde-a891-849b365ee683','42478984-e68c-418f-aee4-2a7d24383ad4','bcdc66af-d20f-42e0-8bc2-21fee1c7ec26'),('c6b7102e-95eb-442a-abd9-5f7a19f51a15',2,8,'42ea8e6e-33e1-4c5c-8477-9b8858c8a560','4551e1c1-3403-4ad8-9f22-003406c33892','a112df3f-73c0-40f6-bd5c-af4a63ff91bb'),('c721ebf0-47db-4b23-85a2-b8c4521042ef',1,7,'a77d6052-a2fa-455e-9091-b495afab210c','4490d384-78a0-42b3-b884-c367fd5606a8','f73a2cf1-38a2-4ae6-b4d5-ea3c68f10db5'),('c7293f9d-c0eb-4bd0-b910-7650060b26c8',1,10,'238370d5-306e-4cde-a891-849b365ee683','162cb95b-accf-4ed8-a25c-833db7546804','bcdc66af-d20f-42e0-8bc2-21fee1c7ec26'),('c7523f3b-dfec-4e1b-83ea-93f99dfd496c',4,7,'b1258ee1-fd42-4100-8dbe-911669dee69b','6d5da372-d6f6-4aaa-b89f-dc6675efe12a','bcdc66af-d20f-42e0-8bc2-21fee1c7ec26'),('c75ca988-45d2-4d32-afd9-f925fcab70d3',1,7,'a373b649-9675-4ca0-a3a8-99faf1f92cc1','0306af1a-2006-4fc1-a678-9e1d300e6ed1','18f2bada-2f3c-419e-921c-0fac96324e41'),('c767cd52-4ccc-4c6d-bfba-7e6de482904a',2,10,'238370d5-306e-4cde-a891-849b365ee683','5fc29f98-808e-480e-b1ef-96df1d6db81c','bcdc66af-d20f-42e0-8bc2-21fee1c7ec26'),('c7941765-c1f0-47ad-bdb2-a1cf627e84c2',4,9,'ca12ce09-d714-44dd-82c1-89dc2de5e9c1','cd44b903-9faf-4497-b101-5e4ee1eb8737','bcdc66af-d20f-42e0-8bc2-21fee1c7ec26'),('c7a3e65f-3e27-4ff9-b7bc-6e0ebce6cc95',2,11,'de4339fc-995c-47b3-ac03-78ea1127f612','b2c836a0-e4bf-4dd4-8ab2-1687e6331be8','7d5d6490-bb57-4a6d-a268-92c6d0fc6d43'),('c81355f5-0915-4005-88d8-9904619c94e4',3,11,'85014cca-001f-438b-932f-25edf4f8b507','71d68224-1de8-4a99-8d1d-406da35715b4','7d5d6490-bb57-4a6d-a268-92c6d0fc6d43'),('c81a5f2b-5e4c-4ca6-99c4-9a6c148d3e07',1,7,'a674ee22-1596-49c1-b951-779db6510c1e','bdcb8cc9-fb3e-49a9-96aa-fc4e497106bd','f73a2cf1-38a2-4ae6-b4d5-ea3c68f10db5'),('c8db4328-9402-4355-9059-67aeeca6f2e6',4,7,'be76f907-25f4-4745-ac8c-93b62d50b6ed','dc1fc92d-e1e8-49ab-b439-5235e724fc84','446bbf78-3c3a-4105-8740-c5b4368655a9'),('c90faa3c-1982-4061-952e-ace02da4150e',2,7,'ca12ce09-d714-44dd-82c1-89dc2de5e9c1','d3af15ac-17c4-4b27-8c7a-34dd95559071','bcdc66af-d20f-42e0-8bc2-21fee1c7ec26'),('c948b3b0-2684-4bea-89d2-e6ee746c89ed',2,NULL,'ce3adffa-6113-48f4-baa2-ade8b4f312bf','36c6c1ff-562d-4ad7-b894-6019142bfebd','f73a2cf1-38a2-4ae6-b4d5-ea3c68f10db5'),('c95ddc99-2b79-4aab-9e5e-4ff7aed9d4a1',1,7,'12dd34eb-c08f-4f88-8bbf-894e5ca5595c','6726f203-f0a3-46fc-8a26-b73160d4c85c','7dc39f94-11cf-46fa-b7fb-6c18b2df12ab'),('c9e52d56-f382-4ab5-b587-bee95256a907',2,7,'55966c99-36e5-48a1-855c-227d114223b3','d66b35b6-67ec-403c-9661-1e53cf30130b','f73a2cf1-38a2-4ae6-b4d5-ea3c68f10db5'),('c9f64c41-5dea-48e6-a24d-969af17a446d',1,8,'77fc2f5f-4551-484c-9551-e493f4828747','f00616c7-c061-4662-b96d-b572dcd70daf','bcdc66af-d20f-42e0-8bc2-21fee1c7ec26'),('ca3f1903-e9ca-4e73-87ae-dabe8c36bff6',1,9,'4de45bf1-25ae-4719-ad3b-20dc56b29a62','8b352d29-2153-4c61-a74e-f359c1d2828d','9f16663c-f653-471a-8bb3-b4eb26524b67'),('ca4557f6-14b5-4322-803e-eddf75d4f6b3',4,10,'64643a32-3b11-4d3c-9746-1f9d6edab87e','97bd4d7b-10f9-45c2-8ac1-5a8768fab56a','f73a2cf1-38a2-4ae6-b4d5-ea3c68f10db5'),('ca5cc98a-a50f-43db-89b2-44ad382855b4',4,6,'bee882b3-8bbc-472d-80fa-d683adc8468c','e216bf3b-1fa8-48dd-8a6e-9120bb10b317','18f2bada-2f3c-419e-921c-0fac96324e41'),('caaa18b7-ebf4-41ad-884a-6e71f07a02b5',2,7,'25fa61be-722d-4a60-b7bc-d374310469ac','2f540bd1-183e-44fe-aad9-633e4d319d8d','7c847407-d519-479c-99bd-b57d01a98670'),('cb023e49-3f69-48e4-a401-6ad11e731b6b',1,9,'e4f93f3f-c63c-498b-b034-9322e87d21fa','b5c86dd4-b568-4bf2-b27f-64480d4fdb96','18f2bada-2f3c-419e-921c-0fac96324e41'),('cbb8c887-1c2b-47f1-9097-dd95f7efc7ba',2,7,'7df079e3-e5ec-4632-b6f0-c4a3cb09f3f7','e00c28fd-aaf6-43a7-87ad-15dc61f93cec','bcd17dd0-e430-40b5-954f-9a7289a8bac7'),('cbeb77bd-857b-49e1-a55d-f1d9c7b5b5c9',1,9,'46f8fd84-15ba-4cea-98f2-c11992ce8cab','5f7ba1b5-350d-4fd6-ac52-ea7e23fcd5c8','d85f1c3e-8aad-4978-864e-d801bc912668'),('cbfbdee3-ba18-454d-8535-3ddd8eebd53e',4,12,'ca12ce09-d714-44dd-82c1-89dc2de5e9c1','8a3e3469-5c7d-4918-a1b4-6afe7ca9b102','bcdc66af-d20f-42e0-8bc2-21fee1c7ec26'),('cc88016e-6462-4c60-90a7-cabdd1e3998c',4,8,'7165b480-0080-43a9-9b2c-a5b0b0d50b6f','70eaf108-8ebe-48c3-a948-7113d120a2e6','bcdc66af-d20f-42e0-8bc2-21fee1c7ec26'),('cd054b5c-403f-4e37-aafc-981d3aedf91d',3,10,'290f18f7-7580-433e-bde2-8f424c5ba464','4414f4d8-2f9a-4ed1-a871-fe1d5b3deb22','31c2bb6a-1161-4981-98ef-ca9d4cc302c6'),('cd14022a-ed19-4d5e-a4a2-d698e2e0e490',4,7,'0bef737c-68ef-4f15-81e2-49d0477d7e13','ca15c41e-d626-4925-8d76-2137a2071815','f73a2cf1-38a2-4ae6-b4d5-ea3c68f10db5'),('cd27e4a6-c13d-45f9-91cc-76fb9818c230',3,7,'15dec003-5456-43ea-a6da-cf981333f6a5','8bb41d6f-8fa4-4da1-badb-6f882706c3f5','bcdc66af-d20f-42e0-8bc2-21fee1c7ec26'),('cd2db627-1381-4a28-ae95-9ec0f0e8f832',2,8,'ca12ce09-d714-44dd-82c1-89dc2de5e9c1','4ee93313-97d2-45ec-9ad9-d68497e1bc9a','bcdc66af-d20f-42e0-8bc2-21fee1c7ec26'),('cda64a8f-6155-4075-9802-0a3a0e67e345',4,9,'ca12ce09-d714-44dd-82c1-89dc2de5e9c1','f76d6564-36ac-46fe-a0e1-efb0d81236f3','bcdc66af-d20f-42e0-8bc2-21fee1c7ec26'),('ce101d68-30eb-42ea-b457-4133be0460dd',2,8,'bd278c78-f307-44b5-a230-fb2e040cfd16','fe12811b-7e5e-4827-abd0-f8e333933fd0','9f16663c-f653-471a-8bb3-b4eb26524b67'),('ce21d35d-3511-419b-80d4-e4570641e3f9',2,9,'69393a02-7e5c-499f-8005-108740dee92f','f7ea64eb-aab0-4037-92b5-59f9815b822f','bcdc66af-d20f-42e0-8bc2-21fee1c7ec26'),('ce436a7e-9b1f-4f27-9a6c-290992f69ebc',3,8,'5f53af5f-fea0-4c3d-876e-28ab7f89e6e8','e5140169-6d6b-4fc9-8973-cab330ec9fe6','195f2a7b-e6d2-4d69-a55e-b334f324fb0f'),('ce53d744-af9d-4c5b-bc84-530be065015e',4,7,'220d4a83-9cc0-418a-9b38-5f81de40edfb','d4cda912-6ca4-4fbd-82ee-41fcb40281b9','494925c2-0147-4381-9b5d-eb1b15622f73'),('cee9b6f9-ca36-469d-9613-ba47034ad9d4',4,NULL,'8ad26608-ed95-4b9e-ab80-e8b2b1a5ed11','07fe3853-8261-4f31-8a4c-b776c6840a61','bcdc66af-d20f-42e0-8bc2-21fee1c7ec26'),('cf18c86e-b994-45e8-9475-8adab068478c',1,NULL,'15dec003-5456-43ea-a6da-cf981333f6a5','0f69f73c-fb2c-4218-bf53-3b5ec846adae','bcdc66af-d20f-42e0-8bc2-21fee1c7ec26'),('cf27119a-f3ae-48eb-924d-e463c1703365',1,20,'46de4538-4bde-47b2-a908-4c7aa66198cd','b84efa39-b4a2-4668-8ea0-807b717c5581','bcd17dd0-e430-40b5-954f-9a7289a8bac7'),('cf59bec6-3dd9-4f60-b691-a06922289d66',1,8,'b1258ee1-fd42-4100-8dbe-911669dee69b','3bef1983-376b-441e-a824-e80562c9d50a','bcdc66af-d20f-42e0-8bc2-21fee1c7ec26'),('cf5d67ec-54ec-4565-bffe-f6c951b54ae9',3,7,'84b7fcad-411a-491e-a131-51dc21ae15bd','ca2c495b-176f-44cf-b9ae-69d92d6b153f','7d5d6490-bb57-4a6d-a268-92c6d0fc6d43'),('cf6f5d60-dea2-46ba-b8ca-92e264c6fe5e',1,12,'79d5ffe5-764d-41d3-8c97-f6137027ced6','63e5e599-38a6-46b4-9ead-874536fc949e','bcd17dd0-e430-40b5-954f-9a7289a8bac7'),('cfd050ee-a86c-42e5-b060-a3ce861a7036',3,NULL,'b908ec91-2033-45fd-9eb7-38fc5faed190','d7e1e7a1-4657-4551-8d7d-98f98d45eedd','f73a2cf1-38a2-4ae6-b4d5-ea3c68f10db5'),('cfd5955e-b3de-434c-9d59-90f1a092bdf7',2,NULL,'ca9b784d-3d39-49dd-80a0-08ea10ab0008','f5b33d63-65ac-4f2b-a673-bd8d8ff04569','7d5d6490-bb57-4a6d-a268-92c6d0fc6d43'),('d02f953b-e61e-4b8e-afce-7a83242bb1ef',4,7,'66c75202-6a2b-45cc-b4d4-08585053e0ef','704e495c-a14c-45ad-a940-189f5413a9e6','bcdc66af-d20f-42e0-8bc2-21fee1c7ec26'),('d0f0ff57-1213-40aa-a2ee-01bd35739749',1,9,'932f1a05-cce0-4e50-92c8-b18cae892930','4414f4d8-2f9a-4ed1-a871-fe1d5b3deb22','bcd17dd0-e430-40b5-954f-9a7289a8bac7'),('d10b5792-6f0e-459b-9e8a-bc9badfdbb68',3,10,'ab8ddaf2-7cdd-4287-85b8-9470ba8a4f42','82cfe886-8c2f-4de0-a487-185a6fe4524f','7d5d6490-bb57-4a6d-a268-92c6d0fc6d43'),('d1eb97d7-09f9-478a-b17a-7aa56aef47f9',2,9,'e3f0f406-d3af-4367-889e-e762ce0f13a2','11225d16-7186-4f51-87c2-3b21f20c585a','31c2bb6a-1161-4981-98ef-ca9d4cc302c6'),('d21c2dfb-929f-4174-abd3-5627d53b2c39',1,5,'d9247883-d3f8-49d2-a867-b25342ecb7a9','8ee9183f-4d5b-40fe-968e-ecde824482d0','d44edcf1-8e22-428f-895a-fa2c0925dfc2'),('d249cc4b-cbe1-4ce4-a2bd-b408780f5944',1,11,'48cc05a4-06d8-4e59-98e0-d38856f268b5','cd44b903-9faf-4497-b101-5e4ee1eb8737','18f2bada-2f3c-419e-921c-0fac96324e41'),('d24b87cd-0a31-4798-962d-eff23352c9b6',1,10,'b8f53693-b499-45ae-99ba-af038f7f0652','151da2de-5755-4c77-9f1c-cbf96dd83388','f73a2cf1-38a2-4ae6-b4d5-ea3c68f10db5'),('d2aa89eb-31e6-4546-9eb8-eae7f621cce4',2,NULL,'15dec003-5456-43ea-a6da-cf981333f6a5','3c277f68-dd05-40fd-bfbc-578a527ad91d','bcdc66af-d20f-42e0-8bc2-21fee1c7ec26'),('d2c266e8-7cc9-446d-a863-0b9d4472c4da',3,7,'b068dd04-c755-4ed8-ba47-e9ce6a1bf9fc','e083001f-09fe-4bfd-a12c-5b8487be9e67','f73a2cf1-38a2-4ae6-b4d5-ea3c68f10db5'),('d30550b9-3350-4513-bdcc-c833319b995d',2,6,'0bef737c-68ef-4f15-81e2-49d0477d7e13','4b3c2726-fa39-4538-b4e3-df2fa55a2108','f73a2cf1-38a2-4ae6-b4d5-ea3c68f10db5'),('d3261b78-895b-482e-93d3-3c979212259a',1,6,'69393a02-7e5c-499f-8005-108740dee92f','c3e08670-62da-4717-9cec-ae22f8b96ec4','bcdc66af-d20f-42e0-8bc2-21fee1c7ec26'),('d35208eb-b3e6-4f51-803b-496c80107eef',4,6,'238370d5-306e-4cde-a891-849b365ee683','5f1a9384-e8da-4b8f-8097-cdc84aa92730','bcdc66af-d20f-42e0-8bc2-21fee1c7ec26'),('d3cbcdbb-963a-41d4-a73a-9254b4f15705',2,NULL,'24c080bf-53e1-45b7-aea8-5bc2bbaa3e64','e7946fb1-68e5-4756-8aba-446ade4922a6','494925c2-0147-4381-9b5d-eb1b15622f73'),('d4025214-9101-483a-9266-26d690e54515',1,7,'ab71cf77-6266-437b-8209-96c43fce1ae2','704e495c-a14c-45ad-a940-189f5413a9e6','18f2bada-2f3c-419e-921c-0fac96324e41'),('d46af3d6-7b47-48fc-a90a-c0eda9b9a8e9',4,NULL,'2b6062c0-e504-4fde-8c65-a604f50206b8','65a8c206-ebaf-451b-b733-184c41bd2b67','18f2bada-2f3c-419e-921c-0fac96324e41'),('d47737fb-1ab5-41c6-b6a0-dd77b0cf3044',4,NULL,'a674ee22-1596-49c1-b951-779db6510c1e','8e074221-52f9-4ed7-99b7-1d30b111755b','f73a2cf1-38a2-4ae6-b4d5-ea3c68f10db5'),('d4be8a5b-1c43-4859-a1db-f6f93e98efc3',1,10,'8eb54151-0939-43e5-a433-defea8048355','82cfe886-8c2f-4de0-a487-185a6fe4524f','494925c2-0147-4381-9b5d-eb1b15622f73'),('d568f980-0052-4cf3-a688-a45a2a3270b3',4,NULL,'46f8fd84-15ba-4cea-98f2-c11992ce8cab','89dc81a4-9213-45d2-a3a2-5aebfc6d9fdd','d85f1c3e-8aad-4978-864e-d801bc912668'),('d57b9c18-cbb3-4bb9-830f-5c1f654801ea',3,8,'a86e51f7-3362-4398-8e39-7b84776379af','37fb6141-8c5a-4b74-831f-6d2cf19c662e','7d5d6490-bb57-4a6d-a268-92c6d0fc6d43'),('d5f40c05-a50d-4438-8c35-2f130337393c',2,NULL,'69393a02-7e5c-499f-8005-108740dee92f','ef04729f-14bb-4779-ba7a-7cb40c1c1a46','bcdc66af-d20f-42e0-8bc2-21fee1c7ec26'),('d628fbdd-0f39-4256-b5a4-20cdc43f88b4',3,7,'ce3adffa-6113-48f4-baa2-ade8b4f312bf','a33ab1b4-4f48-484d-a3ce-1ae33113de55','f73a2cf1-38a2-4ae6-b4d5-ea3c68f10db5'),('d666afb2-e36e-4a05-b900-c56fb30ec339',3,NULL,'cf2838e6-2cde-46aa-af42-847283c3a3e3','53e74747-ef90-4538-83b0-ef4c568ef521','18f2bada-2f3c-419e-921c-0fac96324e41'),('d6b0305d-4574-42db-868d-4888e8a16a05',2,7,'e17b86a1-3438-4b49-8200-5e2425938ac0','e083001f-09fe-4bfd-a12c-5b8487be9e67','d85f1c3e-8aad-4978-864e-d801bc912668'),('d75c89a7-a0f6-4c34-b246-dbf66dc5ee28',4,11,'442a348e-0a25-460e-9b1f-0804fb716f93','a67559af-6fb9-4c76-9355-d687f027ab71','bcdc66af-d20f-42e0-8bc2-21fee1c7ec26'),('d76bcb33-d72c-444e-b58b-47665e733523',2,5,'ca12ce09-d714-44dd-82c1-89dc2de5e9c1','99ed0ba4-4f57-4589-bcda-90c4648e4ecb','bcdc66af-d20f-42e0-8bc2-21fee1c7ec26'),('d7752c48-bbb9-4ccb-acb4-c1013ec3467b',1,NULL,'c1c7dc9b-4223-4172-a82f-1fe434305cf8','55b0d15a-4e0f-458d-b3cb-1082b94fb435','f73a2cf1-38a2-4ae6-b4d5-ea3c68f10db5'),('d793e826-9345-4011-9250-95efbfbcb223',3,6,'55966c99-36e5-48a1-855c-227d114223b3','0f69f73c-fb2c-4218-bf53-3b5ec846adae','f73a2cf1-38a2-4ae6-b4d5-ea3c68f10db5'),('d7f8be3e-b71f-40bd-bee7-1c5442604e6b',3,8,'6ee2997d-28f2-491f-96db-77a30eee335d','fe12811b-7e5e-4827-abd0-f8e333933fd0','7d5d6490-bb57-4a6d-a268-92c6d0fc6d43'),('d805664e-a504-4c46-a93f-2dad49351044',2,7,'595646ba-1f39-447b-98b4-8481ecda28ec','661f60f7-5ab9-4d7d-bfe0-e0fd5b2de27c','d85f1c3e-8aad-4978-864e-d801bc912668'),('d866bff0-725a-459a-9280-ad552be83d5b',3,NULL,'906b4c5d-123c-428b-a7e2-91c75f731d75','9c9e53f8-2487-4605-915f-e1525464f581','f73a2cf1-38a2-4ae6-b4d5-ea3c68f10db5'),('d876ee86-8aff-4f5b-a26e-d8b4ade2bfc5',1,NULL,'ce3adffa-6113-48f4-baa2-ade8b4f312bf','cdbd4358-0857-427e-9487-1629bb325a82','f73a2cf1-38a2-4ae6-b4d5-ea3c68f10db5'),('d89a649b-7c25-44ff-a5ed-3298d612b4a0',1,NULL,'69393a02-7e5c-499f-8005-108740dee92f','6b0a594c-62aa-45d3-ab02-1732d4d51d99','bcdc66af-d20f-42e0-8bc2-21fee1c7ec26'),('d8bf1250-b745-4639-9733-235b7d817a15',2,6,'66c75202-6a2b-45cc-b4d4-08585053e0ef','e216bf3b-1fa8-48dd-8a6e-9120bb10b317','bcdc66af-d20f-42e0-8bc2-21fee1c7ec26'),('d8daa198-5495-4a28-a344-dd6421ab07d9',1,7,'ca12ce09-d714-44dd-82c1-89dc2de5e9c1','c69924de-1980-4051-b08d-efac76a579d8','bcdc66af-d20f-42e0-8bc2-21fee1c7ec26'),('d9034680-d4dd-4b0b-8294-f1b97b114734',4,12,'a373b649-9675-4ca0-a3a8-99faf1f92cc1','b39577f2-5db7-4f17-b798-aef73faff52a','18f2bada-2f3c-419e-921c-0fac96324e41'),('d90b6dba-a6cb-4431-9d69-0b9c700397e0',1,11,'eba29714-2b90-46df-bedb-03208008e068','46153da3-8539-40ef-9b32-ff7e02c6aaaf','18f2bada-2f3c-419e-921c-0fac96324e41'),('d91360ff-0789-48c0-b68a-df992a340382',2,NULL,'59092118-e5fb-4be2-bfa5-27425ddd2dc7','9d01a369-6ed8-4378-824d-a4130b8d92e5','7c847407-d519-479c-99bd-b57d01a98670'),('d915368f-3fbe-440d-86c5-716738760aba',1,7,'15dec003-5456-43ea-a6da-cf981333f6a5','a9cf966c-2fae-45f8-92be-696e13e61d41','bcdc66af-d20f-42e0-8bc2-21fee1c7ec26'),('d92bf24c-9586-43f2-a02e-64ff92dae57a',4,12,'4ac8c48d-0ac4-449e-a6d2-7961d02caae6','f4ffc17c-16eb-4644-8461-7ccbad0770a0','bcd17dd0-e430-40b5-954f-9a7289a8bac7'),('d9acdbc6-3aa4-4317-b9c9-07774b0968ff',1,13,'e78b51b9-b24c-4e45-af5f-3f7cada7d940','3ad1c79b-ad9e-490d-8954-8ac69fe45e4c','494925c2-0147-4381-9b5d-eb1b15622f73'),('d9cfd462-92b2-48ec-9a7f-60445f64219e',4,NULL,'6c9825d4-f46b-44f3-991a-41df3b437efe','f386989b-90a3-499c-9ae6-17806b4a87d4','d85f1c3e-8aad-4978-864e-d801bc912668'),('d9e14a5a-a649-4a6b-9321-2a94076b7307',1,14,'9271332a-3773-4dd4-9714-8d84479eefb7','9c40cf5c-5c94-4b5e-94ce-9bf566dc9952','4110d847-bf41-4996-a9f1-2ebe86c69d2f'),('da09cb78-a477-4044-95bb-bc19518c761c',4,7,'e78b51b9-b24c-4e45-af5f-3f7cada7d940','40e6e255-028a-433f-a3f6-2f5898899415','494925c2-0147-4381-9b5d-eb1b15622f73'),('da518a79-d724-4d60-b18b-3febdb4d3f38',1,9,'42ab3833-5779-48f4-bff2-1767499f8145','e0e538d4-89a6-4008-832a-477f18da1d66','3f4eff16-5caf-45aa-aa83-53bc860668ca'),('da580708-011b-4d19-94a4-83433b009535',1,8,'69393a02-7e5c-499f-8005-108740dee92f','fe12811b-7e5e-4827-abd0-f8e333933fd0','bcdc66af-d20f-42e0-8bc2-21fee1c7ec26'),('da6b69bf-ad3d-4c23-b291-c5f043487312',2,NULL,'b8f53693-b499-45ae-99ba-af038f7f0652','8d02c22e-9a52-4d6f-9fc2-738873790654','f73a2cf1-38a2-4ae6-b4d5-ea3c68f10db5'),('dad520d5-70d8-4ce1-9baa-24cf7665703a',2,8,'64643a32-3b11-4d3c-9746-1f9d6edab87e','13720487-1a8f-45a7-89f0-83459ae89cb0','f73a2cf1-38a2-4ae6-b4d5-ea3c68f10db5'),('daf797a0-4238-49fe-82a0-5609122b4010',2,NULL,'e17b86a1-3438-4b49-8200-5e2425938ac0','0f334929-595b-430a-bb32-5f7366e50466','d85f1c3e-8aad-4978-864e-d801bc912668'),('db7717b7-71c6-46c3-b821-8c1361c4fde2',2,NULL,'f76b4c40-3f06-4638-8053-5f1d96517fe7','368fac58-28d5-4520-86e7-b13e88b62d81','bcdc66af-d20f-42e0-8bc2-21fee1c7ec26'),('db8a530f-7bbe-4803-9040-4d08d9f25094',2,NULL,'bd278c78-f307-44b5-a230-fb2e040cfd16','2cb4f0ab-53fc-4c48-bb6c-0d34faa4bab0','9f16663c-f653-471a-8bb3-b4eb26524b67'),('dbae7b15-fbc7-40f2-86c4-f321b7e840af',2,9,'0bef737c-68ef-4f15-81e2-49d0477d7e13','737a8c1b-12b9-458c-90f6-19855e49e183','f73a2cf1-38a2-4ae6-b4d5-ea3c68f10db5'),('dbe9ace1-5343-45db-a7ad-12ee9e30ef21',3,7,'d64b913c-21f7-4fee-952b-0039213ffd39','b5150222-181b-4981-a06f-60159583c035','e8d9d866-ad37-4e72-855a-0adcb829a5c4'),('dc07fd51-6edc-4494-9392-9210b2008fe4',4,7,'b8f53693-b499-45ae-99ba-af038f7f0652','4ee93313-97d2-45ec-9ad9-d68497e1bc9a','f73a2cf1-38a2-4ae6-b4d5-ea3c68f10db5'),('dc1591cb-b06d-4160-80db-b8a1814f1e36',3,NULL,'c1c7dc9b-4223-4172-a82f-1fe434305cf8','40e6e255-028a-433f-a3f6-2f5898899415','f73a2cf1-38a2-4ae6-b4d5-ea3c68f10db5'),('dc48027a-81dc-4045-bf1c-b0cf45357778',3,7,'2763b3f9-089a-44bf-b3f6-9b47fef0e0eb','262d050a-4ce3-4fa3-b8d9-34137450c7a7','31c2bb6a-1161-4981-98ef-ca9d4cc302c6'),('dc89fade-7e0f-4b4b-b2d8-9ac559fa082b',2,11,'b8f53693-b499-45ae-99ba-af038f7f0652','18ec56ff-d16b-4bf6-874a-bd4e41dc6148','f73a2cf1-38a2-4ae6-b4d5-ea3c68f10db5'),('dd0fbdaf-653d-4a6b-ae5e-3005eba212bd',2,10,'f52e8e9d-cb1e-45fe-bd4b-8f95dc217e6c','97bd4d7b-10f9-45c2-8ac1-5a8768fab56a','7c847407-d519-479c-99bd-b57d01a98670'),('dd51dfab-3388-4edf-9ce6-bcc96ec76a2c',4,7,'69393a02-7e5c-499f-8005-108740dee92f','41c44c99-2b8e-4205-8a5b-0be1ce8353e0','bcdc66af-d20f-42e0-8bc2-21fee1c7ec26'),('dddd4648-d805-412b-912b-c22745c53aae',2,7,'8409dc18-df07-45ec-b0b4-2643cf1b6905','60ac7628-bae3-40c6-9f9e-f9994a2eae8c','494925c2-0147-4381-9b5d-eb1b15622f73'),('dde3c012-ea4e-441e-b4bc-59d127ac325d',4,7,'a86e51f7-3362-4398-8e39-7b84776379af','5ee9ff0d-4d4e-4280-913c-84a2ddfbbda3','7d5d6490-bb57-4a6d-a268-92c6d0fc6d43'),('de5f3345-594e-4f24-8fde-e64712d5554a',2,9,'a77d6052-a2fa-455e-9091-b495afab210c','28c2ae2e-33e3-44df-a1bf-7bdf13e421a8','f73a2cf1-38a2-4ae6-b4d5-ea3c68f10db5'),('de907912-9bf1-46a7-9fdd-1356e9b2265e',3,5,'906b4c5d-123c-428b-a7e2-91c75f731d75','1f3e1099-c1bc-4145-aee1-67a21f488f01','f73a2cf1-38a2-4ae6-b4d5-ea3c68f10db5'),('deeeee34-8697-4d9a-990c-e86313f328f1',3,7,'42ea8e6e-33e1-4c5c-8477-9b8858c8a560','d66b35b6-67ec-403c-9661-1e53cf30130b','a112df3f-73c0-40f6-bd5c-af4a63ff91bb'),('df4a1b26-d7b0-498c-9b1e-524c41409b3c',4,NULL,'ce3adffa-6113-48f4-baa2-ade8b4f312bf','3bef1983-376b-441e-a824-e80562c9d50a','f73a2cf1-38a2-4ae6-b4d5-ea3c68f10db5'),('df90999a-3e2f-4ff2-8caf-5fa59f61bda4',3,NULL,'07e23f42-63ec-4c82-9ecf-4cf07ce8c901','cb62d32a-cbc8-41b2-8fa7-269198bd1e5a','31c2bb6a-1161-4981-98ef-ca9d4cc302c6'),('dfa8d9f7-6e5e-4828-bdcf-8d1d644d7996',2,7,'a9822743-a72d-45a4-af32-5603756b27d8','bc3bdfcc-52ac-493d-9e1c-0c17efe18d0e','7dc39f94-11cf-46fa-b7fb-6c18b2df12ab'),('dfca63b2-f9a6-4eb4-869b-e1b60d1e742d',1,9,'64643a32-3b11-4d3c-9746-1f9d6edab87e','37fb6141-8c5a-4b74-831f-6d2cf19c662e','f73a2cf1-38a2-4ae6-b4d5-ea3c68f10db5'),('dfccd748-48b9-427f-b9ae-92c53090008b',1,NULL,'86653a1f-6c3d-4add-aecb-5c71942a288f','f7ea64eb-aab0-4037-92b5-59f9815b822f','59a0b9a8-b048-421d-869b-860ab29dc46e'),('dfedc883-9a6a-4c45-baa4-841faa57846b',4,9,'8ad26608-ed95-4b9e-ab80-e8b2b1a5ed11','301eca31-132d-4ab0-aa2b-029896448f95','bcdc66af-d20f-42e0-8bc2-21fee1c7ec26'),('e0070158-80b0-4bb8-aac7-cad66b7585e6',2,NULL,'79da1fb8-b343-4c91-a564-bdfc9952cabc','d0de4506-85c9-470e-8962-143be4145640','d44edcf1-8e22-428f-895a-fa2c0925dfc2'),('e05dc473-5fdf-4057-8c31-7f6a08f9ce93',3,6,'a0223918-8904-4dcc-8edb-614a2ac4cddd','9e3abc15-006e-433a-8c21-140e5d87ab03','d44edcf1-8e22-428f-895a-fa2c0925dfc2'),('e0b7651d-327d-4f2e-a943-1d643373fb51',1,11,'238370d5-306e-4cde-a891-849b365ee683','cbcc80c1-b880-4c0d-b92e-88f53fb66b4b','bcdc66af-d20f-42e0-8bc2-21fee1c7ec26'),('e10c964b-cacd-4a67-9277-8a6c5db84a7d',3,NULL,'a86e51f7-3362-4398-8e39-7b84776379af','9badbe22-577f-443b-a52a-e4e968ae6859','7d5d6490-bb57-4a6d-a268-92c6d0fc6d43'),('e12c230b-8f3c-47f5-a68e-0a5e11323cdc',2,NULL,'59092118-e5fb-4be2-bfa5-27425ddd2dc7','37fb6141-8c5a-4b74-831f-6d2cf19c662e','7c847407-d519-479c-99bd-b57d01a98670'),('e1b89477-0f89-40da-a4d4-0ef4eb706ce3',1,7,'442a348e-0a25-460e-9b1f-0804fb716f93','5ee9ff0d-4d4e-4280-913c-84a2ddfbbda3','bcdc66af-d20f-42e0-8bc2-21fee1c7ec26'),('e1bc1a1f-dad1-4573-aa76-b00e112c8320',2,NULL,'506926d2-34e1-4ae2-9b0b-f35c19c2b732','1a190b4a-ae3c-48e4-ba2d-7a9d2e9b9494','bcd17dd0-e430-40b5-954f-9a7289a8bac7'),('e2013375-8a49-4a3d-a974-33a68949a594',2,10,'64643a32-3b11-4d3c-9746-1f9d6edab87e','1c18e8ca-5fe4-4f06-be98-8172064a65ac','f73a2cf1-38a2-4ae6-b4d5-ea3c68f10db5'),('e248c76d-d210-4e52-9ed1-f73358b496d1',2,7,'f76b4c40-3f06-4638-8053-5f1d96517fe7','bdcb8cc9-fb3e-49a9-96aa-fc4e497106bd','bcdc66af-d20f-42e0-8bc2-21fee1c7ec26'),('e2e05382-9cb9-44b5-816f-59f7464d58be',1,8,'9b53e34d-5231-4b0c-a318-671fee9e48d5','13720487-1a8f-45a7-89f0-83459ae89cb0','18f2bada-2f3c-419e-921c-0fac96324e41'),('e2f0e0a0-813f-471b-b152-c67e4c2adee4',3,9,'ad8f10ea-aba0-4cf4-9bf4-8f9aaff60bd3','f74183f5-f95a-4f5a-9738-3e5054b3aeda','bcd17dd0-e430-40b5-954f-9a7289a8bac7'),('e319c065-47db-4195-818d-671e63507534',3,NULL,'f76b4c40-3f06-4638-8053-5f1d96517fe7','dad7aa01-c747-42bb-b2ef-cf4943d182cf','bcdc66af-d20f-42e0-8bc2-21fee1c7ec26'),('e31c6c4f-77e4-414d-89f2-c9d9ed16bb3d',3,NULL,'b1258ee1-fd42-4100-8dbe-911669dee69b','4551e1c1-3403-4ad8-9f22-003406c33892','bcdc66af-d20f-42e0-8bc2-21fee1c7ec26'),('e32402c7-4e08-496d-b7ed-70389bafcd54',1,10,'6c9825d4-f46b-44f3-991a-41df3b437efe','a26c2b1e-17c6-43ed-a1cb-f751410f3eb0','d85f1c3e-8aad-4978-864e-d801bc912668'),('e34e47da-b766-47cb-95ce-6c9aa861a108',2,NULL,'0bef737c-68ef-4f15-81e2-49d0477d7e13','ca60e20a-15f0-4be2-86b4-8cffaeb212d1','f73a2cf1-38a2-4ae6-b4d5-ea3c68f10db5'),('e3ea901d-e6be-4131-9945-dcab58dc2e55',4,8,'a4fdd7cd-d345-41c7-adb5-b7385290325a','59307db1-4de0-43d9-89c7-1bbf3efeaa8e','6662efd1-9b1c-4d2a-92d9-03609fb9fc8d'),('e3fef1fe-1cc2-4a6d-a651-9fabc5911158',4,9,'a3ac0239-2fce-4b85-a250-deec075f1342','24ad4f17-d4ee-4928-8012-8ed61aa1eace','7c847407-d519-479c-99bd-b57d01a98670'),('e4097bc8-29c5-4e3d-88de-5c087b88744b',4,NULL,'de371ab6-9405-44c3-ad46-283a8d2ef61c','b84efa39-b4a2-4668-8ea0-807b717c5581','f73a2cf1-38a2-4ae6-b4d5-ea3c68f10db5'),('e469e47e-b62f-4f65-ba63-8e05303f4dc8',3,8,'f7547774-5f5a-4ffe-ab70-c63e31f81fa5','41c44c99-2b8e-4205-8a5b-0be1ce8353e0','d85f1c3e-8aad-4978-864e-d801bc912668'),('e49ff521-40fa-40ae-9e2d-06eb56bdf256',3,6,'537f76f8-21e7-41d4-a735-529c68c47992','2625085c-df07-47d6-b548-d5ba49c788f0','7dc39f94-11cf-46fa-b7fb-6c18b2df12ab'),('e4b888b7-406e-4b45-bbc7-427791ff02cf',1,NULL,'91a6af90-4b3e-4bfa-9702-cd456024dc7f','737a8c1b-12b9-458c-90f6-19855e49e183','d85f1c3e-8aad-4978-864e-d801bc912668'),('e4bf47eb-1e8b-47d7-8049-77182cbe1778',1,7,'024eaa12-d1e4-40fe-a160-f39d522f9a3c','c77386c5-2394-4f3c-a8c5-890afccc2e6a','18f2bada-2f3c-419e-921c-0fac96324e41'),('e4d3dcf2-52d4-4984-bb25-1608e27ae7fd',4,10,'238370d5-306e-4cde-a891-849b365ee683','d7e1e7a1-4657-4551-8d7d-98f98d45eedd','bcdc66af-d20f-42e0-8bc2-21fee1c7ec26'),('e4eb791e-337f-4d46-a935-787169b4773f',3,13,'becdf6ca-5c98-4143-9cbf-403bb4d191db','162cb95b-accf-4ed8-a25c-833db7546804','494925c2-0147-4381-9b5d-eb1b15622f73'),('e4fdf83f-25c9-46d8-97d5-b29f4cd36f34',4,11,'8ad26608-ed95-4b9e-ab80-e8b2b1a5ed11','2d177c56-a274-4b7d-ad8f-4af8abf1f7ae','bcdc66af-d20f-42e0-8bc2-21fee1c7ec26'),('e504e4ec-58bd-4690-b028-598da03d060a',4,NULL,'258758eb-a829-4b20-8939-3f6bf8593326','aa908cfb-a059-4a4f-ba3e-731bb490e57a','494925c2-0147-4381-9b5d-eb1b15622f73'),('e51011db-6102-4ad1-8147-a5153863803c',3,NULL,'07e23f42-63ec-4c82-9ecf-4cf07ce8c901','3f542fa2-9ae7-4b8c-aa07-e236613584c9','31c2bb6a-1161-4981-98ef-ca9d4cc302c6'),('e549fcc5-146f-41c7-bcde-54cdcc793ade',4,14,'ca9b784d-3d39-49dd-80a0-08ea10ab0008','f1d864a7-c3d6-4535-a1a8-b6af9eeca4d4','7d5d6490-bb57-4a6d-a268-92c6d0fc6d43'),('e5f65e30-e9be-4e82-91e3-31798c3a6e13',4,NULL,'0810ddee-2d7f-4367-bbdf-24c94e080ef5','162cb95b-accf-4ed8-a25c-833db7546804','bcd17dd0-e430-40b5-954f-9a7289a8bac7'),('e615d41a-afb6-463f-bc56-e9ffbc86e203',2,NULL,'a86e51f7-3362-4398-8e39-7b84776379af','747c40c9-350c-4226-ade7-b9c749d0d2c6','7d5d6490-bb57-4a6d-a268-92c6d0fc6d43'),('e6967ba7-1190-4d84-b5cc-fd070e89baa7',2,9,'34a201cc-0fbe-4e41-80d9-2e23cd4b5a77','fd716105-e2e7-450b-b36b-9c583af97775','18f2bada-2f3c-419e-921c-0fac96324e41'),('e6b3160b-50e3-4a59-9b6d-d0a5a9cc7cd6',3,7,'7b7c673f-413c-4e3e-ae12-449a2aa56d31','197015dd-ae91-41a3-9be5-34bfdfc802e1','7dc39f94-11cf-46fa-b7fb-6c18b2df12ab'),('e7136612-3b6a-47f7-8a3b-570a994a3546',2,10,'4e5b253e-b168-42e9-b8df-420fb7603f1c','e31db551-5a83-4ab7-8321-5106a214b604','d85f1c3e-8aad-4978-864e-d801bc912668'),('e73ab5fd-cb31-49e0-a1cf-418868c8afcc',3,7,'a86e51f7-3362-4398-8e39-7b84776379af','f38caf99-7df4-4adf-b9cb-9c71fb69fd4f','7d5d6490-bb57-4a6d-a268-92c6d0fc6d43'),('e73b041a-2a16-4e25-8048-824d75ceb0ea',3,NULL,'91a6af90-4b3e-4bfa-9702-cd456024dc7f','0029c023-f693-4213-b028-74a9a3f56d99','d85f1c3e-8aad-4978-864e-d801bc912668'),('e79d4ee8-1b5e-434d-85c3-a6079dd14091',2,7,'69393a02-7e5c-499f-8005-108740dee92f','40e6e255-028a-433f-a3f6-2f5898899415','bcdc66af-d20f-42e0-8bc2-21fee1c7ec26'),('e7a8c3ef-fb24-4b3b-933c-14c67da48344',2,10,'238370d5-306e-4cde-a891-849b365ee683','9185bdcd-5c1f-46dd-9db2-614c8f8ec940','bcdc66af-d20f-42e0-8bc2-21fee1c7ec26'),('e7ab6018-db4e-48a2-a902-e9c0b1eab165',1,12,'de22dcce-529b-405e-9315-e8c1b3e5cc41','a87ac547-bca0-4bf8-95ed-22114002a8d1','494925c2-0147-4381-9b5d-eb1b15622f73'),('e7b5c6a3-88f1-4078-bed2-ec3bf10896ed',3,8,'0bef737c-68ef-4f15-81e2-49d0477d7e13','d0de4506-85c9-470e-8962-143be4145640','f73a2cf1-38a2-4ae6-b4d5-ea3c68f10db5'),('e7e69e07-c080-4519-aa10-039f17f12d41',2,9,'abe30b6a-a079-453d-a23f-2e3416afdc76','2910eaa1-db01-4f12-b193-b936b18be4d7','7d5d6490-bb57-4a6d-a268-92c6d0fc6d43'),('e8166046-c6cd-4382-bb4c-09b6c65a53af',3,6,'6114bec6-0c17-4174-886e-bdef8ffd9a50','3693f366-3547-4d70-9813-54a39e63dc81','d85f1c3e-8aad-4978-864e-d801bc912668'),('e87eac3f-b226-4ba9-b88c-e2928d865193',1,6,'b3d362cf-bf31-4826-8056-adfec5fac8a4','6ed4c6d0-e01f-4f84-b32a-6083cc6e2ea6','f73a2cf1-38a2-4ae6-b4d5-ea3c68f10db5'),('e8a62c93-a2f7-4fee-b21d-fdc340adec17',2,6,'f00886fd-4b70-49cc-ae8c-559771faa840','6ed4c6d0-e01f-4f84-b32a-6083cc6e2ea6','77b48305-eb0e-4fbb-bf35-db3a086dfac2'),('e8c2e977-59ef-4e60-976f-53501bacf89f',2,14,'4e5b253e-b168-42e9-b8df-420fb7603f1c','7692248d-5d16-4e16-8686-cdee99b24d8c','d85f1c3e-8aad-4978-864e-d801bc912668'),('e8ea3938-d650-46f0-bbca-e655797b1c88',3,9,'d8812af8-6d6f-45e5-bc68-923f27eb82d6','526f7687-e572-4276-8044-ebb83169890d','494925c2-0147-4381-9b5d-eb1b15622f73'),('e8ee7a2b-737c-41c6-8321-4411a256ebc8',3,NULL,'c8114f49-4b6a-4226-8c1c-bebda97b36ec','b2c836a0-e4bf-4dd4-8ab2-1687e6331be8','18f2bada-2f3c-419e-921c-0fac96324e41'),('e91e560c-ec89-4a80-8544-bd4f1119ad27',3,NULL,'ce3adffa-6113-48f4-baa2-ade8b4f312bf','cbcc80c1-b880-4c0d-b92e-88f53fb66b4b','f73a2cf1-38a2-4ae6-b4d5-ea3c68f10db5'),('e9387337-4a16-4de6-9988-13d3e8053b91',3,8,'69393a02-7e5c-499f-8005-108740dee92f','6726f203-f0a3-46fc-8a26-b73160d4c85c','bcdc66af-d20f-42e0-8bc2-21fee1c7ec26'),('e94090b2-0777-46d9-b5f3-3de4a10f3f98',4,NULL,'8eb54151-0939-43e5-a433-defea8048355','85701c81-e739-4d05-bd37-6d53740a17bf','494925c2-0147-4381-9b5d-eb1b15622f73'),('e99dcb3a-bb74-46a3-ac37-9a6de45cbdfd',3,8,'238370d5-306e-4cde-a891-849b365ee683','65a8c206-ebaf-451b-b733-184c41bd2b67','bcdc66af-d20f-42e0-8bc2-21fee1c7ec26'),('e9a48bcd-81d1-414b-ae50-4cd61576dcf6',4,NULL,'a86e51f7-3362-4398-8e39-7b84776379af','0649271b-e024-4e6a-83a2-2a92a019f2f6','7d5d6490-bb57-4a6d-a268-92c6d0fc6d43'),('eaae2516-1ef8-4220-bca5-0ecf263dc84f',1,9,'c783e60d-098e-4ca2-a796-34b70b585a8e','4ee93313-97d2-45ec-9ad9-d68497e1bc9a','56120e9c-2047-45a3-a9dd-fc68366f6e13'),('eae97bf8-cae0-42a0-8a2d-4117f0e3b858',4,NULL,'a77d6052-a2fa-455e-9091-b495afab210c','8a83c44d-7540-49c5-bc90-5809b1edfc26','f73a2cf1-38a2-4ae6-b4d5-ea3c68f10db5'),('eb14c139-262f-4532-a56a-79a52290e86d',1,10,'442a348e-0a25-460e-9b1f-0804fb716f93','85a359df-361f-4493-a22a-4b2bfe009fa6','bcdc66af-d20f-42e0-8bc2-21fee1c7ec26'),('eb55f2aa-4f69-450d-a1c6-3ef5467afb50',2,11,'a8155b8d-4ec4-403f-b6d0-08464fe9d51e','8bf0544f-169b-49bd-b1df-e89163e2c220','494925c2-0147-4381-9b5d-eb1b15622f73'),('eb78a658-18e2-4f5d-853e-94548ffee2c8',3,NULL,'14af64e7-35fd-4840-99c5-a1394ba6cfe3','bdcb8cc9-fb3e-49a9-96aa-fc4e497106bd','18f2bada-2f3c-419e-921c-0fac96324e41'),('eb7f51e6-ea5d-4c97-a9e3-bb78c98fd2a6',4,8,'be4f8b84-66ba-48f2-8127-c33d11a8ee3f','747c40c9-350c-4226-ade7-b9c749d0d2c6','d58dd8c4-664c-4afc-b2f7-a62b2c737325'),('ebf05dc3-5867-4380-b669-52e73e5a8531',4,7,'238370d5-306e-4cde-a891-849b365ee683','caebaaac-2a1c-4623-9f6f-177385ba9f6c','bcdc66af-d20f-42e0-8bc2-21fee1c7ec26'),('ec07c971-a792-4f35-9f26-35aa1a13b547',4,NULL,'ce3adffa-6113-48f4-baa2-ade8b4f312bf','f4e18e8d-ea90-4c58-b615-8be6f46d6b30','bcdc66af-d20f-42e0-8bc2-21fee1c7ec26'),('ec787cc6-5810-4097-8c87-a343cb003d48',2,15,'1469980a-927c-43af-bd2f-421f28ba1ecc','ae521a8e-517d-43ed-b14a-a23ca70270a4','18f2bada-2f3c-419e-921c-0fac96324e41'),('ec8130f8-0139-4aec-bcce-4e889953c543',4,10,'ce3adffa-6113-48f4-baa2-ade8b4f312bf','68e726a3-089a-4cee-a768-a972178c6e22','f73a2cf1-38a2-4ae6-b4d5-ea3c68f10db5'),('ece58096-2b80-4db5-8ca2-47e39bccbc4e',2,NULL,'0bef737c-68ef-4f15-81e2-49d0477d7e13','6d5da372-d6f6-4aaa-b89f-dc6675efe12a','f73a2cf1-38a2-4ae6-b4d5-ea3c68f10db5'),('ed0be9a7-919d-413a-a93a-167c3c285971',2,7,'a86e51f7-3362-4398-8e39-7b84776379af','197015dd-ae91-41a3-9be5-34bfdfc802e1','7d5d6490-bb57-4a6d-a268-92c6d0fc6d43'),('ed7949da-bdb6-4a45-b7f2-1068e6d3c264',1,6,'5c686164-6008-4aec-bb9a-be4c97b2b225','7c860660-2aa4-41e3-a4bb-9066d632ba27','bcd17dd0-e430-40b5-954f-9a7289a8bac7'),('ed8986fa-ca89-4122-ba56-e37b08f3d768',4,7,'de22dcce-529b-405e-9315-e8c1b3e5cc41','3c277f68-dd05-40fd-bfbc-578a527ad91d','494925c2-0147-4381-9b5d-eb1b15622f73'),('ed8bdbc0-d6de-4fea-848a-6d8962c0b50e',2,6,'839b690f-adcf-4901-92d1-1e87ea6393cc','2c250a82-c806-4f94-95e1-942e6d773667','18f2bada-2f3c-419e-921c-0fac96324e41'),('ed9bdec6-c1eb-4744-b62a-4c2b7c8cdc2c',4,9,'de371ab6-9405-44c3-ad46-283a8d2ef61c','9185bdcd-5c1f-46dd-9db2-614c8f8ec940','f73a2cf1-38a2-4ae6-b4d5-ea3c68f10db5'),('edd95bb8-5c73-4c14-bcc8-942bd94e831f',4,8,'f76b4c40-3f06-4638-8053-5f1d96517fe7','1e95168a-8c66-494f-aec1-239ee8cc45f9','bcdc66af-d20f-42e0-8bc2-21fee1c7ec26'),('ee143ade-f596-4690-a67d-1545432e3422',4,8,'a86e51f7-3362-4398-8e39-7b84776379af','e77c5af0-e104-40a4-9e5a-2fee9135adbd','7d5d6490-bb57-4a6d-a268-92c6d0fc6d43'),('ee2a5e97-e54d-49d4-b199-28e0ecfd7eda',4,9,'b8f53693-b499-45ae-99ba-af038f7f0652','bd8cc506-fa30-4fd5-9e7f-f8d1b3d20d1d','f73a2cf1-38a2-4ae6-b4d5-ea3c68f10db5'),('ee2d10c2-e663-407a-a441-f97f1e433b40',2,7,'15dec003-5456-43ea-a6da-cf981333f6a5','446a5383-7e94-4069-81fb-558ab92b1f73','bcdc66af-d20f-42e0-8bc2-21fee1c7ec26'),('ee784bed-d616-468c-8845-3c5523d18831',2,10,'66c75202-6a2b-45cc-b4d4-08585053e0ef','e1caed43-1bfa-4fce-b776-d3cd89898081','bcdc66af-d20f-42e0-8bc2-21fee1c7ec26'),('ee845dec-ba65-42d7-b6c0-531a89f0f699',1,NULL,'d166c651-2f14-4c54-a28d-bcb6990f8772','e2bd56ab-2765-48ec-b975-7b87e2f43428','f73a2cf1-38a2-4ae6-b4d5-ea3c68f10db5'),('eea441a6-9498-40a2-9c23-bd5cc7152b30',2,8,'55966c99-36e5-48a1-855c-227d114223b3','1b117a04-2c93-43f6-9c32-682fca6d683e','f73a2cf1-38a2-4ae6-b4d5-ea3c68f10db5'),('eea85a09-a6c2-439c-875e-88c9ccde2f7e',2,5,'ce3adffa-6113-48f4-baa2-ade8b4f312bf','b5ee3445-4497-4987-8c59-788b0610390c','f73a2cf1-38a2-4ae6-b4d5-ea3c68f10db5'),('eec812c7-7949-46d9-8cc5-5a86ee788d0c',4,10,'96ab08e8-30b2-4252-afac-8192840aa7fa','37fb6141-8c5a-4b74-831f-6d2cf19c662e','bcdc66af-d20f-42e0-8bc2-21fee1c7ec26'),('eedf3b49-492e-4ed9-b7ca-b165b83d4614',1,9,'ef08081a-0051-42bb-8aa6-3d0f29c4f9e3','2d177c56-a274-4b7d-ad8f-4af8abf1f7ae','f73a2cf1-38a2-4ae6-b4d5-ea3c68f10db5'),('ef2d448c-f777-4d55-bbfa-0fd425226e98',1,NULL,'1ca58f95-8759-4a6b-818a-89e08763e0cf','b0c2475c-c594-4468-8a87-297f2e216215','7d5d6490-bb57-4a6d-a268-92c6d0fc6d43'),('ef8edb58-1ecc-40e0-baea-4e73137e5f14',1,7,'f448e18a-c2fd-470f-ae6e-ddfd9989ed46','bc3bdfcc-52ac-493d-9e1c-0c17efe18d0e','77b48305-eb0e-4fbb-bf35-db3a086dfac2'),('ef90b04b-785e-4acb-a222-6e749652327b',2,7,'e17b86a1-3438-4b49-8200-5e2425938ac0','8bf2ac32-8c8f-49f4-93e3-f04e06331fb8','d85f1c3e-8aad-4978-864e-d801bc912668'),('efcf2fe5-92ae-486b-a20c-f6de63b633ba',4,NULL,'f76b4c40-3f06-4638-8053-5f1d96517fe7','27ff2a95-6669-4d26-a0c2-82c6afcd8227','bcdc66af-d20f-42e0-8bc2-21fee1c7ec26'),('efef7a21-1761-451f-bcc1-d04174e22535',2,7,'0bef737c-68ef-4f15-81e2-49d0477d7e13','17b8e125-5da2-48bf-b5d9-557ae13f91fd','f73a2cf1-38a2-4ae6-b4d5-ea3c68f10db5'),('f0643693-88f2-4821-8b62-973256ed7bb1',3,8,'9f7e5654-f890-4cf7-8d2b-413f2fa8ba2a','82ee9b27-db2d-4238-a328-a8337acd958d','59a0b9a8-b048-421d-869b-860ab29dc46e'),('f0772b83-06d7-4bd9-928b-e27a794159ca',2,NULL,'a9822743-a72d-45a4-af32-5603756b27d8','e548acf0-a7b0-4867-9685-959eba852742','7dc39f94-11cf-46fa-b7fb-6c18b2df12ab'),('f0c05367-4874-42b1-95e4-fec0c13ff7a6',1,10,'8ad26608-ed95-4b9e-ab80-e8b2b1a5ed11','c9924d51-69e4-4ad8-8d2c-491f5b039fbb','bcdc66af-d20f-42e0-8bc2-21fee1c7ec26'),('f108a6a3-5d52-4f18-a00e-8d884792da3b',2,7,'69fd4dc4-83d3-4582-896a-a1583f5d704b','82ee9b27-db2d-4238-a328-a8337acd958d','e8d9d866-ad37-4e72-855a-0adcb829a5c4'),('f166cb36-fe9e-46b8-8d7c-33a25d2aad3b',1,10,'6c9825d4-f46b-44f3-991a-41df3b437efe','68e726a3-089a-4cee-a768-a972178c6e22','d85f1c3e-8aad-4978-864e-d801bc912668'),('f1ed151e-83af-457a-ba30-b9dcab19e7b7',1,8,'98c9ab78-540c-4f5d-87dd-682e3e2ec760','9d01a369-6ed8-4378-824d-a4130b8d92e5','9f16663c-f653-471a-8bb3-b4eb26524b67'),('f2069f08-4454-4c82-b441-1d4f1b9bdb2d',3,9,'ca12ce09-d714-44dd-82c1-89dc2de5e9c1','737a8c1b-12b9-458c-90f6-19855e49e183','bcdc66af-d20f-42e0-8bc2-21fee1c7ec26'),('f29734a2-d6e5-4162-8f37-e347e3444aff',3,7,'a3ac0239-2fce-4b85-a250-deec075f1342','bc3bdfcc-52ac-493d-9e1c-0c17efe18d0e','7c847407-d519-479c-99bd-b57d01a98670'),('f2af1b3b-8d5a-4879-8dae-25b689dff172',3,8,'57089664-376e-4172-898f-735ad6ab0e04','2cb4f0ab-53fc-4c48-bb6c-0d34faa4bab0','7d5d6490-bb57-4a6d-a268-92c6d0fc6d43'),('f2d94647-b1ff-4e45-91dc-773a9e68c133',3,6,'57089664-376e-4172-898f-735ad6ab0e04','b056ff01-f10b-4f78-92ac-b44a67a0badf','7d5d6490-bb57-4a6d-a268-92c6d0fc6d43'),('f33859ac-4149-49c0-b45c-97d1b3079794',2,10,'be76f907-25f4-4745-ac8c-93b62d50b6ed','d7e1e7a1-4657-4551-8d7d-98f98d45eedd','446bbf78-3c3a-4105-8740-c5b4368655a9'),('f356f285-1856-4177-874b-a6e5a4e69d47',2,12,'bc5bc0b0-9a3c-4276-9b90-9e774d7bdfee','884137f6-25d2-4885-8c51-f4bf964bf6ff','3b184dac-b916-4e8a-b918-14845b26953a'),('f3a8feac-5f85-47fd-ae66-68f34242a934',2,NULL,'4872bbe1-39b7-4b48-b983-bf06f56c660c','a87ac547-bca0-4bf8-95ed-22114002a8d1','7c847407-d519-479c-99bd-b57d01a98670'),('f422a309-219a-4305-9ebc-01724ed033ac',1,10,'69393a02-7e5c-499f-8005-108740dee92f','747c40c9-350c-4226-ade7-b9c749d0d2c6','bcdc66af-d20f-42e0-8bc2-21fee1c7ec26'),('f44f94f1-a3e3-4bdf-b509-36df5442c08f',3,NULL,'8ad26608-ed95-4b9e-ab80-e8b2b1a5ed11','87d6e73d-15e8-48a3-8528-c69fda7075ff','bcdc66af-d20f-42e0-8bc2-21fee1c7ec26'),('f4c24a2d-9d03-44ac-b7f8-8e431fc6263b',2,8,'8fa9c10a-9a9a-4c75-bdd7-cc95d9591850','b0c2475c-c594-4468-8a87-297f2e216215','7c847407-d519-479c-99bd-b57d01a98670'),('f4f590a7-dda1-487e-9fce-50aaa03f2f42',1,6,'d3d37755-b2d6-44f3-8e13-91d3931e45e6','4b3c2726-fa39-4538-b4e3-df2fa55a2108','446bbf78-3c3a-4105-8740-c5b4368655a9'),('f50f39e7-1915-4cdc-be4e-adc382b42729',3,NULL,'7df079e3-e5ec-4632-b6f0-c4a3cb09f3f7','33c11c8e-0601-4c52-9183-3c286a43dbd2','bcd17dd0-e430-40b5-954f-9a7289a8bac7'),('f54ae1cc-add0-47f1-8774-b25c3931ea68',2,11,'b7eebdbf-6687-46b5-877e-db9365f0bd5d','53e74747-ef90-4538-83b0-ef4c568ef521','bcdc66af-d20f-42e0-8bc2-21fee1c7ec26'),('f5d49ab7-e2d5-4b01-9c1c-3fadc03b27e7',3,6,'5769ecf7-fc16-4ad6-9671-10ca4f71f8d3','7cf26c56-e846-435a-8f1e-d155723db433','494925c2-0147-4381-9b5d-eb1b15622f73'),('f6a718c2-01db-49cd-98f8-4565cbd301c9',4,10,'6b77ca63-fd12-41f2-a33b-4051b08bfba2','f7ea64eb-aab0-4037-92b5-59f9815b822f','e8d9d866-ad37-4e72-855a-0adcb829a5c4'),('f709db04-3ede-46c3-9ff7-4044fec01d97',1,7,'66c75202-6a2b-45cc-b4d4-08585053e0ef','b5150222-181b-4981-a06f-60159583c035','bcdc66af-d20f-42e0-8bc2-21fee1c7ec26'),('f76af721-ff8f-443a-b509-f05c73291248',3,7,'eba29714-2b90-46df-bedb-03208008e068','815f4404-cebc-4885-9222-6d1d4784f8c2','18f2bada-2f3c-419e-921c-0fac96324e41'),('f77a2b5b-067d-449f-8866-0dfb362dc222',1,9,'f76b4c40-3f06-4638-8053-5f1d96517fe7','5db609fc-19fc-4cf6-8729-4540815d6a35','bcdc66af-d20f-42e0-8bc2-21fee1c7ec26'),('f7e319c1-68db-4ed6-ad4f-df466111a44f',4,11,'69393a02-7e5c-499f-8005-108740dee92f','8b352d29-2153-4c61-a74e-f359c1d2828d','bcdc66af-d20f-42e0-8bc2-21fee1c7ec26'),('f816e74f-0e71-4526-ba87-cf6c274e1c4c',2,7,'41665427-53e9-41ee-a2be-cda514279e64','8e074221-52f9-4ed7-99b7-1d30b111755b','bcd17dd0-e430-40b5-954f-9a7289a8bac7'),('f8555a5b-00b7-4e8d-bc74-8608d1a5b360',1,NULL,'4a1ada01-bf81-459a-b04b-de1f3e9c8627','f4e82690-9dd5-4db9-93ee-3f69da9e49d8','494925c2-0147-4381-9b5d-eb1b15622f73'),('f870b3af-e722-49ab-9b5d-e9beea4c249a',1,NULL,'d9247883-d3f8-49d2-a867-b25342ecb7a9','4d9ec2e0-a9f6-4ffa-88ed-656e9226b670','d44edcf1-8e22-428f-895a-fa2c0925dfc2'),('f88eb730-b0fa-4cc6-901a-4edbca6508fe',4,6,'25fa61be-722d-4a60-b7bc-d374310469ac','b056ff01-f10b-4f78-92ac-b44a67a0badf','7c847407-d519-479c-99bd-b57d01a98670'),('f89c540c-baae-466e-8d95-50485c7ce5e2',3,6,'b068dd04-c755-4ed8-ba47-e9ce6a1bf9fc','c0ee1066-9c77-4d08-a075-837707115dc3','f73a2cf1-38a2-4ae6-b4d5-ea3c68f10db5'),('f8c82b08-879d-45d4-b032-faa3dee0dcb0',4,NULL,'c1c7dc9b-4223-4172-a82f-1fe434305cf8','4d5985be-84c0-4be0-9115-2d9f43a837e7','f73a2cf1-38a2-4ae6-b4d5-ea3c68f10db5'),('f8c91168-2771-4bb8-b43b-b9af80816d4b',3,6,'cf9a7ad7-abae-4b90-9496-26c882024bef','2a557f47-2907-46e0-ac00-5d1c4f249214','d85f1c3e-8aad-4978-864e-d801bc912668'),('f9d050f4-1b9f-415f-b6e7-40c489a9f12f',1,12,'a3ac0239-2fce-4b85-a250-deec075f1342','4268ae6b-a6b8-4f1e-a0bf-e03c1784d397','7c847407-d519-479c-99bd-b57d01a98670'),('f9e4464b-da03-4eb3-8b94-0a3783933924',4,16,'852f00c6-8302-4ff0-8a4b-4d4cf3ee3dbd','1050194c-a955-45e7-938b-363caece8886','b66ca294-dea8-4ebd-bbec-3452a1dd66de'),('fa011729-0a75-4d19-a606-2a8edaf784f2',1,12,'165e9bae-ff83-4a36-8c53-fe2648e2b631','8a3e3469-5c7d-4918-a1b4-6afe7ca9b102','18f2bada-2f3c-419e-921c-0fac96324e41'),('fa2d36da-6350-45e6-af16-6b9ed6fd2e27',1,7,'cc69760a-8a3b-4262-9ea1-0d93882bac56','55746c92-45c2-47b6-a184-ee7b4b6f762c','d44edcf1-8e22-428f-895a-fa2c0925dfc2'),('fa40bf42-c8e2-43af-aa70-0724d674400c',4,7,'14af64e7-35fd-4840-99c5-a1394ba6cfe3','e083001f-09fe-4bfd-a12c-5b8487be9e67','18f2bada-2f3c-419e-921c-0fac96324e41'),('fa958291-c1db-4f95-9fc5-6c5284df57db',2,13,'7165b480-0080-43a9-9b2c-a5b0b0d50b6f','726dc4ad-1a5d-49c3-aead-244d164796c7','bcdc66af-d20f-42e0-8bc2-21fee1c7ec26'),('faa046d7-5fc0-47b8-9b80-25ea61588ac3',1,7,'165e9bae-ff83-4a36-8c53-fe2648e2b631','24974fa0-0ae7-4ed2-8d18-89ee4b381a89','18f2bada-2f3c-419e-921c-0fac96324e41'),('fac0798c-29cb-494c-8bce-4d759b059afb',3,7,'b8f53693-b499-45ae-99ba-af038f7f0652','e90f23ed-1390-4582-8126-f74cb2c80d64','f73a2cf1-38a2-4ae6-b4d5-ea3c68f10db5'),('fb1e1303-0a5a-456f-91fb-f523a571242a',2,8,'6b4f3267-d70e-43be-9480-45cfdf1a73b0','65a8c206-ebaf-451b-b733-184c41bd2b67','d85f1c3e-8aad-4978-864e-d801bc912668'),('fb5fb527-ea10-4da8-b97a-8c7c86661a13',3,8,'61b525b3-e16a-4011-ae78-d7c3197817c1','c69924de-1980-4051-b08d-efac76a579d8','7d5d6490-bb57-4a6d-a268-92c6d0fc6d43'),('fb8a4632-25c8-4696-b200-d27eb0177007',2,12,'595646ba-1f39-447b-98b4-8481ecda28ec','b39577f2-5db7-4f17-b798-aef73faff52a','d85f1c3e-8aad-4978-864e-d801bc912668'),('fbaf192d-de67-4f09-942d-4b2b63ba9530',3,NULL,'96ab08e8-30b2-4252-afac-8192840aa7fa','b74993d3-c579-497f-a825-63268092e3b1','bcdc66af-d20f-42e0-8bc2-21fee1c7ec26'),('fbb2287f-8b52-464e-8e6d-0381a3340f9f',4,9,'85014cca-001f-438b-932f-25edf4f8b507','f74183f5-f95a-4f5a-9738-3e5054b3aeda','7d5d6490-bb57-4a6d-a268-92c6d0fc6d43'),('fbb361b0-5465-4c69-b690-f70064a1dc9d',4,11,'23fe3a4f-f9b0-4ad5-b002-cc4ab94d53b0','cbcc80c1-b880-4c0d-b92e-88f53fb66b4b','494925c2-0147-4381-9b5d-eb1b15622f73'),('fc1fb411-9446-4262-bb6c-69c091b7c8ae',2,8,'b068dd04-c755-4ed8-ba47-e9ce6a1bf9fc','84ad2168-82dd-470e-a55b-7b3e0bd8f0d1','f73a2cf1-38a2-4ae6-b4d5-ea3c68f10db5'),('fc6503fe-80f1-411d-89c1-1733994008f1',4,NULL,'f76b4c40-3f06-4638-8053-5f1d96517fe7','bc3bdfcc-52ac-493d-9e1c-0c17efe18d0e','bcdc66af-d20f-42e0-8bc2-21fee1c7ec26'),('fc781383-3bc8-4364-be7e-b2bfa85ed7d3',4,NULL,'27c26bc1-fd96-43f9-ba85-a89a67b0f5bf','a8b5a939-8e4e-465d-8be5-220dd9b2303a','18f2bada-2f3c-419e-921c-0fac96324e41'),('fca6ca48-f286-4f34-a0c4-baca5664dc95',2,8,'98c9ab78-540c-4f5d-87dd-682e3e2ec760','cdbd4358-0857-427e-9487-1629bb325a82','9f16663c-f653-471a-8bb3-b4eb26524b67'),('fce5419a-0cc0-4944-9393-9ba138241631',1,7,'4e5b253e-b168-42e9-b8df-420fb7603f1c','c5a15ef3-5a41-488b-a44e-1c5a59dd7812','d85f1c3e-8aad-4978-864e-d801bc912668'),('fd1d1eac-3450-43a2-9c0b-fb3a40b4949f',1,NULL,'48c2a652-44cc-4ed7-9f14-5ca53609143f','1c18e8ca-5fe4-4f06-be98-8172064a65ac','18f2bada-2f3c-419e-921c-0fac96324e41'),('fdb7e6e8-0738-43cd-981a-ca80c93148a4',3,8,'a4fdd7cd-d345-41c7-adb5-b7385290325a','ef04729f-14bb-4779-ba7a-7cb40c1c1a46','6662efd1-9b1c-4d2a-92d9-03609fb9fc8d'),('fdbe81d3-b79b-41d8-a1ea-542e816cc9fd',2,10,'85014cca-001f-438b-932f-25edf4f8b507','392d0a3f-46bd-4e71-ab0f-171aa1ad3758','7d5d6490-bb57-4a6d-a268-92c6d0fc6d43'),('fe4e5546-f1f3-45c6-a776-b8976b016d94',2,8,'ab71cf77-6266-437b-8209-96c43fce1ae2','f00616c7-c061-4662-b96d-b572dcd70daf','18f2bada-2f3c-419e-921c-0fac96324e41'),('fe92f808-10f3-4e0a-8942-28b30ec32a39',2,6,'8ad26608-ed95-4b9e-ab80-e8b2b1a5ed11','4d9ec2e0-a9f6-4ffa-88ed-656e9226b670','bcdc66af-d20f-42e0-8bc2-21fee1c7ec26'),('feccb8f0-0141-4e0c-9575-58eea0e2998b',1,9,'ca12ce09-d714-44dd-82c1-89dc2de5e9c1','89dc81a4-9213-45d2-a3a2-5aebfc6d9fdd','bcdc66af-d20f-42e0-8bc2-21fee1c7ec26'),('feefa1d8-c63b-41e6-bf01-49c67d922b32',4,7,'55f8c418-d5af-47bc-bf5d-1cf1f24dcaa1','22b0b412-00a4-4119-ad1a-e3def403141e','494925c2-0147-4381-9b5d-eb1b15622f73'),('ff406b90-24f8-43b1-994c-2db81ee6e507',3,NULL,'442a348e-0a25-460e-9b1f-0804fb716f93','c059d3ab-c284-4087-b4ba-c66f460697fe','bcdc66af-d20f-42e0-8bc2-21fee1c7ec26'),('ff5fb69f-6460-4c1d-a185-70f85065c7b1',2,9,'f90c00a7-9941-4679-8897-29194e5e644e','6b0a594c-62aa-45d3-ab02-1732d4d51d99','d3233639-8b54-4d6e-953d-6d0701ef1d02'),('ffb730c6-4315-434e-89ad-2a50352d8260',3,11,'abe30b6a-a079-453d-a23f-2e3416afdc76','75201f30-8d50-48d6-838c-caede37ae2e5','7d5d6490-bb57-4a6d-a268-92c6d0fc6d43'),('ffc4120c-bdb1-49bd-b9a0-0da4a2eb6f64',2,8,'b008d2cb-fd63-4530-bab9-e4944bfae79f','59307db1-4de0-43d9-89c7-1bbf3efeaa8e','18f2bada-2f3c-419e-921c-0fac96324e41'),('fff1ac1b-0ea1-49c6-b61a-1097a50576de',3,NULL,'78ff1c9d-0de4-46d9-a32b-2cb46ba54036','5f1a9384-e8da-4b8f-8097-cdc84aa92730','bcd17dd0-e430-40b5-954f-9a7289a8bac7');
/*!40000 ALTER TABLE `seats` ENABLE KEYS */;
UNLOCK TABLES;
/*!40103 SET TIME_ZONE=@OLD_TIME_ZONE */;

/*!40101 SET SQL_MODE=@OLD_SQL_MODE */;
/*!40014 SET FOREIGN_KEY_CHECKS=@OLD_FOREIGN_KEY_CHECKS */;
/*!40014 SET UNIQUE_CHECKS=@OLD_UNIQUE_CHECKS */;
/*!40101 SET CHARACTER_SET_CLIENT=@OLD_CHARACTER_SET_CLIENT */;
/*!40101 SET CHARACTER_SET_RESULTS=@OLD_CHARACTER_SET_RESULTS */;
/*!40101 SET COLLATION_CONNECTION=@OLD_COLLATION_CONNECTION */;
/*!40111 SET SQL_NOTES=@OLD_SQL_NOTES */;

-- Dump completed on 2025-11-05 14:48:05
