-- MySQL dump 10.13  Distrib 8.0.37, for Linux (x86_64)
--
-- Host: localhost    Database: MtG_log
-- ------------------------------------------------------
-- Server version	8.0.37-0ubuntu0.20.04.3

/*!40101 SET @OLD_CHARACTER_SET_CLIENT=@@CHARACTER_SET_CLIENT */;
/*!40101 SET @OLD_CHARACTER_SET_RESULTS=@@CHARACTER_SET_RESULTS */;
/*!40101 SET @OLD_COLLATION_CONNECTION=@@COLLATION_CONNECTION */;
/*!50503 SET NAMES utf8mb4 */;
/*!40103 SET @OLD_TIME_ZONE=@@TIME_ZONE */;
/*!40103 SET TIME_ZONE='+00:00' */;
/*!40014 SET @OLD_UNIQUE_CHECKS=@@UNIQUE_CHECKS, UNIQUE_CHECKS=0 */;
/*!40014 SET @OLD_FOREIGN_KEY_CHECKS=@@FOREIGN_KEY_CHECKS, FOREIGN_KEY_CHECKS=0 */;
/*!40101 SET @OLD_SQL_MODE=@@SQL_MODE, SQL_MODE='NO_AUTO_VALUE_ON_ZERO' */;
/*!40111 SET @OLD_SQL_NOTES=@@SQL_NOTES, SQL_NOTES=0 */;

--
-- Table structure for table `colour_identities`
--

DROP TABLE IF EXISTS `colour_identities`;
/*!40101 SET @saved_cs_client     = @@character_set_client */;
/*!50503 SET character_set_client = utf8mb4 */;
CREATE TABLE `colour_identities` (
  `id` varchar(64) NOT NULL,
  `ci_name` varchar(128) NOT NULL,
  `colours` varchar(128) NOT NULL,
  `num_colours` int NOT NULL,
  PRIMARY KEY (`id`)
) ENGINE=InnoDB DEFAULT CHARSET=utf8mb4 COLLATE=utf8mb4_0900_ai_ci;
/*!40101 SET character_set_client = @saved_cs_client */;

--
-- Dumping data for table `colour_identities`
--

LOCK TABLES `colour_identities` WRITE;
/*!40000 ALTER TABLE `colour_identities` DISABLE KEYS */;
INSERT INTO `colour_identities` VALUES ('018240aa-1533-4c89-9a7e-8f7d57d849a4','Colourless','c',0),('04f42ef3-d4be-45ea-a289-031b7261ab38','Mono-white','w',1),('1447712e-0fb2-4a08-a23e-9345923f3be1','Mono-blue','u',1),('218a0838-cbe1-4308-aabb-8de17cc5873b','Mono-black','b',1),('26842c69-c93d-4ad2-8627-cbe100b600f7','Mono-red','r',1),('302f8628-53b7-44e1-8d77-2aaf65538ba8','Mono-green','g',1),('3256d58c-f465-46ff-94f7-435625da0a3a','Azorius','wu',2),('3b391a97-4c58-4132-8200-68bc2898aef9','Dimir','ub',2),('3de61941-7ac0-4230-aa3b-a8f079e64472','Rakdos','br',2),('532de6fb-59c1-487b-8931-47e70d5cefb2','Gruul','rg',2),('59cb4e07-0520-4b9e-b59c-96088df32978','Selesnya','gw',2),('5d5f6800-e325-4507-a1d5-d8689cd714b9','Orzhov','wb',2),('62eb1f23-0289-46f6-8d3e-ed016a341945','Golgari','bg',2),('702360b8-7181-41a6-b8ac-662eeace3cf2','Simic','gu',2),('71f2e91c-12aa-4358-ae0b-affd4f823cb2','Izzet','ur',2),('7aa24b49-5e15-4fef-8e2a-8f8ee2984cc9','Boros','rw',2),('7c705ad4-f0c3-467e-b480-63a9a809871c','Bant','gwu',3),('7eda5111-5c65-493c-bc32-92a6261ce547','Esper','wub',3),('880393b9-3191-4a6b-a4c5-42f97a659e2c','Grixis','ubr',3),('8a0eed82-6019-46e7-9683-21b622c859b4','Jund','brg',3),('9aa54b57-e5f0-44b6-9c26-09b357a4d54f','Naya','rgw',3),('9fb8539e-2258-4239-bc87-de29d55565e0','Mardu','rwb',3),('a3dec342-cc95-49ec-8dae-4f966da95624','Temur','gur',3),('ad5cec7a-e866-493a-a39c-a0bff8d46eef','Abzan','wbg',3),('b2f7fcf3-ce9f-4898-8d6b-d667de484db2','Jeskai','urw',3),('b5fa6356-25a5-48d5-b2dc-c08a7df6ebe9','Sultai','bgu',3),('b6092dea-04b5-4c40-a089-6d297fb86cfb','Glint-Eye','ubrg',4),('c3daee5a-4ce2-4ccd-bec1-43953ee105c5','Dune-Brood','brgw',4),('cf77b2f2-70ea-432b-8af0-46bfae139e50','Ink-Treader','rgwu',4),('d37e8574-23c4-4dd1-a017-d0b9209bac69','Witch-Maw','gwub',4),('ee1465f8-e828-4a00-baf7-adf39653c678','Yore-Tiller','wubr',4),('ff8bc843-3aa7-4cd4-9db6-c378a69f57b7','Rainbow','wubrg',5);
/*!40000 ALTER TABLE `colour_identities` ENABLE KEYS */;
UNLOCK TABLES;

--
-- Table structure for table `decks`
--

DROP TABLE IF EXISTS `decks`;
/*!40101 SET @saved_cs_client     = @@character_set_client */;
/*!50503 SET character_set_client = utf8mb4 */;
CREATE TABLE `decks` (
  `id` varchar(64) NOT NULL,
  `deck_name` varchar(128) NOT NULL,
  `player_id` varchar(64) NOT NULL,
  `colour_identity_id` varchar(64) NOT NULL,
  PRIMARY KEY (`id`),
  KEY `player_id` (`player_id`),
  KEY `colour_identity_id` (`colour_identity_id`),
  CONSTRAINT `decks_ibfk_1` FOREIGN KEY (`player_id`) REFERENCES `players` (`id`),
  CONSTRAINT `decks_ibfk_2` FOREIGN KEY (`colour_identity_id`) REFERENCES `colour_identities` (`id`)
) ENGINE=InnoDB DEFAULT CHARSET=utf8mb4 COLLATE=utf8mb4_0900_ai_ci;
/*!40101 SET character_set_client = @saved_cs_client */;

--
-- Dumping data for table `decks`
--

LOCK TABLES `decks` WRITE;
/*!40000 ALTER TABLE `decks` DISABLE KEYS */;
INSERT INTO `decks` VALUES ('022b0928-6531-438b-9168-d0b7ab96dfa1','Prismatic Bridge','77b48305-eb0e-4fbb-bf35-db3a086dfac2','ff8bc843-3aa7-4cd4-9db6-c378a69f57b7'),('07e23f42-63ec-4c82-9ecf-4cf07ce8c901','Slimefoot & Squee','31c2bb6a-1161-4981-98ef-ca9d4cc302c6','8a0eed82-6019-46e7-9683-21b622c859b4'),('0bef737c-68ef-4f15-81e2-49d0477d7e13','Gut / Agent of the Iron Throne','f73a2cf1-38a2-4ae6-b4d5-ea3c68f10db5','3de61941-7ac0-4230-aa3b-a8f079e64472'),('0d79e631-f0fa-4f96-9b4b-0c6567c41403','Lonis, Cryptozoologist','31c2bb6a-1161-4981-98ef-ca9d4cc302c6','702360b8-7181-41a6-b8ac-662eeace3cf2'),('0e3d0f63-83bc-45d6-9a1f-4a16cb97eeed','Eluge','77b48305-eb0e-4fbb-bf35-db3a086dfac2','1447712e-0fb2-4a08-a23e-9345923f3be1'),('12dd34eb-c08f-4f88-8bbf-894e5ca5595c','Talion, Harrison\'s Version','7dc39f94-11cf-46fa-b7fb-6c18b2df12ab','3b391a97-4c58-4132-8200-68bc2898aef9'),('15dec003-5456-43ea-a6da-cf981333f6a5','Xyris, Hedron Grinder','bcdc66af-d20f-42e0-8bc2-21fee1c7ec26','a3dec342-cc95-49ec-8dae-4f966da95624'),('1d60ad87-e35e-43b7-8885-21797d13f593','Imskir Iron-Eater','9f16663c-f653-471a-8bb3-b4eb26524b67','3de61941-7ac0-4230-aa3b-a8f079e64472'),('220d4a83-9cc0-418a-9b38-5f81de40edfb','Omnath, Locus of the Roil','494925c2-0147-4381-9b5d-eb1b15622f73','a3dec342-cc95-49ec-8dae-4f966da95624'),('238370d5-306e-4cde-a891-849b365ee683','Obeka, Brute Chronologist','bcdc66af-d20f-42e0-8bc2-21fee1c7ec26','880393b9-3191-4a6b-a4c5-42f97a659e2c'),('258758eb-a829-4b20-8939-3f6bf8593326','Satya, Aetherflux Genius','494925c2-0147-4381-9b5d-eb1b15622f73','b2f7fcf3-ce9f-4898-8d6b-d667de484db2'),('25fa61be-722d-4a60-b7bc-d374310469ac','Bruse, Kamahl Herder','7c847407-d519-479c-99bd-b57d01a98670','9aa54b57-e5f0-44b6-9c26-09b357a4d54f'),('38265ce2-f73d-4d47-bac2-59dd855e3c06','Atraxa, Praetors\' Voice','be1d79dd-b907-4fcc-8ead-1bd50eb01571','d37e8574-23c4-4dd1-a017-d0b9209bac69'),('41665427-53e9-41ee-a2be-cda514279e64','Neheb, Dreadhorde Champion','bcd17dd0-e430-40b5-954f-9a7289a8bac7','26842c69-c93d-4ad2-8627-cbe100b600f7'),('42b3d0e1-81a1-4143-945a-762f24bfeeda','Trostani, Selesnya\'s Voice','494925c2-0147-4381-9b5d-eb1b15622f73','59cb4e07-0520-4b9e-b59c-96088df32978'),('442a348e-0a25-460e-9b1f-0804fb716f93','Extus, suzerain de l\'Oriq','bcdc66af-d20f-42e0-8bc2-21fee1c7ec26','5d5f6800-e325-4507-a1d5-d8689cd714b9'),('4872bbe1-39b7-4b48-b983-bf06f56c660c','Bhaal','7c847407-d519-479c-99bd-b57d01a98670','8a0eed82-6019-46e7-9683-21b622c859b4'),('48991208-3f7e-4821-b37b-ed13839ce3a6','Esika, Tree','bcd17dd0-e430-40b5-954f-9a7289a8bac7','ff8bc843-3aa7-4cd4-9db6-c378a69f57b7'),('49f2b076-a321-4123-92b5-ab2e81a5f451','Atraxa, Unifier','18f2bada-2f3c-419e-921c-0fac96324e41','d37e8574-23c4-4dd1-a017-d0b9209bac69'),('4d8f2865-164f-42ce-bd0a-c0becd03b425','Galazeth','f73a2cf1-38a2-4ae6-b4d5-ea3c68f10db5','71f2e91c-12aa-4358-ae0b-affd4f823cb2'),('51f8ef38-c336-4c58-80de-4c12c5d7f925','Obeka, Splitter of Seconds','77b48305-eb0e-4fbb-bf35-db3a086dfac2','880393b9-3191-4a6b-a4c5-42f97a659e2c'),('537f76f8-21e7-41d4-a735-529c68c47992','Kaust, Eyes of the Glade','7dc39f94-11cf-46fa-b7fb-6c18b2df12ab','9aa54b57-e5f0-44b6-9c26-09b357a4d54f'),('55966c99-36e5-48a1-855c-227d114223b3','Raffine','f73a2cf1-38a2-4ae6-b4d5-ea3c68f10db5','7eda5111-5c65-493c-bc32-92a6261ce547'),('56c97fa8-ab16-42b1-9622-197a64fc5a9b','Tovolar','7dc39f94-11cf-46fa-b7fb-6c18b2df12ab','532de6fb-59c1-487b-8931-47e70d5cefb2'),('59f538d7-3159-41bf-884a-49010663c67a','Rashmi & Ragavan','7c847407-d519-479c-99bd-b57d01a98670','a3dec342-cc95-49ec-8dae-4f966da95624'),('5c2ce523-3e36-4d11-819c-0c0d18d6ac6a','Sidar Jabari of Zhalfir','1e2dfc1d-e502-4bc3-9dd0-a64eb21d5522','7eda5111-5c65-493c-bc32-92a6261ce547'),('5c9bca10-b0b9-419a-b676-0b983298e8d7','Rafiq of the Many','494925c2-0147-4381-9b5d-eb1b15622f73','7c705ad4-f0c3-467e-b480-63a9a809871c'),('6408be34-d9f2-45ff-81cf-9c9f97ff16b1','Big Booty Beaches','7d5d6490-bb57-4a6d-a268-92c6d0fc6d43','3256d58c-f465-46ff-94f7-435625da0a3a'),('64643a32-3b11-4d3c-9746-1f9d6edab87e','Eligeth / Esior','f73a2cf1-38a2-4ae6-b4d5-ea3c68f10db5','1447712e-0fb2-4a08-a23e-9345923f3be1'),('66c75202-6a2b-45cc-b4d4-08585053e0ef','Réveiller l\'Avatar de sang','bcdc66af-d20f-42e0-8bc2-21fee1c7ec26','3de61941-7ac0-4230-aa3b-a8f079e64472'),('69393a02-7e5c-499f-8005-108740dee92f','General Ferrous Rokiric','bcdc66af-d20f-42e0-8bc2-21fee1c7ec26','7aa24b49-5e15-4fef-8e2a-8f8ee2984cc9'),('6c30333c-1ef4-4a96-9af2-537edfda94b1','Kodama of the West Tree','be1d79dd-b907-4fcc-8ead-1bd50eb01571','302f8628-53b7-44e1-8d77-2aaf65538ba8'),('70e716a9-a879-4372-8543-a119900ec96c','Zimone, Mystery Unraveler','9f16663c-f653-471a-8bb3-b4eb26524b67','702360b8-7181-41a6-b8ac-662eeace3cf2'),('7727335f-5d14-436e-afdd-545b1d713e34','Saskia the Unyielding','494925c2-0147-4381-9b5d-eb1b15622f73','c3daee5a-4ce2-4ccd-bec1-43953ee105c5'),('77fc2f5f-4551-484c-9551-e493f4828747','Nethroi, Apex of Death','bcdc66af-d20f-42e0-8bc2-21fee1c7ec26','ad5cec7a-e866-493a-a39c-a0bff8d46eef'),('786adef8-fff7-441c-a4de-6eab07fdacd7','Belbe, Corrupted Observer','bcd17dd0-e430-40b5-954f-9a7289a8bac7','62eb1f23-0289-46f6-8d3e-ed016a341945'),('78ff1c9d-0de4-46d9-a32b-2cb46ba54036','Tamiyo, Inquisitive Student','bcd17dd0-e430-40b5-954f-9a7289a8bac7','702360b8-7181-41a6-b8ac-662eeace3cf2'),('7a4d4c3c-a348-4159-94fe-a137bb3c9137','Vazi','7c847407-d519-479c-99bd-b57d01a98670','8a0eed82-6019-46e7-9683-21b622c859b4'),('7df079e3-e5ec-4632-b6f0-c4a3cb09f3f7','Yorion','bcd17dd0-e430-40b5-954f-9a7289a8bac7','3256d58c-f465-46ff-94f7-435625da0a3a'),('839b690f-adcf-4901-92d1-1e87ea6393cc','Myrel','18f2bada-2f3c-419e-921c-0fac96324e41','04f42ef3-d4be-45ea-a289-031b7261ab38'),('8ad26608-ed95-4b9e-ab80-e8b2b1a5ed11','Ratadrabik of Urborg','bcdc66af-d20f-42e0-8bc2-21fee1c7ec26','5d5f6800-e325-4507-a1d5-d8689cd714b9'),('8dc419b5-234c-4f0a-abbb-8486d57789d6','Lumra, Bellow of the Woods','1e2dfc1d-e502-4bc3-9dd0-a64eb21d5522','302f8628-53b7-44e1-8d77-2aaf65538ba8'),('8eb54151-0939-43e5-a433-defea8048355','Zur, Eternal Schemer','494925c2-0147-4381-9b5d-eb1b15622f73','7eda5111-5c65-493c-bc32-92a6261ce547'),('8fa9c10a-9a9a-4c75-bdd7-cc95d9591850','Michael, Bone Manager','7c847407-d519-479c-99bd-b57d01a98670','ad5cec7a-e866-493a-a39c-a0bff8d46eef'),('906b4c5d-123c-428b-a7e2-91c75f731d75','Ojer Kaslem, Deepest Growth','f73a2cf1-38a2-4ae6-b4d5-ea3c68f10db5','302f8628-53b7-44e1-8d77-2aaf65538ba8'),('913ce649-0495-4197-9aa4-aeb49bfa25d4','Kozilek, Butcher of Truth','be1d79dd-b907-4fcc-8ead-1bd50eb01571','018240aa-1533-4c89-9a7e-8f7d57d849a4'),('932f1a05-cce0-4e50-92c8-b18cae892930','Talion, the Kindly Lord','bcd17dd0-e430-40b5-954f-9a7289a8bac7','3b391a97-4c58-4132-8200-68bc2898aef9'),('96ab08e8-30b2-4252-afac-8192840aa7fa','Zedruü au Grandcœur','bcdc66af-d20f-42e0-8bc2-21fee1c7ec26','b2f7fcf3-ce9f-4898-8d6b-d667de484db2'),('a674ee22-1596-49c1-b951-779db6510c1e','The Gitrog Monster','f73a2cf1-38a2-4ae6-b4d5-ea3c68f10db5','62eb1f23-0289-46f6-8d3e-ed016a341945'),('a8155b8d-4ec4-403f-b6d0-08464fe9d51e','Isshin, Two Heavens as One','494925c2-0147-4381-9b5d-eb1b15622f73','9fb8539e-2258-4239-bc87-de29d55565e0'),('b008d2cb-fd63-4530-bab9-e4944bfae79f','Valgavoth, Harrower','18f2bada-2f3c-419e-921c-0fac96324e41','3de61941-7ac0-4230-aa3b-a8f079e64472'),('b1258ee1-fd42-4100-8dbe-911669dee69b','Soul of Lord Windgrace','bcdc66af-d20f-42e0-8bc2-21fee1c7ec26','8a0eed82-6019-46e7-9683-21b622c859b4'),('b3d362cf-bf31-4826-8056-adfec5fac8a4','Giada','f73a2cf1-38a2-4ae6-b4d5-ea3c68f10db5','04f42ef3-d4be-45ea-a289-031b7261ab38'),('b6b1cfef-78e4-4fff-a30a-15bad0280f2b','Isshin','18f2bada-2f3c-419e-921c-0fac96324e41','9fb8539e-2258-4239-bc87-de29d55565e0'),('b7eebdbf-6687-46b5-877e-db9365f0bd5d','Niv-Mizzet revenu à la vie','bcdc66af-d20f-42e0-8bc2-21fee1c7ec26','ff8bc843-3aa7-4cd4-9db6-c378a69f57b7'),('c1c7dc9b-4223-4172-a82f-1fe434305cf8','Lord of the Nazgûl','f73a2cf1-38a2-4ae6-b4d5-ea3c68f10db5','3b391a97-4c58-4132-8200-68bc2898aef9'),('ca12ce09-d714-44dd-82c1-89dc2de5e9c1','Atraxa, voix des praetors','bcdc66af-d20f-42e0-8bc2-21fee1c7ec26','d37e8574-23c4-4dd1-a017-d0b9209bac69'),('ce3adffa-6113-48f4-baa2-ade8b4f312bf','Lotho','f73a2cf1-38a2-4ae6-b4d5-ea3c68f10db5','5d5f6800-e325-4507-a1d5-d8689cd714b9'),('d12ac641-ebbd-4132-9cf4-58e40f6b455c','Hazel of the Rootbloom','7dc39f94-11cf-46fa-b7fb-6c18b2df12ab','62eb1f23-0289-46f6-8d3e-ed016a341945'),('d166c651-2f14-4c54-a28d-bcb6990f8772','Imodane','f73a2cf1-38a2-4ae6-b4d5-ea3c68f10db5','26842c69-c93d-4ad2-8627-cbe100b600f7'),('d9e2a41f-6f60-4ec0-a45a-9595cc725536','Yawgmoth, Thran Physician','7d5d6490-bb57-4a6d-a268-92c6d0fc6d43','218a0838-cbe1-4308-aabb-8de17cc5873b'),('e527deb5-3666-4385-a3ef-f3ae959e20ea','Nekusar, the Mindrazer','494925c2-0147-4381-9b5d-eb1b15622f73','880393b9-3191-4a6b-a4c5-42f97a659e2c'),('eba29714-2b90-46df-bedb-03208008e068','Atraxa, Voice','18f2bada-2f3c-419e-921c-0fac96324e41','d37e8574-23c4-4dd1-a017-d0b9209bac69'),('f00886fd-4b70-49cc-ae8c-559771faa840','Atraxa, Poison','77b48305-eb0e-4fbb-bf35-db3a086dfac2','d37e8574-23c4-4dd1-a017-d0b9209bac69'),('f52e8e9d-cb1e-45fe-bd4b-8f95dc217e6c','Aesi','7c847407-d519-479c-99bd-b57d01a98670','702360b8-7181-41a6-b8ac-662eeace3cf2'),('f76b4c40-3f06-4638-8053-5f1d96517fe7','Zaxara, the Exemplary','bcdc66af-d20f-42e0-8bc2-21fee1c7ec26','b5fa6356-25a5-48d5-b2dc-c08a7df6ebe9');
/*!40000 ALTER TABLE `decks` ENABLE KEYS */;
UNLOCK TABLES;

--
-- Table structure for table `games`
--

DROP TABLE IF EXISTS `games`;
/*!40101 SET @saved_cs_client     = @@character_set_client */;
/*!50503 SET character_set_client = utf8mb4 */;
CREATE TABLE `games` (
  `id` varchar(64) NOT NULL,
  `game_name` varchar(1024) DEFAULT NULL,
  `month` varchar(16) DEFAULT NULL,
  `year` int DEFAULT NULL,
  `start_time` datetime DEFAULT NULL,
  `end_time` datetime DEFAULT NULL,
  `game_time` varchar(64) DEFAULT NULL,
  `game_turns` int DEFAULT NULL,
  `winning_deck_id` varchar(64) DEFAULT NULL,
  `winning_player_id` varchar(64) DEFAULT NULL,
  PRIMARY KEY (`id`),
  KEY `games_ibfk_1` (`winning_deck_id`),
  KEY `games_ibfk_2` (`winning_player_id`),
  CONSTRAINT `games_ibfk_1` FOREIGN KEY (`winning_deck_id`) REFERENCES `decks` (`id`),
  CONSTRAINT `games_ibfk_2` FOREIGN KEY (`winning_player_id`) REFERENCES `players` (`id`)
) ENGINE=InnoDB DEFAULT CHARSET=utf8mb4 COLLATE=utf8mb4_0900_ai_ci;
/*!40101 SET character_set_client = @saved_cs_client */;

--
-- Dumping data for table `games`
--

LOCK TABLES `games` WRITE;
/*!40000 ALTER TABLE `games` DISABLE KEYS */;
INSERT INTO `games` VALUES ('07fe3853-8261-4f31-8a4c-b776c6840a61','2025-01-13 19:05 - 20:08','January',2025,'2025-01-13 19:05:00','2025-01-13 20:08:00','1:03:00',8,'8ad26608-ed95-4b9e-ab80-e8b2b1a5ed11','bcdc66af-d20f-42e0-8bc2-21fee1c7ec26'),('11e45865-09b3-4c32-aafe-18caaaed35cb','2025-06-02 17:29 - 19:29','June',2025,'2025-06-02 17:29:00','2025-06-02 19:29:00','2:00:00',12,'e527deb5-3666-4385-a3ef-f3ae959e20ea','494925c2-0147-4381-9b5d-eb1b15622f73'),('1a6d0aaa-0ea6-486f-9ba8-da981fddbc1a','2025-06-23 20:03 - 21:20','June',2025,'2025-06-23 20:03:00','2025-06-23 21:20:00','1:17:00',12,'96ab08e8-30b2-4252-afac-8192840aa7fa','bcdc66af-d20f-42e0-8bc2-21fee1c7ec26'),('2625085c-df07-47d6-b548-d5ba49c788f0','2025-01-17 19:42 - 20:33','January',2025,'2025-01-17 19:42:00','2025-01-17 20:33:00','0:51:00',6,'51f8ef38-c336-4c58-80de-4c12c5d7f925','77b48305-eb0e-4fbb-bf35-db3a086dfac2'),('27ff2a95-6669-4d26-a0c2-82c6afcd8227','2025-01-17 20:43 - 21:32','January',2025,'2025-01-17 20:43:00','2025-01-17 21:32:00','0:49:00',9,'f76b4c40-3f06-4638-8053-5f1d96517fe7','bcdc66af-d20f-42e0-8bc2-21fee1c7ec26'),('3287a41e-23ee-46ae-822d-eb4cc35f8753','2025-02-17 17:33 - 19:30','February',2025,'2025-02-17 17:33:00','2025-02-17 19:30:00','1:57:00',14,'b3d362cf-bf31-4826-8056-adfec5fac8a4','f73a2cf1-38a2-4ae6-b4d5-ea3c68f10db5'),('4093f31c-6122-4f82-bd5d-40140ffc585b','2025-03-17 19:35 - 20:48','March',2025,'2025-03-17 19:35:00','2025-03-17 20:48:00','1:13:00',8,'d9e2a41f-6f60-4ec0-a45a-9595cc725536','7d5d6490-bb57-4a6d-a268-92c6d0fc6d43'),('5e4ac305-c8f7-4b83-bc4e-4b9efea1deb3','2025-03-17 17:12 - 18:20','March',2025,'2025-03-17 17:12:00','2025-03-17 18:20:00','1:08:00',7,'6c30333c-1ef4-4a96-9af2-537edfda94b1','be1d79dd-b907-4fcc-8ead-1bd50eb01571'),('6ed4c6d0-e01f-4f84-b32a-6083cc6e2ea6','2025-01-17 17:33 - 18:21','January',2025,'2025-01-17 17:33:00','2025-01-17 18:21:00','0:48:00',6,'77fc2f5f-4551-484c-9551-e493f4828747','bcdc66af-d20f-42e0-8bc2-21fee1c7ec26'),('815f4404-cebc-4885-9222-6d1d4784f8c2','2025-05-30 19:35 - 20:14','May',2025,'2025-05-30 19:35:00','2025-05-30 20:14:00','0:39:00',7,'ce3adffa-6113-48f4-baa2-ade8b4f312bf','f73a2cf1-38a2-4ae6-b4d5-ea3c68f10db5'),('8e074221-52f9-4ed7-99b7-1d30b111755b','2025-01-13 17:54 - 18:58','January',2025,'2025-01-13 17:54:00','2025-01-13 18:58:00','1:04:00',7,'a674ee22-1596-49c1-b951-779db6510c1e','f73a2cf1-38a2-4ae6-b4d5-ea3c68f10db5'),('8f4cf8e7-0b0f-42a7-8f06-1eac617c423f','2025-02-17 19:37 - 20:45','February',2025,'2025-02-17 19:37:00','2025-02-17 20:45:00','1:08:00',13,'8eb54151-0939-43e5-a433-defea8048355','494925c2-0147-4381-9b5d-eb1b15622f73'),('991e0ee3-c5fa-4cc5-943b-4de3e6ed8505','2025-05-30 18:51 - 19:28','May',2025,'2025-05-30 18:51:00','2025-05-30 19:28:00','0:37:00',7,'d166c651-2f14-4c54-a28d-bcb6990f8772','f73a2cf1-38a2-4ae6-b4d5-ea3c68f10db5'),('a49a4acb-d01a-443e-b957-3754dfc81694','2025-06-23 18:09 - 19:56','June',2025,'2025-06-23 18:09:00','2025-06-23 19:56:00','1:47:00',11,'8dc419b5-234c-4f0a-abbb-8486d57789d6','1e2dfc1d-e502-4bc3-9dd0-a64eb21d5522'),('a7149a37-0014-45fc-a81f-264c1ed93503','2025-01-13 20:16 - 21:28','January',2025,'2025-01-13 20:16:00','2025-01-13 21:28:00','1:12:00',9,'0bef737c-68ef-4f15-81e2-49d0477d7e13','f73a2cf1-38a2-4ae6-b4d5-ea3c68f10db5'),('b0947f69-f401-42b0-93d6-951dab5c6e84','2025-05-30 21:13 - 22:13','May',2025,'2025-05-30 21:13:00','2025-05-30 22:13:00','1:00:00',9,'b6b1cfef-78e4-4fff-a30a-15bad0280f2b','18f2bada-2f3c-419e-921c-0fac96324e41'),('c9924d51-69e4-4ad8-8d2c-491f5b039fbb','2025-05-30 17:36 - 18:41','May',2025,'2025-05-30 17:36:00','2025-05-30 18:41:00','1:05:00',10,'8fa9c10a-9a9a-4c75-bdd7-cc95d9591850','7c847407-d519-479c-99bd-b57d01a98670'),('cb62d32a-cbc8-41b2-8fa7-269198bd1e5a','2025-06-02 19:37 - 20:22','June',2025,'2025-06-02 19:37:00','2025-06-02 20:22:00','0:45:00',6,'07e23f42-63ec-4c82-9ecf-4cf07ce8c901','31c2bb6a-1161-4981-98ef-ca9d4cc302c6'),('d0eb425a-682f-4bd4-807e-82d064ad9364','2025-03-17 18:26 - 19:31','March',2025,'2025-03-17 18:26:00','2025-03-17 19:31:00','1:05:00',9,'913ce649-0495-4197-9aa4-aeb49bfa25d4','be1d79dd-b907-4fcc-8ead-1bd50eb01571'),('e673e082-7e12-4358-bbc4-3960b1bba40e','2025-01-17 18:26 - 19:31','January',2025,'2025-01-17 18:26:00','2025-01-17 19:31:00','1:05:00',7,'ce3adffa-6113-48f4-baa2-ade8b4f312bf','f73a2cf1-38a2-4ae6-b4d5-ea3c68f10db5'),('fd0a1582-ef87-4a4c-9530-7dfa8f6237f5','2025-05-30 20:20 - 21:07','May',2025,'2025-05-30 20:20:00','2025-05-30 21:07:00','0:47:00',7,'b008d2cb-fd63-4530-bab9-e4944bfae79f','18f2bada-2f3c-419e-921c-0fac96324e41');
/*!40000 ALTER TABLE `games` ENABLE KEYS */;
UNLOCK TABLES;

--
-- Table structure for table `players`
--

DROP TABLE IF EXISTS `players`;
/*!40101 SET @saved_cs_client     = @@character_set_client */;
/*!50503 SET character_set_client = utf8mb4 */;
CREATE TABLE `players` (
  `id` varchar(64) NOT NULL,
  `player_name` varchar(128) NOT NULL,
  PRIMARY KEY (`id`)
) ENGINE=InnoDB DEFAULT CHARSET=utf8mb4 COLLATE=utf8mb4_0900_ai_ci;
/*!40101 SET character_set_client = @saved_cs_client */;

--
-- Dumping data for table `players`
--

LOCK TABLES `players` WRITE;
/*!40000 ALTER TABLE `players` DISABLE KEYS */;
INSERT INTO `players` VALUES ('18f2bada-2f3c-419e-921c-0fac96324e41','Jay F'),('1e2dfc1d-e502-4bc3-9dd0-a64eb21d5522','Angus'),('31c2bb6a-1161-4981-98ef-ca9d4cc302c6','Bailey M'),('494925c2-0147-4381-9b5d-eb1b15622f73','Liam R'),('77b48305-eb0e-4fbb-bf35-db3a086dfac2','Cody M'),('7c847407-d519-479c-99bd-b57d01a98670','Arik H'),('7d5d6490-bb57-4a6d-a268-92c6d0fc6d43','Zoltán M'),('7dc39f94-11cf-46fa-b7fb-6c18b2df12ab','Harrison P'),('9f16663c-f653-471a-8bb3-b4eb26524b67','Dean P'),('bcd17dd0-e430-40b5-954f-9a7289a8bac7','Dan F'),('bcdc66af-d20f-42e0-8bc2-21fee1c7ec26','Kieran H'),('be1d79dd-b907-4fcc-8ead-1bd50eb01571','Brayden M'),('f73a2cf1-38a2-4ae6-b4d5-ea3c68f10db5','Cyrus T');
/*!40000 ALTER TABLE `players` ENABLE KEYS */;
UNLOCK TABLES;

--
-- Table structure for table `seats`
--

DROP TABLE IF EXISTS `seats`;
/*!40101 SET @saved_cs_client     = @@character_set_client */;
/*!50503 SET character_set_client = utf8mb4 */;
CREATE TABLE `seats` (
  `id` varchar(64) NOT NULL,
  `seat_no` int NOT NULL,
  `ko_turn` int DEFAULT NULL,
  `deck_id` varchar(64) NOT NULL,
  `game_id` varchar(64) NOT NULL,
  `player_id` varchar(64) NOT NULL,
  PRIMARY KEY (`id`),
  KEY `deck_id` (`deck_id`),
  KEY `game_id` (`game_id`),
  KEY `player_id` (`player_id`),
  CONSTRAINT `seats_ibfk_1` FOREIGN KEY (`deck_id`) REFERENCES `decks` (`id`),
  CONSTRAINT `seats_ibfk_2` FOREIGN KEY (`game_id`) REFERENCES `games` (`id`),
  CONSTRAINT `seats_ibfk_3` FOREIGN KEY (`player_id`) REFERENCES `players` (`id`)
) ENGINE=InnoDB DEFAULT CHARSET=utf8mb4 COLLATE=utf8mb4_0900_ai_ci;
/*!40101 SET character_set_client = @saved_cs_client */;

--
-- Dumping data for table `seats`
--

LOCK TABLES `seats` WRITE;
/*!40000 ALTER TABLE `seats` DISABLE KEYS */;
INSERT INTO `seats` VALUES ('0761a3ef-fba2-45e2-a0f5-67b7031849dc',4,NULL,'ce3adffa-6113-48f4-baa2-ade8b4f312bf','815f4404-cebc-4885-9222-6d1d4784f8c2','f73a2cf1-38a2-4ae6-b4d5-ea3c68f10db5'),('0acc8710-a290-4c93-8523-024bbee813be',3,9,'56c97fa8-ab16-42b1-9622-197a64fc5a9b','27ff2a95-6669-4d26-a0c2-82c6afcd8227','7dc39f94-11cf-46fa-b7fb-6c18b2df12ab'),('0b1e0cd7-c08a-4fca-a1f3-6151880b3ab4',4,6,'66c75202-6a2b-45cc-b4d4-08585053e0ef','2625085c-df07-47d6-b548-d5ba49c788f0','bcdc66af-d20f-42e0-8bc2-21fee1c7ec26'),('134b963f-3004-4006-b035-5adee8a1b8bd',1,6,'0bef737c-68ef-4f15-81e2-49d0477d7e13','2625085c-df07-47d6-b548-d5ba49c788f0','f73a2cf1-38a2-4ae6-b4d5-ea3c68f10db5'),('14276c1d-44e2-4266-bc40-cccee6ba3434',4,11,'258758eb-a829-4b20-8939-3f6bf8593326','3287a41e-23ee-46ae-822d-eb4cc35f8753','494925c2-0147-4381-9b5d-eb1b15622f73'),('14b63224-f8fe-4d0c-a857-f5be540e5f3c',4,NULL,'d9e2a41f-6f60-4ec0-a45a-9595cc725536','4093f31c-6122-4f82-bd5d-40140ffc585b','7d5d6490-bb57-4a6d-a268-92c6d0fc6d43'),('14f850b3-0981-4360-95f3-9a894bd24176',2,10,'b1258ee1-fd42-4100-8dbe-911669dee69b','a49a4acb-d01a-443e-b957-3754dfc81694','bcdc66af-d20f-42e0-8bc2-21fee1c7ec26'),('164e724f-6001-4c09-99b8-94bbe67e4659',4,7,'66c75202-6a2b-45cc-b4d4-08585053e0ef','fd0a1582-ef87-4a4c-9530-7dfa8f6237f5','bcdc66af-d20f-42e0-8bc2-21fee1c7ec26'),('19569c9c-5798-434c-b38f-94e550003c67',4,NULL,'6c30333c-1ef4-4a96-9af2-537edfda94b1','5e4ac305-c8f7-4b83-bc4e-4b9efea1deb3','be1d79dd-b907-4fcc-8ead-1bd50eb01571'),('1ed6c126-8239-4b25-9aa2-82f1000c9295',2,NULL,'913ce649-0495-4197-9aa4-aeb49bfa25d4','d0eb425a-682f-4bd4-807e-82d064ad9364','be1d79dd-b907-4fcc-8ead-1bd50eb01571'),('1f148957-5864-49d5-aa80-6bb98cd2a225',3,6,'d12ac641-ebbd-4132-9cf4-58e40f6b455c','6ed4c6d0-e01f-4f84-b32a-6083cc6e2ea6','7dc39f94-11cf-46fa-b7fb-6c18b2df12ab'),('1f8fde15-12e2-44b2-83de-b34886ce3e2e',3,NULL,'8dc419b5-234c-4f0a-abbb-8486d57789d6','a49a4acb-d01a-443e-b957-3754dfc81694','1e2dfc1d-e502-4bc3-9dd0-a64eb21d5522'),('246d3b02-8739-45c2-9fa3-856cd61fb232',2,9,'5c2ce523-3e36-4d11-819c-0c0d18d6ac6a','1a6d0aaa-0ea6-486f-9ba8-da981fddbc1a','1e2dfc1d-e502-4bc3-9dd0-a64eb21d5522'),('285aef6b-e41b-4025-8bf2-8d8565d53fc3',2,9,'b1258ee1-fd42-4100-8dbe-911669dee69b','a7149a37-0014-45fc-a81f-264c1ed93503','bcdc66af-d20f-42e0-8bc2-21fee1c7ec26'),('2976336f-ea3d-4036-8768-57dd23f3e0b3',3,12,'70e716a9-a879-4372-8543-a119900ec96c','3287a41e-23ee-46ae-822d-eb4cc35f8753','9f16663c-f653-471a-8bb3-b4eb26524b67'),('2ac3b644-7864-4c90-9ca7-f2f1536f63e5',1,7,'442a348e-0a25-460e-9b1f-0804fb716f93','815f4404-cebc-4885-9222-6d1d4784f8c2','bcdc66af-d20f-42e0-8bc2-21fee1c7ec26'),('2b536650-c3be-46c0-a477-925dffd56e1c',1,7,'906b4c5d-123c-428b-a7e2-91c75f731d75','27ff2a95-6669-4d26-a0c2-82c6afcd8227','f73a2cf1-38a2-4ae6-b4d5-ea3c68f10db5'),('2cf0f241-462a-418e-85ac-60397a13917e',3,NULL,'b6b1cfef-78e4-4fff-a30a-15bad0280f2b','b0947f69-f401-42b0-93d6-951dab5c6e84','18f2bada-2f3c-419e-921c-0fac96324e41'),('2eb8add3-681c-458d-aa8b-9833ee22dc8f',3,7,'b1258ee1-fd42-4100-8dbe-911669dee69b','991e0ee3-c5fa-4cc5-943b-4de3e6ed8505','bcdc66af-d20f-42e0-8bc2-21fee1c7ec26'),('2f04eecf-d75c-4f81-8442-e6e98c5db775',2,NULL,'8fa9c10a-9a9a-4c75-bdd7-cc95d9591850','c9924d51-69e4-4ad8-8d2c-491f5b039fbb','7c847407-d519-479c-99bd-b57d01a98670'),('332a2883-72ac-4dba-b3cc-94fdb0e047be',2,7,'8ad26608-ed95-4b9e-ab80-e8b2b1a5ed11','e673e082-7e12-4358-bbc4-3960b1bba40e','bcdc66af-d20f-42e0-8bc2-21fee1c7ec26'),('3ac05b7d-5206-45a7-9838-f5c324fa17cb',1,7,'12dd34eb-c08f-4f88-8bbf-894e5ca5595c','e673e082-7e12-4358-bbc4-3960b1bba40e','7dc39f94-11cf-46fa-b7fb-6c18b2df12ab'),('40d66199-c4b0-4801-b781-2fb14522c371',3,12,'0d79e631-f0fa-4f96-9b4b-0c6567c41403','11e45865-09b3-4c32-aafe-18caaaed35cb','31c2bb6a-1161-4981-98ef-ca9d4cc302c6'),('4186f147-77cc-4218-ae51-b3abec9ec2b9',1,7,'839b690f-adcf-4901-92d1-1e87ea6393cc','991e0ee3-c5fa-4cc5-943b-4de3e6ed8505','18f2bada-2f3c-419e-921c-0fac96324e41'),('4820542b-6dd0-4593-9817-77ef1aa057dd',1,7,'6408be34-d9f2-45ff-81cf-9c9f97ff16b1','d0eb425a-682f-4bd4-807e-82d064ad9364','7d5d6490-bb57-4a6d-a268-92c6d0fc6d43'),('4821a916-050c-4067-84bd-04eacbb868f3',2,NULL,'e527deb5-3666-4385-a3ef-f3ae959e20ea','11e45865-09b3-4c32-aafe-18caaaed35cb','494925c2-0147-4381-9b5d-eb1b15622f73'),('49f1e0df-8aba-43c8-81a8-b7a4995d71b0',3,9,'ce3adffa-6113-48f4-baa2-ade8b4f312bf','1a6d0aaa-0ea6-486f-9ba8-da981fddbc1a','f73a2cf1-38a2-4ae6-b4d5-ea3c68f10db5'),('4a6aa2e0-0d93-450b-b943-092fd05d5647',1,7,'c1c7dc9b-4223-4172-a82f-1fe434305cf8','5e4ac305-c8f7-4b83-bc4e-4b9efea1deb3','f73a2cf1-38a2-4ae6-b4d5-ea3c68f10db5'),('4f74686d-a5d1-4691-84aa-1dabbdbe100e',4,7,'0e3d0f63-83bc-45d6-9a1f-4a16cb97eeed','e673e082-7e12-4358-bbc4-3960b1bba40e','77b48305-eb0e-4fbb-bf35-db3a086dfac2'),('52e12f1c-670c-45ce-92ab-a0fc68a236d8',2,7,'4872bbe1-39b7-4b48-b983-bf06f56c660c','815f4404-cebc-4885-9222-6d1d4784f8c2','7c847407-d519-479c-99bd-b57d01a98670'),('5450c3c3-ee63-4cbd-8c4e-fec3a48849d9',2,NULL,'b3d362cf-bf31-4826-8056-adfec5fac8a4','3287a41e-23ee-46ae-822d-eb4cc35f8753','f73a2cf1-38a2-4ae6-b4d5-ea3c68f10db5'),('551171e1-d4fb-470d-bba2-6e8b98a55485',2,8,'42b3d0e1-81a1-4143-945a-762f24bfeeda','07fe3853-8261-4f31-8a4c-b776c6840a61','494925c2-0147-4381-9b5d-eb1b15622f73'),('5b4fdde9-dcef-418f-a4ea-03d6b9fe2815',4,11,'4d8f2865-164f-42ce-bd0a-c0becd03b425','a49a4acb-d01a-443e-b957-3754dfc81694','f73a2cf1-38a2-4ae6-b4d5-ea3c68f10db5'),('5c2fe873-f597-4605-96c9-2c7a74aba89d',1,14,'15dec003-5456-43ea-a6da-cf981333f6a5','3287a41e-23ee-46ae-822d-eb4cc35f8753','bcdc66af-d20f-42e0-8bc2-21fee1c7ec26'),('5c871423-850b-4c54-9bc8-9e5da65b9150',3,7,'ca12ce09-d714-44dd-82c1-89dc2de5e9c1','8e074221-52f9-4ed7-99b7-1d30b111755b','bcdc66af-d20f-42e0-8bc2-21fee1c7ec26'),('5ddbea21-3ce7-4279-8b57-0472bae770d8',3,7,'6408be34-d9f2-45ff-81cf-9c9f97ff16b1','5e4ac305-c8f7-4b83-bc4e-4b9efea1deb3','7d5d6490-bb57-4a6d-a268-92c6d0fc6d43'),('67c1a4d5-fa1c-4b45-bcd2-d3c6a9ad13c7',4,10,'b3d362cf-bf31-4826-8056-adfec5fac8a4','c9924d51-69e4-4ad8-8d2c-491f5b039fbb','f73a2cf1-38a2-4ae6-b4d5-ea3c68f10db5'),('682915fa-7192-47ad-9d48-e5195f357580',3,8,'48991208-3f7e-4821-b37b-ed13839ce3a6','07fe3853-8261-4f31-8a4c-b776c6840a61','bcd17dd0-e430-40b5-954f-9a7289a8bac7'),('68e39b8d-637e-4939-b5bc-e06e6d519d87',1,8,'38265ce2-f73d-4d47-bac2-59dd855e3c06','4093f31c-6122-4f82-bd5d-40140ffc585b','be1d79dd-b907-4fcc-8ead-1bd50eb01571'),('68ecff1f-306e-4463-ae34-185abac24c32',3,NULL,'0bef737c-68ef-4f15-81e2-49d0477d7e13','a7149a37-0014-45fc-a81f-264c1ed93503','f73a2cf1-38a2-4ae6-b4d5-ea3c68f10db5'),('69ce6d56-a3bd-4b7f-b804-73ba2f625ea8',4,12,'48991208-3f7e-4821-b37b-ed13839ce3a6','11e45865-09b3-4c32-aafe-18caaaed35cb','bcd17dd0-e430-40b5-954f-9a7289a8bac7'),('6aeee813-b175-4998-8065-08ffca9d4870',4,9,'906b4c5d-123c-428b-a7e2-91c75f731d75','8f4cf8e7-0b0f-42a7-8f06-1eac617c423f','f73a2cf1-38a2-4ae6-b4d5-ea3c68f10db5'),('6c430cbf-4369-4560-a932-c6dca8a85f4f',4,12,'258758eb-a829-4b20-8939-3f6bf8593326','1a6d0aaa-0ea6-486f-9ba8-da981fddbc1a','494925c2-0147-4381-9b5d-eb1b15622f73'),('6e3f956f-4e82-4e3b-ac28-64b2dbdfc603',4,9,'8ad26608-ed95-4b9e-ab80-e8b2b1a5ed11','d0eb425a-682f-4bd4-807e-82d064ad9364','bcdc66af-d20f-42e0-8bc2-21fee1c7ec26'),('6f83d587-7e92-4acb-bcb6-616ced0907e8',2,NULL,'8eb54151-0939-43e5-a433-defea8048355','8f4cf8e7-0b0f-42a7-8f06-1eac617c423f','494925c2-0147-4381-9b5d-eb1b15622f73'),('704e81d7-1aa6-44d0-956f-4daafeef33e2',2,8,'ce3adffa-6113-48f4-baa2-ade8b4f312bf','4093f31c-6122-4f82-bd5d-40140ffc585b','f73a2cf1-38a2-4ae6-b4d5-ea3c68f10db5'),('706e8258-60d3-41b8-b4b8-43eafd6ba920',1,7,'8eb54151-0939-43e5-a433-defea8048355','8e074221-52f9-4ed7-99b7-1d30b111755b','494925c2-0147-4381-9b5d-eb1b15622f73'),('70a18ffd-9eae-43e8-8ceb-986d74bb4ae0',1,9,'69393a02-7e5c-499f-8005-108740dee92f','b0947f69-f401-42b0-93d6-951dab5c6e84','bcdc66af-d20f-42e0-8bc2-21fee1c7ec26'),('7307f2db-6864-499b-9af4-7ac468f5b5e0',2,NULL,'b008d2cb-fd63-4530-bab9-e4944bfae79f','fd0a1582-ef87-4a4c-9530-7dfa8f6237f5','18f2bada-2f3c-419e-921c-0fac96324e41'),('781b7365-007d-43df-a5ea-6a86c4d5c44f',1,8,'c1c7dc9b-4223-4172-a82f-1fe434305cf8','07fe3853-8261-4f31-8a4c-b776c6840a61','f73a2cf1-38a2-4ae6-b4d5-ea3c68f10db5'),('7dedb9c9-cd06-4d73-9935-86a017ef3e14',1,6,'238370d5-306e-4cde-a891-849b365ee683','cb62d32a-cbc8-41b2-8fa7-269198bd1e5a','bcdc66af-d20f-42e0-8bc2-21fee1c7ec26'),('81d28ecf-8146-446a-807c-944b1389852f',1,8,'932f1a05-cce0-4e50-92c8-b18cae892930','a7149a37-0014-45fc-a81f-264c1ed93503','bcd17dd0-e430-40b5-954f-9a7289a8bac7'),('826e5801-baf5-471f-a801-632977463e7c',2,7,'f52e8e9d-cb1e-45fe-bd4b-8f95dc217e6c','b0947f69-f401-42b0-93d6-951dab5c6e84','7c847407-d519-479c-99bd-b57d01a98670'),('850bb3c7-0f02-4d8b-86ba-118b4683ba46',1,10,'8ad26608-ed95-4b9e-ab80-e8b2b1a5ed11','11e45865-09b3-4c32-aafe-18caaaed35cb','bcdc66af-d20f-42e0-8bc2-21fee1c7ec26'),('8564b9a0-6759-4497-a87f-cb6a6836a633',2,NULL,'51f8ef38-c336-4c58-80de-4c12c5d7f925','2625085c-df07-47d6-b548-d5ba49c788f0','77b48305-eb0e-4fbb-bf35-db3a086dfac2'),('8652f649-7824-4892-a057-6f6be96c98f5',1,8,'1d60ad87-e35e-43b7-8885-21797d13f593','8f4cf8e7-0b0f-42a7-8f06-1eac617c423f','9f16663c-f653-471a-8bb3-b4eb26524b67'),('89dc3819-bcaf-45df-bd9f-0c1d5753b728',4,9,'0bef737c-68ef-4f15-81e2-49d0477d7e13','b0947f69-f401-42b0-93d6-951dab5c6e84','f73a2cf1-38a2-4ae6-b4d5-ea3c68f10db5'),('8aa514c7-0f6e-44f4-b389-56e3f01610cc',1,7,'25fa61be-722d-4a60-b7bc-d374310469ac','fd0a1582-ef87-4a4c-9530-7dfa8f6237f5','7c847407-d519-479c-99bd-b57d01a98670'),('8dc51bc8-560c-41fd-9fef-9cd71a30b02c',4,9,'8eb54151-0939-43e5-a433-defea8048355','a7149a37-0014-45fc-a81f-264c1ed93503','494925c2-0147-4381-9b5d-eb1b15622f73'),('97948a6f-9a94-47d2-acf4-ef58dd57a740',3,13,'8ad26608-ed95-4b9e-ab80-e8b2b1a5ed11','8f4cf8e7-0b0f-42a7-8f06-1eac617c423f','bcdc66af-d20f-42e0-8bc2-21fee1c7ec26'),('97c0721d-beb3-49c9-82ad-0137978068fe',2,NULL,'d166c651-2f14-4c54-a28d-bcb6990f8772','991e0ee3-c5fa-4cc5-943b-4de3e6ed8505','f73a2cf1-38a2-4ae6-b4d5-ea3c68f10db5'),('9d8a81dd-3d98-4a94-99f8-c244c412fabb',4,7,'59f538d7-3159-41bf-884a-49010663c67a','991e0ee3-c5fa-4cc5-943b-4de3e6ed8505','7c847407-d519-479c-99bd-b57d01a98670'),('9e38a4d6-18dd-4c1e-99e5-bffdf3f18a4f',2,6,'220d4a83-9cc0-418a-9b38-5f81de40edfb','cb62d32a-cbc8-41b2-8fa7-269198bd1e5a','494925c2-0147-4381-9b5d-eb1b15622f73'),('9f3a20c5-b9c9-416f-8c41-1cb566190c23',3,7,'55966c99-36e5-48a1-855c-227d114223b3','fd0a1582-ef87-4a4c-9530-7dfa8f6237f5','f73a2cf1-38a2-4ae6-b4d5-ea3c68f10db5'),('a0437659-f31c-43ce-8a3c-411f67df5f70',2,6,'f76b4c40-3f06-4638-8053-5f1d96517fe7','5e4ac305-c8f7-4b83-bc4e-4b9efea1deb3','bcdc66af-d20f-42e0-8bc2-21fee1c7ec26'),('a2f62743-3d7a-47e6-9d21-98378be8b86b',1,NULL,'96ab08e8-30b2-4252-afac-8192840aa7fa','1a6d0aaa-0ea6-486f-9ba8-da981fddbc1a','bcdc66af-d20f-42e0-8bc2-21fee1c7ec26'),('a8f4b135-c8c3-4566-a51b-3e5d3e148773',4,NULL,'77fc2f5f-4551-484c-9551-e493f4828747','6ed4c6d0-e01f-4f84-b32a-6083cc6e2ea6','bcdc66af-d20f-42e0-8bc2-21fee1c7ec26'),('ac5bd686-4d13-4001-a48f-e030c9deeb8f',3,NULL,'ce3adffa-6113-48f4-baa2-ade8b4f312bf','e673e082-7e12-4358-bbc4-3960b1bba40e','f73a2cf1-38a2-4ae6-b4d5-ea3c68f10db5'),('b0b40338-0d19-4e84-adc7-be71844c83a7',3,6,'64643a32-3b11-4d3c-9746-1f9d6edab87e','d0eb425a-682f-4bd4-807e-82d064ad9364','f73a2cf1-38a2-4ae6-b4d5-ea3c68f10db5'),('b77590bb-f67c-46eb-b58e-e4440efa1e3f',2,8,'022b0928-6531-438b-9168-d0b7ab96dfa1','27ff2a95-6669-4d26-a0c2-82c6afcd8227','77b48305-eb0e-4fbb-bf35-db3a086dfac2'),('be9fa25c-72f5-4169-bafd-87802b6a98ef',3,8,'69393a02-7e5c-499f-8005-108740dee92f','4093f31c-6122-4f82-bd5d-40140ffc585b','bcdc66af-d20f-42e0-8bc2-21fee1c7ec26'),('bf5aa053-2fb1-4e19-a508-43079c316a17',1,10,'a8155b8d-4ec4-403f-b6d0-08464fe9d51e','a49a4acb-d01a-443e-b957-3754dfc81694','494925c2-0147-4381-9b5d-eb1b15622f73'),('c26f3ee8-ea62-4e73-879b-e8e6ce38040b',4,6,'786adef8-fff7-441c-a4de-6eab07fdacd7','cb62d32a-cbc8-41b2-8fa7-269198bd1e5a','bcd17dd0-e430-40b5-954f-9a7289a8bac7'),('c4d3fcb3-2302-4d62-9394-65385b2763b3',3,10,'49f2b076-a321-4123-92b5-ab2e81a5f451','c9924d51-69e4-4ad8-8d2c-491f5b039fbb','18f2bada-2f3c-419e-921c-0fac96324e41'),('cee9b6f9-ca36-469d-9613-ba47034ad9d4',4,NULL,'8ad26608-ed95-4b9e-ab80-e8b2b1a5ed11','07fe3853-8261-4f31-8a4c-b776c6840a61','bcdc66af-d20f-42e0-8bc2-21fee1c7ec26'),('d47737fb-1ab5-41c6-b6a0-dd77b0cf3044',4,NULL,'a674ee22-1596-49c1-b951-779db6510c1e','8e074221-52f9-4ed7-99b7-1d30b111755b','f73a2cf1-38a2-4ae6-b4d5-ea3c68f10db5'),('df90999a-3e2f-4ff2-8caf-5fa59f61bda4',3,NULL,'07e23f42-63ec-4c82-9ecf-4cf07ce8c901','cb62d32a-cbc8-41b2-8fa7-269198bd1e5a','31c2bb6a-1161-4981-98ef-ca9d4cc302c6'),('e49ff521-40fa-40ae-9e2d-06eb56bdf256',3,6,'537f76f8-21e7-41d4-a735-529c68c47992','2625085c-df07-47d6-b548-d5ba49c788f0','7dc39f94-11cf-46fa-b7fb-6c18b2df12ab'),('e87eac3f-b226-4ba9-b88c-e2928d865193',1,6,'b3d362cf-bf31-4826-8056-adfec5fac8a4','6ed4c6d0-e01f-4f84-b32a-6083cc6e2ea6','f73a2cf1-38a2-4ae6-b4d5-ea3c68f10db5'),('e8a62c93-a2f7-4fee-b21d-fdc340adec17',2,6,'f00886fd-4b70-49cc-ae8c-559771faa840','6ed4c6d0-e01f-4f84-b32a-6083cc6e2ea6','77b48305-eb0e-4fbb-bf35-db3a086dfac2'),('efcf2fe5-92ae-486b-a20c-f6de63b633ba',4,NULL,'f76b4c40-3f06-4638-8053-5f1d96517fe7','27ff2a95-6669-4d26-a0c2-82c6afcd8227','bcdc66af-d20f-42e0-8bc2-21fee1c7ec26'),('f0c05367-4874-42b1-95e4-fec0c13ff7a6',1,10,'8ad26608-ed95-4b9e-ab80-e8b2b1a5ed11','c9924d51-69e4-4ad8-8d2c-491f5b039fbb','bcdc66af-d20f-42e0-8bc2-21fee1c7ec26'),('f76af721-ff8f-443a-b509-f05c73291248',3,7,'eba29714-2b90-46df-bedb-03208008e068','815f4404-cebc-4885-9222-6d1d4784f8c2','18f2bada-2f3c-419e-921c-0fac96324e41'),('f816e74f-0e71-4526-ba87-cf6c274e1c4c',2,7,'41665427-53e9-41ee-a2be-cda514279e64','8e074221-52f9-4ed7-99b7-1d30b111755b','bcd17dd0-e430-40b5-954f-9a7289a8bac7');
/*!40000 ALTER TABLE `seats` ENABLE KEYS */;
UNLOCK TABLES;
/*!40103 SET TIME_ZONE=@OLD_TIME_ZONE */;

/*!40101 SET SQL_MODE=@OLD_SQL_MODE */;
/*!40014 SET FOREIGN_KEY_CHECKS=@OLD_FOREIGN_KEY_CHECKS */;
/*!40014 SET UNIQUE_CHECKS=@OLD_UNIQUE_CHECKS */;
/*!40101 SET CHARACTER_SET_CLIENT=@OLD_CHARACTER_SET_CLIENT */;
/*!40101 SET CHARACTER_SET_RESULTS=@OLD_CHARACTER_SET_RESULTS */;
/*!40101 SET COLLATION_CONNECTION=@OLD_COLLATION_CONNECTION */;
/*!40111 SET SQL_NOTES=@OLD_SQL_NOTES */;

-- Dump completed on 2025-06-24  1:39:42
